claim_id,test_id,level,statistic,original_k,original_N,eligible_k,eligible_N,eligible_distinct_k,eligible_distinct_N,global_k,global_N,excluded_breakdown,recompute_kind,source_original,source_new,note
P2K_C:ala:responds,P2K_C,ala,responds,55,102,25,37,23,35,12,15,X-BOOKKEEP:21;X-NOINPUT:29,reaggregation,results/P2K/blindness_map.csv,tables/audit/A3_applicability.csv,original = every metric with a testable cell; eligible = status OK in A3
P2K_C:ala:specific,P2K_C,ala,specific,11,102,10,37,8,35,1,15,X-BOOKKEEP:21;X-NOINPUT:29,reaggregation,results/P2K/blindness_map.csv,tables/audit/A3_applicability.csv,original = every metric with a testable cell; eligible = status OK in A3
P2K_C:gly:responds,P2K_C,gly,responds,58,98,25,34,23,32,15,15,X-BOOKKEEP:20;X-NOINPUT:29,reaggregation,results/P2K/blindness_map.csv,tables/audit/A3_applicability.csv,original = every metric with a testable cell; eligible = status OK in A3
P2K_C:gly:specific,P2K_C,gly,specific,11,98,10,34,8,32,1,15,X-BOOKKEEP:20;X-NOINPUT:29,reaggregation,results/P2K/blindness_map.csv,tables/audit/A3_applicability.csv,original = every metric with a testable cell; eligible = status OK in A3
P2K_C:isosteric:responds,P2K_C,isosteric,responds,53,102,28,37,26,35,13,15,X-BOOKKEEP:21;X-NOINPUT:29,reaggregation,results/P2K/blindness_map.csv,tables/audit/A3_applicability.csv,original = every metric with a testable cell; eligible = status OK in A3
P2K_C:isosteric:specific,P2K_C,isosteric,specific,0,102,0,37,0,35,0,15,X-BOOKKEEP:21;X-NOINPUT:29,reaggregation,results/P2K/blindness_map.csv,tables/audit/A3_applicability.csv,original = every metric with a testable cell; eligible = status OK in A3
P2K_C:non_isosteric:responds,P2K_C,non_isosteric,responds,57,102,29,37,27,35,13,15,X-BOOKKEEP:21;X-NOINPUT:29,reaggregation,results/P2K/blindness_map.csv,tables/audit/A3_applicability.csv,original = every metric with a testable cell; eligible = status OK in A3
P2K_C:non_isosteric:specific,P2K_C,non_isosteric,specific,6,102,6,37,6,35,0,15,X-BOOKKEEP:21;X-NOINPUT:29,reaggregation,results/P2K/blindness_map.csv,tables/audit/A3_applicability.csv,original = every metric with a testable cell; eligible = status OK in A3
P1_C:ala:responds,P1_C,ala,responds,43,97,18,29,16,27,13,15,X-BOOKKEEP:21;X-NOINPUT:29;X-UNDEF-COV:3,reaggregation,results/P1/blindness_map.csv,tables/audit/A3_applicability.csv,original = every metric with a testable cell; eligible = status OK in A3
P1_C:ala:specific,P1_C,ala,specific,0,97,0,29,0,27,0,15,X-BOOKKEEP:21;X-NOINPUT:29;X-UNDEF-COV:3,reaggregation,results/P1/blindness_map.csv,tables/audit/A3_applicability.csv,original = every metric with a testable cell; eligible = status OK in A3
P1_C:gly:responds,P1_C,gly,responds,43,92,19,26,17,24,13,15,X-BOOKKEEP:20;X-NOINPUT:29;X-UNDEF-COV:2,reaggregation,results/P1/blindness_map.csv,tables/audit/A3_applicability.csv,original = every metric with a testable cell; eligible = status OK in A3
P1_C:gly:specific,P1_C,gly,specific,1,92,0,26,0,24,0,15,X-BOOKKEEP:20;X-NOINPUT:29;X-UNDEF-COV:2,reaggregation,results/P1/blindness_map.csv,tables/audit/A3_applicability.csv,original = every metric with a testable cell; eligible = status OK in A3
P1_C:isosteric:responds,P1_C,isosteric,responds,32,105,14,29,13,27,8,15,X-BOOKKEEP:21;X-NOINPUT:29;X-UNDEF-COV:11,reaggregation,results/P1/blindness_map.csv,tables/audit/A3_applicability.csv,original = every metric with a testable cell; eligible = status OK in A3
P1_C:isosteric:specific,P1_C,isosteric,specific,0,105,0,29,0,27,0,15,X-BOOKKEEP:21;X-NOINPUT:29;X-UNDEF-COV:11,reaggregation,results/P1/blindness_map.csv,tables/audit/A3_applicability.csv,original = every metric with a testable cell; eligible = status OK in A3
P1_C:non_isosteric:responds,P1_C,non_isosteric,responds,40,103,16,29,14,27,11,15,X-BOOKKEEP:21;X-NOINPUT:29;X-UNDEF-COV:9,reaggregation,results/P1/blindness_map.csv,tables/audit/A3_applicability.csv,original = every metric with a testable cell; eligible = status OK in A3
P1_C:non_isosteric:specific,P1_C,non_isosteric,specific,0,103,0,29,0,27,0,15,X-BOOKKEEP:21;X-NOINPUT:29;X-UNDEF-COV:9,reaggregation,results/P1/blindness_map.csv,tables/audit/A3_applicability.csv,original = every metric with a testable cell; eligible = status OK in A3
P2_C:ala:responds,P2_C,ala,responds,55,102,25,37,23,35,12,15,X-BOOKKEEP:21;X-NOINPUT:29,reaggregation,results/P2/blindness_map.csv,tables/audit/A3_applicability.csv,original = every metric with a testable cell; eligible = status OK in A3
P2_C:ala:specific,P2_C,ala,specific,11,102,10,37,8,35,1,15,X-BOOKKEEP:21;X-NOINPUT:29,reaggregation,results/P2/blindness_map.csv,tables/audit/A3_applicability.csv,original = every metric with a testable cell; eligible = status OK in A3
P2_C:gly:responds,P2_C,gly,responds,58,98,25,34,23,32,15,15,X-BOOKKEEP:20;X-NOINPUT:29,reaggregation,results/P2/blindness_map.csv,tables/audit/A3_applicability.csv,original = every metric with a testable cell; eligible = status OK in A3
P2_C:gly:specific,P2_C,gly,specific,9,98,7,34,6,32,2,15,X-BOOKKEEP:20;X-NOINPUT:29,reaggregation,results/P2/blindness_map.csv,tables/audit/A3_applicability.csv,original = every metric with a testable cell; eligible = status OK in A3
P2_C:isosteric:responds,P2_C,isosteric,responds,53,102,28,37,26,35,13,15,X-BOOKKEEP:21;X-NOINPUT:29,reaggregation,results/P2/blindness_map.csv,tables/audit/A3_applicability.csv,original = every metric with a testable cell; eligible = status OK in A3
P2_C:isosteric:specific,P2_C,isosteric,specific,0,102,0,37,0,35,0,15,X-BOOKKEEP:21;X-NOINPUT:29,reaggregation,results/P2/blindness_map.csv,tables/audit/A3_applicability.csv,original = every metric with a testable cell; eligible = status OK in A3
P2_C:non_isosteric:responds,P2_C,non_isosteric,responds,57,102,29,37,27,35,13,15,X-BOOKKEEP:21;X-NOINPUT:29,reaggregation,results/P2/blindness_map.csv,tables/audit/A3_applicability.csv,original = every metric with a testable cell; eligible = status OK in A3
P2_C:non_isosteric:specific,P2_C,non_isosteric,specific,3,102,3,37,3,35,0,15,X-BOOKKEEP:21;X-NOINPUT:29,reaggregation,results/P2/blindness_map.csv,tables/audit/A3_applicability.csv,original = every metric with a testable cell; eligible = status OK in A3
P2S_C:ala:responds,P2S_C,ala,responds,51,100,25,29,23,27,14,15,X-BOOKKEEP:21;X-NOINPUT:29;X-UNDEF-COV:6,reaggregation,results/P2S/blindness_map.csv,tables/audit/A3_applicability.csv,original = every metric with a testable cell; eligible = status OK in A3
P2S_C:ala:specific,P2S_C,ala,specific,3,100,2,29,2,27,1,15,X-BOOKKEEP:21;X-NOINPUT:29;X-UNDEF-COV:6,reaggregation,results/P2S/blindness_map.csv,tables/audit/A3_applicability.csv,original = every metric with a testable cell; eligible = status OK in A3
P2S_C:gly:responds,P2S_C,gly,responds,49,96,22,26,20,24,15,15,X-BOOKKEEP:20;X-NOINPUT:29;X-UNDEF-COV:6,reaggregation,results/P2S/blindness_map.csv,tables/audit/A3_applicability.csv,original = every metric with a testable cell; eligible = status OK in A3
P2S_C:gly:specific,P2S_C,gly,specific,0,96,0,26,0,24,0,15,X-BOOKKEEP:20;X-NOINPUT:29;X-UNDEF-COV:6,reaggregation,results/P2S/blindness_map.csv,tables/audit/A3_applicability.csv,original = every metric with a testable cell; eligible = status OK in A3
P2S_C:isosteric:responds,P2S_C,isosteric,responds,43,102,20,29,18,27,12,15,X-BOOKKEEP:21;X-NOINPUT:29;X-UNDEF-COV:8,reaggregation,results/P2S/blindness_map.csv,tables/audit/A3_applicability.csv,original = every metric with a testable cell; eligible = status OK in A3
P2S_C:isosteric:specific,P2S_C,isosteric,specific,0,102,0,29,0,27,0,15,X-BOOKKEEP:21;X-NOINPUT:29;X-UNDEF-COV:8,reaggregation,results/P2S/blindness_map.csv,tables/audit/A3_applicability.csv,original = every metric with a testable cell; eligible = status OK in A3
P2S_C:non_isosteric:responds,P2S_C,non_isosteric,responds,50,102,22,29,20,27,13,15,X-BOOKKEEP:21;X-NOINPUT:29;X-UNDEF-COV:8,reaggregation,results/P2S/blindness_map.csv,tables/audit/A3_applicability.csv,original = every metric with a testable cell; eligible = status OK in A3
P2S_C:non_isosteric:specific,P2S_C,non_isosteric,specific,0,102,0,29,0,27,0,15,X-BOOKKEEP:21;X-NOINPUT:29;X-UNDEF-COV:8,reaggregation,results/P2S/blindness_map.csv,tables/audit/A3_applicability.csv,original = every metric with a testable cell; eligible = status OK in A3
P3V2_C:ala:responds,P3V2_C,ala,responds,41,94,21,29,19,27,9,15,X-BOOKKEEP:21;X-NOINPUT:29,reaggregation,results/P3v2/blindness_map.csv,tables/audit/A3_applicability.csv,original = every metric with a testable cell; eligible = status OK in A3
P3V2_C:ala:specific,P3V2_C,ala,specific,6,94,4,29,4,27,2,15,X-BOOKKEEP:21;X-NOINPUT:29,reaggregation,results/P3v2/blindness_map.csv,tables/audit/A3_applicability.csv,original = every metric with a testable cell; eligible = status OK in A3
P3V2_C:gly:responds,P3V2_C,gly,responds,45,90,22,26,20,24,12,15,X-BOOKKEEP:20;X-NOINPUT:29,reaggregation,results/P3v2/blindness_map.csv,tables/audit/A3_applicability.csv,original = every metric with a testable cell; eligible = status OK in A3
P3V2_C:gly:specific,P3V2_C,gly,specific,6,90,4,26,4,24,2,15,X-BOOKKEEP:20;X-NOINPUT:29,reaggregation,results/P3v2/blindness_map.csv,tables/audit/A3_applicability.csv,original = every metric with a testable cell; eligible = status OK in A3
P3V2_C:isosteric:responds,P3V2_C,isosteric,responds,43,94,21,29,20,27,11,15,X-BOOKKEEP:21;X-NOINPUT:29,reaggregation,results/P3v2/blindness_map.csv,tables/audit/A3_applicability.csv,original = every metric with a testable cell; eligible = status OK in A3
P3V2_C:isosteric:specific,P3V2_C,isosteric,specific,10,94,9,29,9,27,1,15,X-BOOKKEEP:21;X-NOINPUT:29,reaggregation,results/P3v2/blindness_map.csv,tables/audit/A3_applicability.csv,original = every metric with a testable cell; eligible = status OK in A3
P3V2_C:non_isosteric:responds,P3V2_C,non_isosteric,responds,47,94,24,29,22,27,11,15,X-BOOKKEEP:21;X-NOINPUT:29,reaggregation,results/P3v2/blindness_map.csv,tables/audit/A3_applicability.csv,original = every metric with a testable cell; eligible = status OK in A3
P3V2_C:non_isosteric:specific,P3V2_C,non_isosteric,specific,3,94,3,29,3,27,0,15,X-BOOKKEEP:21;X-NOINPUT:29,reaggregation,results/P3v2/blindness_map.csv,tables/audit/A3_applicability.csv,original = every metric with a testable cell; eligible = status OK in A3
P2KE_E:second_shell_1:responds,P2KE_E,second_shell_1,responds,14,106,0,37,0,35,11,15,X-BOOKKEEP:21;X-NOINPUT:29;X-UNDEF-COV:4,reaggregation,results/P2KE/blindness_map.csv,tables/audit/A3_applicability.csv,original = every metric with a testable cell; eligible = status OK in A3
P2KE_E:second_shell_1:specific,P2KE_E,second_shell_1,specific,1,106,0,37,0,35,1,15,X-BOOKKEEP:21;X-NOINPUT:29;X-UNDEF-COV:4,reaggregation,results/P2KE/blindness_map.csv,tables/audit/A3_applicability.csv,original = every metric with a testable cell; eligible = status OK in A3
P2KE_E:second_shell_2:responds,P2KE_E,second_shell_2,responds,16,106,0,37,0,35,11,15,X-BOOKKEEP:21;X-NOINPUT:29;X-UNDEF-COV:4,reaggregation,results/P2KE/blindness_map.csv,tables/audit/A3_applicability.csv,original = every metric with a testable cell; eligible = status OK in A3
P2KE_E:second_shell_2:specific,P2KE_E,second_shell_2,specific,3,106,0,37,0,35,3,15,X-BOOKKEEP:21;X-NOINPUT:29;X-UNDEF-COV:4,reaggregation,results/P2KE/blindness_map.csv,tables/audit/A3_applicability.csv,original = every metric with a testable cell; eligible = status OK in A3
P2KE_E:second_shell_4:responds,P2KE_E,second_shell_4,responds,18,106,2,37,2,35,11,15,X-BOOKKEEP:21;X-NOINPUT:29;X-UNDEF-COV:4,reaggregation,results/P2KE/blindness_map.csv,tables/audit/A3_applicability.csv,original = every metric with a testable cell; eligible = status OK in A3
P2KE_E:second_shell_4:specific,P2KE_E,second_shell_4,specific,2,106,0,37,0,35,2,15,X-BOOKKEEP:21;X-NOINPUT:29;X-UNDEF-COV:4,reaggregation,results/P2KE/blindness_map.csv,tables/audit/A3_applicability.csv,original = every metric with a testable cell; eligible = status OK in A3
P2S_E:second_shell_1:responds,P2S_E,second_shell_1,responds,12,106,0,35,0,33,10,15,X-BOOKKEEP:21;X-NOINPUT:29;X-UNDEF-COV:6,reaggregation,results/P2S/blindness_map.csv,tables/audit/A3_applicability.csv,original = every metric with a testable cell; eligible = status OK in A3
P2S_E:second_shell_1:specific,P2S_E,second_shell_1,specific,0,106,0,35,0,33,0,15,X-BOOKKEEP:21;X-NOINPUT:29;X-UNDEF-COV:6,reaggregation,results/P2S/blindness_map.csv,tables/audit/A3_applicability.csv,original = every metric with a testable cell; eligible = status OK in A3
P2S_E:second_shell_2:responds,P2S_E,second_shell_2,responds,16,106,1,35,1,33,10,15,X-BOOKKEEP:21;X-NOINPUT:29;X-UNDEF-COV:6,reaggregation,results/P2S/blindness_map.csv,tables/audit/A3_applicability.csv,original = every metric with a testable cell; eligible = status OK in A3
P2S_E:second_shell_2:specific,P2S_E,second_shell_2,specific,0,106,0,35,0,33,0,15,X-BOOKKEEP:21;X-NOINPUT:29;X-UNDEF-COV:6,reaggregation,results/P2S/blindness_map.csv,tables/audit/A3_applicability.csv,original = every metric with a testable cell; eligible = status OK in A3
P2S_E:second_shell_4:responds,P2S_E,second_shell_4,responds,15,106,0,35,0,33,10,15,X-BOOKKEEP:21;X-NOINPUT:29;X-UNDEF-COV:6,reaggregation,results/P2S/blindness_map.csv,tables/audit/A3_applicability.csv,original = every metric with a testable cell; eligible = status OK in A3
P2S_E:second_shell_4:specific,P2S_E,second_shell_4,specific,0,106,0,35,0,33,0,15,X-BOOKKEEP:21;X-NOINPUT:29;X-UNDEF-COV:6,reaggregation,results/P2S/blindness_map.csv,tables/audit/A3_applicability.csv,original = every metric with a testable cell; eligible = status OK in A3
P3V2_E:second_shell_1:responds,P3V2_E,second_shell_1,responds,9,102,0,0,0,0,0,0,X-BOOKKEEP:21;X-NOCTRL:52;X-NOINPUT:29,reaggregation,results/P3v2/blindness_map.csv,tables/audit/A3_applicability.csv,original = every metric with a testable cell; eligible = status OK in A3
P3V2_E:second_shell_1:specific,P3V2_E,second_shell_1,specific,0,102,0,0,0,0,0,0,X-BOOKKEEP:21;X-NOCTRL:52;X-NOINPUT:29,reaggregation,results/P3v2/blindness_map.csv,tables/audit/A3_applicability.csv,original = every metric with a testable cell; eligible = status OK in A3
P3V2_E:second_shell_2:responds,P3V2_E,second_shell_2,responds,12,102,0,0,0,0,0,0,X-BOOKKEEP:21;X-NOCTRL:52;X-NOINPUT:29,reaggregation,results/P3v2/blindness_map.csv,tables/audit/A3_applicability.csv,original = every metric with a testable cell; eligible = status OK in A3
P3V2_E:second_shell_2:specific,P3V2_E,second_shell_2,specific,0,102,0,0,0,0,0,0,X-BOOKKEEP:21;X-NOCTRL:52;X-NOINPUT:29,reaggregation,results/P3v2/blindness_map.csv,tables/audit/A3_applicability.csv,original = every metric with a testable cell; eligible = status OK in A3
P3V2_E:second_shell_4:responds,P3V2_E,second_shell_4,responds,12,102,0,0,0,0,0,0,X-BOOKKEEP:21;X-NOCTRL:52;X-NOINPUT:29,reaggregation,results/P3v2/blindness_map.csv,tables/audit/A3_applicability.csv,original = every metric with a testable cell; eligible = status OK in A3
P3V2_E:second_shell_4:specific,P3V2_E,second_shell_4,specific,0,102,0,0,0,0,0,0,X-BOOKKEEP:21;X-NOCTRL:52;X-NOINPUT:29,reaggregation,results/P3v2/blindness_map.csv,tables/audit/A3_applicability.csv,original = every metric with a testable cell; eligible = status OK in A3
