claim_type,unit,n_units,n_clusters,cluster_def,k,N,k_of_N,denominator_def,headline_ok,status,licence_flag,detection_group,rank_in_group,rank,item,metric,role,mode,family,n_steps_counted,r_isosteric,r_non_isosteric,r_ala,r_gly,r_mean,r_ci_lo,r_ci_hi,above_best_of_m_threshold,r_distance_matched,r_matched_ci_lo,r_matched_ci_hi,n_pairs_matched,n_systems_matched,first_step_specific,note
specificity,catalytic/control pair,286,59,system (the 59 natural enzymes of the substrate-swap set),,,,"one metric for the catalytic lesion; 35 items (main-set metrics, reference rows) grouped by the lesion at which the metric is first detected and ranked by R within the group; 33 have a step at which the control response is above the metric's noise",1,complete,public,isosteric,1,1,Per-chain pTM minimum (Chai-1),chai_per_chain_ptm_min_mean,main,prediction-based,Interface confidence,4,0.8087,0.7258,0.7541,0.7209,0.7524,0.6768,0.8238,1,0.5882,0.4242,0.7627,68,21,,"detection_group = the smallest lesion step at which the metric responds (95% interval of its median change excludes zero; structure-space: response analysis of the 143 main enzymes; prediction-based: natural pairs, bootstrap over systems), 'never' if none of the four; rows are grouped by it in the order of the ladder and ranked by mean R within the group; a metric with no step at which the control response is above its noise has no mean R and closes its group; first_step_specific = the smallest step at which it is specific under the specificity rule (structure-space only; the predictor's rule is pooled and matched on distance); R = probability that the metric changes more at the catalytic lesion than at the matched control (ties one half; units where neither arm moves are dropped; 0.5 = no specificity); mean over the steps counted; structure-space cells count only where the response analysis of the main enzymes marks the metric as responding with a control response above its noise, the prediction-based cells all count; 95% interval resamples clusters; best-of-33 threshold from 5000 within-unit label swaps: median 0.566, 95th percentile 0.62; the distance-matched R pools the four steps over the 68 to 69 pairs of the distance-matched subset (prediction-based only); the 8 supplementary comparators are in S29"
specificity,enzyme,195,85,EC sub-subclass (stated proxy for superfamily); the bootstrap resamples sub-subclasses,,,,"one metric for the catalytic lesion; 35 items (main-set metrics, reference rows) grouped by the lesion at which the metric is first detected and ranked by R within the group; 33 have a step at which the control response is above the metric's noise",1,complete,public,isosteric,2,2,"pKa, range (PROPKA)",propka_catalytic_pka_range,main,structure-space,Catalytic pKa,2,0.6957,0.6711,,,0.6834,0.5759,0.7806,1,,,,,,never,"detection_group = the smallest lesion step at which the metric responds (95% interval of its median change excludes zero; structure-space: response analysis of the 143 main enzymes; prediction-based: natural pairs, bootstrap over systems), 'never' if none of the four; rows are grouped by it in the order of the ladder and ranked by mean R within the group; a metric with no step at which the control response is above its noise has no mean R and closes its group; first_step_specific = the smallest step at which it is specific under the specificity rule (structure-space only; the predictor's rule is pooled and matched on distance); R = probability that the metric changes more at the catalytic lesion than at the matched control (ties one half; units where neither arm moves are dropped; 0.5 = no specificity); mean over the steps counted; structure-space cells count only where the response analysis of the main enzymes marks the metric as responding with a control response above its noise, the prediction-based cells all count; 95% interval resamples clusters; best-of-33 threshold from 5000 within-unit label swaps: median 0.566, 95th percentile 0.62; the distance-matched R pools the four steps over the 68 to 69 pairs of the distance-matched subset (prediction-based only); the 8 supplementary comparators are in S29"
specificity,catalytic/control pair,286,59,system (the 59 natural enzymes of the substrate-swap set),,,,"one metric for the catalytic lesion; 35 items (main-set metrics, reference rows) grouped by the lesion at which the metric is first detected and ranked by R within the group; 33 have a step at which the control response is above the metric's noise",1,complete,public,isosteric,3,3,ipTM (Chai-1),chai_iptm_mean,main,prediction-based,Interface confidence,4,0.713,0.7097,0.6885,0.5814,0.6732,0.5991,0.7463,1,0.3529,0.2361,0.5,68,21,,"detection_group = the smallest lesion step at which the metric responds (95% interval of its median change excludes zero; structure-space: response analysis of the 143 main enzymes; prediction-based: natural pairs, bootstrap over systems), 'never' if none of the four; rows are grouped by it in the order of the ladder and ranked by mean R within the group; a metric with no step at which the control response is above its noise has no mean R and closes its group; first_step_specific = the smallest step at which it is specific under the specificity rule (structure-space only; the predictor's rule is pooled and matched on distance); R = probability that the metric changes more at the catalytic lesion than at the matched control (ties one half; units where neither arm moves are dropped; 0.5 = no specificity); mean over the steps counted; structure-space cells count only where the response analysis of the main enzymes marks the metric as responding with a control response above its noise, the prediction-based cells all count; 95% interval resamples clusters; best-of-33 threshold from 5000 within-unit label swaps: median 0.566, 95th percentile 0.62; the distance-matched R pools the four steps over the 68 to 69 pairs of the distance-matched subset (prediction-based only); the 8 supplementary comparators are in S29"
specificity,enzyme,195,85,EC sub-subclass (stated proxy for superfamily); the bootstrap resamples sub-subclasses,,,,"one metric for the catalytic lesion; 35 items (main-set metrics, reference rows) grouped by the lesion at which the metric is first detected and ranked by R within the group; 33 have a step at which the control response is above the metric's noise",1,complete,public,isosteric,4,4,"Solvation (Rosetta, site)",rosetta_cat_fa_sol,main,structure-space,Rosetta energy (site-scoped),4,0.5933,0.7267,0.5986,0.619,0.6344,0.5656,0.7048,1,,,,,,non_isosteric,"detection_group = the smallest lesion step at which the metric responds (95% interval of its median change excludes zero; structure-space: response analysis of the 143 main enzymes; prediction-based: natural pairs, bootstrap over systems), 'never' if none of the four; rows are grouped by it in the order of the ladder and ranked by mean R within the group; a metric with no step at which the control response is above its noise has no mean R and closes its group; first_step_specific = the smallest step at which it is specific under the specificity rule (structure-space only; the predictor's rule is pooled and matched on distance); R = probability that the metric changes more at the catalytic lesion than at the matched control (ties one half; units where neither arm moves are dropped; 0.5 = no specificity); mean over the steps counted; structure-space cells count only where the response analysis of the main enzymes marks the metric as responding with a control response above its noise, the prediction-based cells all count; 95% interval resamples clusters; best-of-33 threshold from 5000 within-unit label swaps: median 0.566, 95th percentile 0.62; the distance-matched R pools the four steps over the 68 to 69 pairs of the distance-matched subset (prediction-based only); the 8 supplementary comparators are in S29"
specificity,enzyme,195,85,EC sub-subclass (stated proxy for superfamily); the bootstrap resamples sub-subclasses,,,,"one metric for the catalytic lesion; 35 items (main-set metrics, reference rows) grouped by the lesion at which the metric is first detected and ranked by R within the group; 33 have a step at which the control response is above the metric's noise",1,complete,public,isosteric,5,5,"Relative SASA, mean",catalytic_rel_sasa_mean,main,structure-space,Catalytic geometry (site-scoped),4,0.48,0.5533,0.7279,0.6939,0.6138,0.5622,0.6657,0,,,,,,non_isosteric,"detection_group = the smallest lesion step at which the metric responds (95% interval of its median change excludes zero; structure-space: response analysis of the 143 main enzymes; prediction-based: natural pairs, bootstrap over systems), 'never' if none of the four; rows are grouped by it in the order of the ladder and ranked by mean R within the group; a metric with no step at which the control response is above its noise has no mean R and closes its group; first_step_specific = the smallest step at which it is specific under the specificity rule (structure-space only; the predictor's rule is pooled and matched on distance); R = probability that the metric changes more at the catalytic lesion than at the matched control (ties one half; units where neither arm moves are dropped; 0.5 = no specificity); mean over the steps counted; structure-space cells count only where the response analysis of the main enzymes marks the metric as responding with a control response above its noise, the prediction-based cells all count; 95% interval resamples clusters; best-of-33 threshold from 5000 within-unit label swaps: median 0.566, 95th percentile 0.62; the distance-matched R pools the four steps over the 68 to 69 pairs of the distance-matched subset (prediction-based only); the 8 supplementary comparators are in S29"
specificity,enzyme,195,85,EC sub-subclass (stated proxy for superfamily); the bootstrap resamples sub-subclasses,,,,"one metric for the catalytic lesion; 35 items (main-set metrics, reference rows) grouped by the lesion at which the metric is first detected and ranked by R within the group; 33 have a step at which the control response is above the metric's noise",1,complete,public,isosteric,6,6,"pKa, min (PROPKA)",propka_catalytic_pka_min,main,structure-space,Catalytic pKa,2,0.5417,0.6709,,,0.6063,0.5294,0.6737,0,,,,,,never,"detection_group = the smallest lesion step at which the metric responds (95% interval of its median change excludes zero; structure-space: response analysis of the 143 main enzymes; prediction-based: natural pairs, bootstrap over systems), 'never' if none of the four; rows are grouped by it in the order of the ladder and ranked by mean R within the group; a metric with no step at which the control response is above its noise has no mean R and closes its group; first_step_specific = the smallest step at which it is specific under the specificity rule (structure-space only; the predictor's rule is pooled and matched on distance); R = probability that the metric changes more at the catalytic lesion than at the matched control (ties one half; units where neither arm moves are dropped; 0.5 = no specificity); mean over the steps counted; structure-space cells count only where the response analysis of the main enzymes marks the metric as responding with a control response above its noise, the prediction-based cells all count; 95% interval resamples clusters; best-of-33 threshold from 5000 within-unit label swaps: median 0.566, 95th percentile 0.62; the distance-matched R pools the four steps over the 68 to 69 pairs of the distance-matched subset (prediction-based only); the 8 supplementary comparators are in S29"
specificity,enzyme,195,85,EC sub-subclass (stated proxy for superfamily); the bootstrap resamples sub-subclasses,,,,"one metric for the catalytic lesion; 35 items (main-set metrics, reference rows) grouped by the lesion at which the metric is first detected and ranked by R within the group; 33 have a step at which the control response is above the metric's noise",1,complete,public,isosteric,7,7,"Repulsion (Rosetta, site)",rosetta_cat_fa_rep,main,structure-space,Rosetta energy (site-scoped),4,0.48,0.5467,0.6395,0.619,0.5713,0.5171,0.6232,0,,,,,,ala,"detection_group = the smallest lesion step at which the metric responds (95% interval of its median change excludes zero; structure-space: response analysis of the 143 main enzymes; prediction-based: natural pairs, bootstrap over systems), 'never' if none of the four; rows are grouped by it in the order of the ladder and ranked by mean R within the group; a metric with no step at which the control response is above its noise has no mean R and closes its group; first_step_specific = the smallest step at which it is specific under the specificity rule (structure-space only; the predictor's rule is pooled and matched on distance); R = probability that the metric changes more at the catalytic lesion than at the matched control (ties one half; units where neither arm moves are dropped; 0.5 = no specificity); mean over the steps counted; structure-space cells count only where the response analysis of the main enzymes marks the metric as responding with a control response above its noise, the prediction-based cells all count; 95% interval resamples clusters; best-of-33 threshold from 5000 within-unit label swaps: median 0.566, 95th percentile 0.62; the distance-matched R pools the four steps over the 68 to 69 pairs of the distance-matched subset (prediction-based only); the 8 supplementary comparators are in S29"
specificity,enzyme,195,85,EC sub-subclass (stated proxy for superfamily); the bootstrap resamples sub-subclasses,,,,"one metric for the catalytic lesion; 35 items (main-set metrics, reference rows) grouped by the lesion at which the metric is first detected and ranked by R within the group; 33 have a step at which the control response is above the metric's noise",1,complete,public,isosteric,8,8,"pKa shift, mean (PROPKA)",propka_catalytic_shift_mean,main,structure-space,Catalytic pKa,2,0.4583,0.6709,,,0.5646,0.4749,0.6582,0,,,,,,never,"detection_group = the smallest lesion step at which the metric responds (95% interval of its median change excludes zero; structure-space: response analysis of the 143 main enzymes; prediction-based: natural pairs, bootstrap over systems), 'never' if none of the four; rows are grouped by it in the order of the ladder and ranked by mean R within the group; a metric with no step at which the control response is above its noise has no mean R and closes its group; first_step_specific = the smallest step at which it is specific under the specificity rule (structure-space only; the predictor's rule is pooled and matched on distance); R = probability that the metric changes more at the catalytic lesion than at the matched control (ties one half; units where neither arm moves are dropped; 0.5 = no specificity); mean over the steps counted; structure-space cells count only where the response analysis of the main enzymes marks the metric as responding with a control response above its noise, the prediction-based cells all count; 95% interval resamples clusters; best-of-33 threshold from 5000 within-unit label swaps: median 0.566, 95th percentile 0.62; the distance-matched R pools the four steps over the 68 to 69 pairs of the distance-matched subset (prediction-based only); the 8 supplementary comparators are in S29"
baseline,catalytic/control pair,286,59,system (the 59 natural enzymes of the substrate-swap set),,,,"one metric for the catalytic lesion; 35 items (main-set metrics, reference rows) grouped by the lesion at which the metric is first detected and ranked by R within the group; 33 have a step at which the control response is above the metric's noise",0,complete,public,isosteric,9,9,pTM,chai_ptm_mean,reference,prediction-based,Reference row,4,0.6017,0.4762,0.5968,0.5814,0.564,0.487,0.6405,0,0.4493,0.3043,0.5965,69,22,,"detection_group = the smallest lesion step at which the metric responds (95% interval of its median change excludes zero; structure-space: response analysis of the 143 main enzymes; prediction-based: natural pairs, bootstrap over systems), 'never' if none of the four; rows are grouped by it in the order of the ladder and ranked by mean R within the group; a metric with no step at which the control response is above its noise has no mean R and closes its group; first_step_specific = the smallest step at which it is specific under the specificity rule (structure-space only; the predictor's rule is pooled and matched on distance); R = probability that the metric changes more at the catalytic lesion than at the matched control (ties one half; units where neither arm moves are dropped; 0.5 = no specificity); mean over the steps counted; structure-space cells count only where the response analysis of the main enzymes marks the metric as responding with a control response above its noise, the prediction-based cells all count; 95% interval resamples clusters; best-of-33 threshold from 5000 within-unit label swaps: median 0.566, 95th percentile 0.62; the distance-matched R pools the four steps over the 68 to 69 pairs of the distance-matched subset (prediction-based only); the 8 supplementary comparators are in S29"
specificity,enzyme,195,85,EC sub-subclass (stated proxy for superfamily); the bootstrap resamples sub-subclasses,,,,"one metric for the catalytic lesion; 35 items (main-set metrics, reference rows) grouped by the lesion at which the metric is first detected and ranked by R within the group; 33 have a step at which the control response is above the metric's noise",1,complete,public,isosteric,10,10,"Relative SASA, max",catalytic_rel_sasa_max,main,structure-space,Catalytic geometry (site-scoped),3,0.4933,0.5,0.5578,0.5479,0.533,0.4802,0.5881,0,,,,,,gly,"detection_group = the smallest lesion step at which the metric responds (95% interval of its median change excludes zero; structure-space: response analysis of the 143 main enzymes; prediction-based: natural pairs, bootstrap over systems), 'never' if none of the four; rows are grouped by it in the order of the ladder and ranked by mean R within the group; a metric with no step at which the control response is above its noise has no mean R and closes its group; first_step_specific = the smallest step at which it is specific under the specificity rule (structure-space only; the predictor's rule is pooled and matched on distance); R = probability that the metric changes more at the catalytic lesion than at the matched control (ties one half; units where neither arm moves are dropped; 0.5 = no specificity); mean over the steps counted; structure-space cells count only where the response analysis of the main enzymes marks the metric as responding with a control response above its noise, the prediction-based cells all count; 95% interval resamples clusters; best-of-33 threshold from 5000 within-unit label swaps: median 0.566, 95th percentile 0.62; the distance-matched R pools the four steps over the 68 to 69 pairs of the distance-matched subset (prediction-based only); the 8 supplementary comparators are in S29"
specificity,enzyme,195,85,EC sub-subclass (stated proxy for superfamily); the bootstrap resamples sub-subclasses,,,,"one metric for the catalytic lesion; 35 items (main-set metrics, reference rows) grouped by the lesion at which the metric is first detected and ranked by R within the group; 33 have a step at which the control response is above the metric's noise",1,complete,public,isosteric,11,11,"Attraction (Rosetta, site)",rosetta_cat_fa_atr,main,structure-space,Rosetta energy (site-scoped),4,0.5267,0.58,0.551,0.4626,0.5301,0.4648,0.5952,0,,,,,,ala,"detection_group = the smallest lesion step at which the metric responds (95% interval of its median change excludes zero; structure-space: response analysis of the 143 main enzymes; prediction-based: natural pairs, bootstrap over systems), 'never' if none of the four; rows are grouped by it in the order of the ladder and ranked by mean R within the group; a metric with no step at which the control response is above its noise has no mean R and closes its group; first_step_specific = the smallest step at which it is specific under the specificity rule (structure-space only; the predictor's rule is pooled and matched on distance); R = probability that the metric changes more at the catalytic lesion than at the matched control (ties one half; units where neither arm moves are dropped; 0.5 = no specificity); mean over the steps counted; structure-space cells count only where the response analysis of the main enzymes marks the metric as responding with a control response above its noise, the prediction-based cells all count; 95% interval resamples clusters; best-of-33 threshold from 5000 within-unit label swaps: median 0.566, 95th percentile 0.62; the distance-matched R pools the four steps over the 68 to 69 pairs of the distance-matched subset (prediction-based only); the 8 supplementary comparators are in S29"
baseline,catalytic/control pair,286,59,system (the 59 natural enzymes of the substrate-swap set),,,,"one metric for the catalytic lesion; 35 items (main-set metrics, reference rows) grouped by the lesion at which the metric is first detected and ranked by R within the group; 33 have a step at which the control response is above the metric's noise",0,complete,public,isosteric,12,12,pLDDT,chai_plddt_mean,reference,prediction-based,Reference row,4,0.6186,0.3651,0.5484,0.5814,0.5284,0.4569,0.5983,0,0.4928,0.3438,0.6333,69,22,,"detection_group = the smallest lesion step at which the metric responds (95% interval of its median change excludes zero; structure-space: response analysis of the 143 main enzymes; prediction-based: natural pairs, bootstrap over systems), 'never' if none of the four; rows are grouped by it in the order of the ladder and ranked by mean R within the group; a metric with no step at which the control response is above its noise has no mean R and closes its group; first_step_specific = the smallest step at which it is specific under the specificity rule (structure-space only; the predictor's rule is pooled and matched on distance); R = probability that the metric changes more at the catalytic lesion than at the matched control (ties one half; units where neither arm moves are dropped; 0.5 = no specificity); mean over the steps counted; structure-space cells count only where the response analysis of the main enzymes marks the metric as responding with a control response above its noise, the prediction-based cells all count; 95% interval resamples clusters; best-of-33 threshold from 5000 within-unit label swaps: median 0.566, 95th percentile 0.62; the distance-matched R pools the four steps over the 68 to 69 pairs of the distance-matched subset (prediction-based only); the 8 supplementary comparators are in S29"
specificity,enzyme,195,85,EC sub-subclass (stated proxy for superfamily); the bootstrap resamples sub-subclasses,,,,"one metric for the catalytic lesion; 35 items (main-set metrics, reference rows) grouped by the lesion at which the metric is first detected and ranked by R within the group; 33 have a step at which the control response is above the metric's noise",1,complete,public,isosteric,13,13,"Ramachandran (Rosetta, site)",rosetta_cat_rama_prepro,main,structure-space,Rosetta energy (site-scoped),4,0.4333,0.5467,0.551,0.5646,0.5239,0.4663,0.5855,0,,,,,,gly,"detection_group = the smallest lesion step at which the metric responds (95% interval of its median change excludes zero; structure-space: response analysis of the 143 main enzymes; prediction-based: natural pairs, bootstrap over systems), 'never' if none of the four; rows are grouped by it in the order of the ladder and ranked by mean R within the group; a metric with no step at which the control response is above its noise has no mean R and closes its group; first_step_specific = the smallest step at which it is specific under the specificity rule (structure-space only; the predictor's rule is pooled and matched on distance); R = probability that the metric changes more at the catalytic lesion than at the matched control (ties one half; units where neither arm moves are dropped; 0.5 = no specificity); mean over the steps counted; structure-space cells count only where the response analysis of the main enzymes marks the metric as responding with a control response above its noise, the prediction-based cells all count; 95% interval resamples clusters; best-of-33 threshold from 5000 within-unit label swaps: median 0.566, 95th percentile 0.62; the distance-matched R pools the four steps over the 68 to 69 pairs of the distance-matched subset (prediction-based only); the 8 supplementary comparators are in S29"
specificity,enzyme,195,85,EC sub-subclass (stated proxy for superfamily); the bootstrap resamples sub-subclasses,,,,"one metric for the catalytic lesion; 35 items (main-set metrics, reference rows) grouped by the lesion at which the metric is first detected and ranked by R within the group; 33 have a step at which the control response is above the metric's noise",1,complete,public,isosteric,14,14,"Intra-residue repulsion (Rosetta, site)",rosetta_cat_fa_intra_rep,main,structure-space,Rosetta energy (site-scoped),4,0.48,0.5867,0.483,0.5238,0.5184,0.465,0.5697,0,,,,,,never,"detection_group = the smallest lesion step at which the metric responds (95% interval of its median change excludes zero; structure-space: response analysis of the 143 main enzymes; prediction-based: natural pairs, bootstrap over systems), 'never' if none of the four; rows are grouped by it in the order of the ladder and ranked by mean R within the group; a metric with no step at which the control response is above its noise has no mean R and closes its group; first_step_specific = the smallest step at which it is specific under the specificity rule (structure-space only; the predictor's rule is pooled and matched on distance); R = probability that the metric changes more at the catalytic lesion than at the matched control (ties one half; units where neither arm moves are dropped; 0.5 = no specificity); mean over the steps counted; structure-space cells count only where the response analysis of the main enzymes marks the metric as responding with a control response above its noise, the prediction-based cells all count; 95% interval resamples clusters; best-of-33 threshold from 5000 within-unit label swaps: median 0.566, 95th percentile 0.62; the distance-matched R pools the four steps over the 68 to 69 pairs of the distance-matched subset (prediction-based only); the 8 supplementary comparators are in S29"
specificity,enzyme,195,85,EC sub-subclass (stated proxy for superfamily); the bootstrap resamples sub-subclasses,,,,"one metric for the catalytic lesion; 35 items (main-set metrics, reference rows) grouped by the lesion at which the metric is first detected and ranked by R within the group; 33 have a step at which the control response is above the metric's noise",1,complete,public,isosteric,15,15,"Rotamer, Dunbrack (Rosetta, site)",rosetta_cat_fa_dun,main,structure-space,Rosetta energy (site-scoped),4,0.4467,0.4667,0.5753,0.5753,0.516,0.4632,0.5698,0,,,,,,ala,"detection_group = the smallest lesion step at which the metric responds (95% interval of its median change excludes zero; structure-space: response analysis of the 143 main enzymes; prediction-based: natural pairs, bootstrap over systems), 'never' if none of the four; rows are grouped by it in the order of the ladder and ranked by mean R within the group; a metric with no step at which the control response is above its noise has no mean R and closes its group; first_step_specific = the smallest step at which it is specific under the specificity rule (structure-space only; the predictor's rule is pooled and matched on distance); R = probability that the metric changes more at the catalytic lesion than at the matched control (ties one half; units where neither arm moves are dropped; 0.5 = no specificity); mean over the steps counted; structure-space cells count only where the response analysis of the main enzymes marks the metric as responding with a control response above its noise, the prediction-based cells all count; 95% interval resamples clusters; best-of-33 threshold from 5000 within-unit label swaps: median 0.566, 95th percentile 0.62; the distance-matched R pools the four steps over the 68 to 69 pairs of the distance-matched subset (prediction-based only); the 8 supplementary comparators are in S29"
specificity,enzyme,195,85,EC sub-subclass (stated proxy for superfamily); the bootstrap resamples sub-subclasses,,,,"one metric for the catalytic lesion; 35 items (main-set metrics, reference rows) grouped by the lesion at which the metric is first detected and ranked by R within the group; 33 have a step at which the control response is above the metric's noise",1,complete,public,isosteric,16,16,Radius of gyration,catalytic_radius_of_gyration,main,structure-space,Catalytic geometry (site-scoped),3,0.4191,0.4779,0.6212,,0.5061,0.4461,0.5667,0,,,,,,ala,"detection_group = the smallest lesion step at which the metric responds (95% interval of its median change excludes zero; structure-space: response analysis of the 143 main enzymes; prediction-based: natural pairs, bootstrap over systems), 'never' if none of the four; rows are grouped by it in the order of the ladder and ranked by mean R within the group; a metric with no step at which the control response is above its noise has no mean R and closes its group; first_step_specific = the smallest step at which it is specific under the specificity rule (structure-space only; the predictor's rule is pooled and matched on distance); R = probability that the metric changes more at the catalytic lesion than at the matched control (ties one half; units where neither arm moves are dropped; 0.5 = no specificity); mean over the steps counted; structure-space cells count only where the response analysis of the main enzymes marks the metric as responding with a control response above its noise, the prediction-based cells all count; 95% interval resamples clusters; best-of-33 threshold from 5000 within-unit label swaps: median 0.566, 95th percentile 0.62; the distance-matched R pools the four steps over the 68 to 69 pairs of the distance-matched subset (prediction-based only); the 8 supplementary comparators are in S29"
specificity,enzyme,195,85,EC sub-subclass (stated proxy for superfamily); the bootstrap resamples sub-subclasses,,,,"one metric for the catalytic lesion; 35 items (main-set metrics, reference rows) grouped by the lesion at which the metric is first detected and ranked by R within the group; 33 have a step at which the control response is above the metric's noise",1,complete,public,isosteric,17,17,"Amino-acid propensity (Rosetta, site)",rosetta_cat_p_aa_pp,main,structure-space,Rosetta energy (site-scoped),3,0.4533,0.5667,0.517,0.5306,0.5003,0.4546,0.55,0,,,,,,never,"detection_group = the smallest lesion step at which the metric responds (95% interval of its median change excludes zero; structure-space: response analysis of the 143 main enzymes; prediction-based: natural pairs, bootstrap over systems), 'never' if none of the four; rows are grouped by it in the order of the ladder and ranked by mean R within the group; a metric with no step at which the control response is above its noise has no mean R and closes its group; first_step_specific = the smallest step at which it is specific under the specificity rule (structure-space only; the predictor's rule is pooled and matched on distance); R = probability that the metric changes more at the catalytic lesion than at the matched control (ties one half; units where neither arm moves are dropped; 0.5 = no specificity); mean over the steps counted; structure-space cells count only where the response analysis of the main enzymes marks the metric as responding with a control response above its noise, the prediction-based cells all count; 95% interval resamples clusters; best-of-33 threshold from 5000 within-unit label swaps: median 0.566, 95th percentile 0.62; the distance-matched R pools the four steps over the 68 to 69 pairs of the distance-matched subset (prediction-based only); the 8 supplementary comparators are in S29"
specificity,enzyme,195,85,EC sub-subclass (stated proxy for superfamily); the bootstrap resamples sub-subclasses,,,,"one metric for the catalytic lesion; 35 items (main-set metrics, reference rows) grouped by the lesion at which the metric is first detected and ranked by R within the group; 33 have a step at which the control response is above the metric's noise",1,complete,public,isosteric,18,18,"pKa, max (PROPKA)",propka_catalytic_pka_max,main,structure-space,Catalytic pKa,2,0.4306,0.557,,,0.4938,0.3874,0.6095,0,,,,,,never,"detection_group = the smallest lesion step at which the metric responds (95% interval of its median change excludes zero; structure-space: response analysis of the 143 main enzymes; prediction-based: natural pairs, bootstrap over systems), 'never' if none of the four; rows are grouped by it in the order of the ladder and ranked by mean R within the group; a metric with no step at which the control response is above its noise has no mean R and closes its group; first_step_specific = the smallest step at which it is specific under the specificity rule (structure-space only; the predictor's rule is pooled and matched on distance); R = probability that the metric changes more at the catalytic lesion than at the matched control (ties one half; units where neither arm moves are dropped; 0.5 = no specificity); mean over the steps counted; structure-space cells count only where the response analysis of the main enzymes marks the metric as responding with a control response above its noise, the prediction-based cells all count; 95% interval resamples clusters; best-of-33 threshold from 5000 within-unit label swaps: median 0.566, 95th percentile 0.62; the distance-matched R pools the four steps over the 68 to 69 pairs of the distance-matched subset (prediction-based only); the 8 supplementary comparators are in S29"
specificity,enzyme,195,85,EC sub-subclass (stated proxy for superfamily); the bootstrap resamples sub-subclasses,,,,"one metric for the catalytic lesion; 35 items (main-set metrics, reference rows) grouped by the lesion at which the metric is first detected and ranked by R within the group; 33 have a step at which the control response is above the metric's noise",1,complete,public,isosteric,19,19,"Worst residue (Rosetta, site)",rosetta_cat_worst_residue,main,structure-space,Rosetta energy (site-scoped),3,0.4467,0.46,0.5442,0.4286,0.4836,0.4408,0.5264,0,,,,,,never,"detection_group = the smallest lesion step at which the metric responds (95% interval of its median change excludes zero; structure-space: response analysis of the 143 main enzymes; prediction-based: natural pairs, bootstrap over systems), 'never' if none of the four; rows are grouped by it in the order of the ladder and ranked by mean R within the group; a metric with no step at which the control response is above its noise has no mean R and closes its group; first_step_specific = the smallest step at which it is specific under the specificity rule (structure-space only; the predictor's rule is pooled and matched on distance); R = probability that the metric changes more at the catalytic lesion than at the matched control (ties one half; units where neither arm moves are dropped; 0.5 = no specificity); mean over the steps counted; structure-space cells count only where the response analysis of the main enzymes marks the metric as responding with a control response above its noise, the prediction-based cells all count; 95% interval resamples clusters; best-of-33 threshold from 5000 within-unit label swaps: median 0.566, 95th percentile 0.62; the distance-matched R pools the four steps over the 68 to 69 pairs of the distance-matched subset (prediction-based only); the 8 supplementary comparators are in S29"
specificity,enzyme,195,85,EC sub-subclass (stated proxy for superfamily); the bootstrap resamples sub-subclasses,,,,"one metric for the catalytic lesion; 35 items (main-set metrics, reference rows) grouped by the lesion at which the metric is first detected and ranked by R within the group; 33 have a step at which the control response is above the metric's noise",1,complete,public,isosteric,20,20,"Net van der Waals (Rosetta, site)",rosetta_catalytic_vdw_net,main,structure-space,Rosetta energy (site-scoped),4,0.4467,0.5467,0.4694,0.3878,0.4626,0.3902,0.5238,0,,,,,,never,"detection_group = the smallest lesion step at which the metric responds (95% interval of its median change excludes zero; structure-space: response analysis of the 143 main enzymes; prediction-based: natural pairs, bootstrap over systems), 'never' if none of the four; rows are grouped by it in the order of the ladder and ranked by mean R within the group; a metric with no step at which the control response is above its noise has no mean R and closes its group; first_step_specific = the smallest step at which it is specific under the specificity rule (structure-space only; the predictor's rule is pooled and matched on distance); R = probability that the metric changes more at the catalytic lesion than at the matched control (ties one half; units where neither arm moves are dropped; 0.5 = no specificity); mean over the steps counted; structure-space cells count only where the response analysis of the main enzymes marks the metric as responding with a control response above its noise, the prediction-based cells all count; 95% interval resamples clusters; best-of-33 threshold from 5000 within-unit label swaps: median 0.566, 95th percentile 0.62; the distance-matched R pools the four steps over the 68 to 69 pairs of the distance-matched subset (prediction-based only); the 8 supplementary comparators are in S29"
specificity,enzyme,195,85,EC sub-subclass (stated proxy for superfamily); the bootstrap resamples sub-subclasses,,,,"one metric for the catalytic lesion; 35 items (main-set metrics, reference rows) grouped by the lesion at which the metric is first detected and ranked by R within the group; 33 have a step at which the control response is above the metric's noise",1,complete,public,isosteric,21,21,"H-bond, side chain (Rosetta, site)",rosetta_cat_hbond_sc,main,structure-space,Rosetta energy (site-scoped),4,0.469,0.4207,0.4255,0.4184,0.4334,0.3465,0.5217,0,,,,,,never,"detection_group = the smallest lesion step at which the metric responds (95% interval of its median change excludes zero; structure-space: response analysis of the 143 main enzymes; prediction-based: natural pairs, bootstrap over systems), 'never' if none of the four; rows are grouped by it in the order of the ladder and ranked by mean R within the group; a metric with no step at which the control response is above its noise has no mean R and closes its group; first_step_specific = the smallest step at which it is specific under the specificity rule (structure-space only; the predictor's rule is pooled and matched on distance); R = probability that the metric changes more at the catalytic lesion than at the matched control (ties one half; units where neither arm moves are dropped; 0.5 = no specificity); mean over the steps counted; structure-space cells count only where the response analysis of the main enzymes marks the metric as responding with a control response above its noise, the prediction-based cells all count; 95% interval resamples clusters; best-of-33 threshold from 5000 within-unit label swaps: median 0.566, 95th percentile 0.62; the distance-matched R pools the four steps over the 68 to 69 pairs of the distance-matched subset (prediction-based only); the 8 supplementary comparators are in S29"
specificity,enzyme,195,85,EC sub-subclass (stated proxy for superfamily); the bootstrap resamples sub-subclasses,,,,"one metric for the catalytic lesion; 35 items (main-set metrics, reference rows) grouped by the lesion at which the metric is first detected and ranked by R within the group; 33 have a step at which the control response is above the metric's noise",1,complete,public,isosteric,22,22,Site total (Rosetta),rosetta_cat_total,main,structure-space,Rosetta energy (site-scoped),4,0.4067,0.58,0.4082,0.2925,0.4218,0.3735,0.4735,0,,,,,,never,"detection_group = the smallest lesion step at which the metric responds (95% interval of its median change excludes zero; structure-space: response analysis of the 143 main enzymes; prediction-based: natural pairs, bootstrap over systems), 'never' if none of the four; rows are grouped by it in the order of the ladder and ranked by mean R within the group; a metric with no step at which the control response is above its noise has no mean R and closes its group; first_step_specific = the smallest step at which it is specific under the specificity rule (structure-space only; the predictor's rule is pooled and matched on distance); R = probability that the metric changes more at the catalytic lesion than at the matched control (ties one half; units where neither arm moves are dropped; 0.5 = no specificity); mean over the steps counted; structure-space cells count only where the response analysis of the main enzymes marks the metric as responding with a control response above its noise, the prediction-based cells all count; 95% interval resamples clusters; best-of-33 threshold from 5000 within-unit label swaps: median 0.566, 95th percentile 0.62; the distance-matched R pools the four steps over the 68 to 69 pairs of the distance-matched subset (prediction-based only); the 8 supplementary comparators are in S29"
specificity,enzyme,195,85,EC sub-subclass (stated proxy for superfamily); the bootstrap resamples sub-subclasses,,,,"one metric for the catalytic lesion; 35 items (main-set metrics, reference rows) grouped by the lesion at which the metric is first detected and ranked by R within the group; 33 have a step at which the control response is above the metric's noise",1,complete,public,isosteric,23,23,"Pairwise distance, mean",catalytic_pairwise_dist_mean,main,structure-space,Catalytic geometry (site-scoped),3,0.4338,0.4853,0.3182,,0.4124,0.3447,0.496,0,,,,,,non_isosteric,"detection_group = the smallest lesion step at which the metric responds (95% interval of its median change excludes zero; structure-space: response analysis of the 143 main enzymes; prediction-based: natural pairs, bootstrap over systems), 'never' if none of the four; rows are grouped by it in the order of the ladder and ranked by mean R within the group; a metric with no step at which the control response is above its noise has no mean R and closes its group; first_step_specific = the smallest step at which it is specific under the specificity rule (structure-space only; the predictor's rule is pooled and matched on distance); R = probability that the metric changes more at the catalytic lesion than at the matched control (ties one half; units where neither arm moves are dropped; 0.5 = no specificity); mean over the steps counted; structure-space cells count only where the response analysis of the main enzymes marks the metric as responding with a control response above its noise, the prediction-based cells all count; 95% interval resamples clusters; best-of-33 threshold from 5000 within-unit label swaps: median 0.566, 95th percentile 0.62; the distance-matched R pools the four steps over the 68 to 69 pairs of the distance-matched subset (prediction-based only); the 8 supplementary comparators are in S29"
specificity,enzyme,195,85,EC sub-subclass (stated proxy for superfamily); the bootstrap resamples sub-subclasses,,,,"one metric for the catalytic lesion; 35 items (main-set metrics, reference rows) grouped by the lesion at which the metric is first detected and ranked by R within the group; 33 have a step at which the control response is above the metric's noise",1,complete,public,isosteric,24,24,"pKa, mean (PROPKA)",propka_catalytic_pka_mean,main,structure-space,Catalytic pKa,1,0.4028,0.4684,,,0.4028,0.2766,0.5373,0,,,,,,never,"detection_group = the smallest lesion step at which the metric responds (95% interval of its median change excludes zero; structure-space: response analysis of the 143 main enzymes; prediction-based: natural pairs, bootstrap over systems), 'never' if none of the four; rows are grouped by it in the order of the ladder and ranked by mean R within the group; a metric with no step at which the control response is above its noise has no mean R and closes its group; first_step_specific = the smallest step at which it is specific under the specificity rule (structure-space only; the predictor's rule is pooled and matched on distance); R = probability that the metric changes more at the catalytic lesion than at the matched control (ties one half; units where neither arm moves are dropped; 0.5 = no specificity); mean over the steps counted; structure-space cells count only where the response analysis of the main enzymes marks the metric as responding with a control response above its noise, the prediction-based cells all count; 95% interval resamples clusters; best-of-33 threshold from 5000 within-unit label swaps: median 0.566, 95th percentile 0.62; the distance-matched R pools the four steps over the 68 to 69 pairs of the distance-matched subset (prediction-based only); the 8 supplementary comparators are in S29"
specificity,enzyme,195,85,EC sub-subclass (stated proxy for superfamily); the bootstrap resamples sub-subclasses,,,,"one metric for the catalytic lesion; 35 items (main-set metrics, reference rows) grouped by the lesion at which the metric is first detected and ranked by R within the group; 33 have a step at which the control response is above the metric's noise",1,complete,public,isosteric,25,25,"H-bond, backbone to side chain (Rosetta, site)",rosetta_cat_hbond_bb_sc,main,structure-space,Rosetta energy (site-scoped),4,0.2635,0.2886,0.3056,0.2897,0.2868,0.1923,0.3894,0,,,,,,never,"detection_group = the smallest lesion step at which the metric responds (95% interval of its median change excludes zero; structure-space: response analysis of the 143 main enzymes; prediction-based: natural pairs, bootstrap over systems), 'never' if none of the four; rows are grouped by it in the order of the ladder and ranked by mean R within the group; a metric with no step at which the control response is above its noise has no mean R and closes its group; first_step_specific = the smallest step at which it is specific under the specificity rule (structure-space only; the predictor's rule is pooled and matched on distance); R = probability that the metric changes more at the catalytic lesion than at the matched control (ties one half; units where neither arm moves are dropped; 0.5 = no specificity); mean over the steps counted; structure-space cells count only where the response analysis of the main enzymes marks the metric as responding with a control response above its noise, the prediction-based cells all count; 95% interval resamples clusters; best-of-33 threshold from 5000 within-unit label swaps: median 0.566, 95th percentile 0.62; the distance-matched R pools the four steps over the 68 to 69 pairs of the distance-matched subset (prediction-based only); the 8 supplementary comparators are in S29"
specificity,enzyme,195,85,EC sub-subclass (stated proxy for superfamily); the bootstrap resamples sub-subclasses,,,,"one metric for the catalytic lesion; 35 items (main-set metrics, reference rows) grouped by the lesion at which the metric is first detected and ranked by R within the group; 33 have a step at which the control response is above the metric's noise",1,complete,public,isosteric,26,26,"Electrostatics (Rosetta, site)",rosetta_cat_fa_elec,main,structure-space,Rosetta energy (site-scoped),4,0.26,0.2,0.2449,0.2585,0.2409,0.1794,0.3041,0,,,,,,never,"detection_group = the smallest lesion step at which the metric responds (95% interval of its median change excludes zero; structure-space: response analysis of the 143 main enzymes; prediction-based: natural pairs, bootstrap over systems), 'never' if none of the four; rows are grouped by it in the order of the ladder and ranked by mean R within the group; a metric with no step at which the control response is above its noise has no mean R and closes its group; first_step_specific = the smallest step at which it is specific under the specificity rule (structure-space only; the predictor's rule is pooled and matched on distance); R = probability that the metric changes more at the catalytic lesion than at the matched control (ties one half; units where neither arm moves are dropped; 0.5 = no specificity); mean over the steps counted; structure-space cells count only where the response analysis of the main enzymes marks the metric as responding with a control response above its noise, the prediction-based cells all count; 95% interval resamples clusters; best-of-33 threshold from 5000 within-unit label swaps: median 0.566, 95th percentile 0.62; the distance-matched R pools the four steps over the 68 to 69 pairs of the distance-matched subset (prediction-based only); the 8 supplementary comparators are in S29"
specificity,enzyme,195,85,EC sub-subclass (stated proxy for superfamily); the bootstrap resamples sub-subclasses,,,,"one metric for the catalytic lesion; 35 items (main-set metrics, reference rows) grouped by the lesion at which the metric is first detected and ranked by R within the group; 33 have a step at which the control response is above the metric's noise",1,complete,public,isosteric,,27,Polar contacts,catalytic_polar_contacts,main,structure-space,Catalytic geometry (site-scoped),0,0.9257,0.9652,0.9643,0.9643,,,,,,,,,,never,"detection_group = the smallest lesion step at which the metric responds (95% interval of its median change excludes zero; structure-space: response analysis of the 143 main enzymes; prediction-based: natural pairs, bootstrap over systems), 'never' if none of the four; rows are grouped by it in the order of the ladder and ranked by mean R within the group; a metric with no step at which the control response is above its noise has no mean R and closes its group; first_step_specific = the smallest step at which it is specific under the specificity rule (structure-space only; the predictor's rule is pooled and matched on distance); R = probability that the metric changes more at the catalytic lesion than at the matched control (ties one half; units where neither arm moves are dropped; 0.5 = no specificity); mean over the steps counted; structure-space cells count only where the response analysis of the main enzymes marks the metric as responding with a control response above its noise, the prediction-based cells all count; 95% interval resamples clusters; best-of-33 threshold from 5000 within-unit label swaps: median 0.566, 95th percentile 0.62; the distance-matched R pools the four steps over the 68 to 69 pairs of the distance-matched subset (prediction-based only); the 8 supplementary comparators are in S29"
specificity,catalytic/control pair,286,59,system (the 59 natural enzymes of the substrate-swap set),,,,"one metric for the catalytic lesion; 35 items (main-set metrics, reference rows) grouped by the lesion at which the metric is first detected and ranked by R within the group; 33 have a step at which the control response is above the metric's noise",1,complete,public,non_isosteric,1,28,AME RMSD,ame_crystal_rmsd_min,main,prediction-based,Active-site accuracy,4,0.6102,0.7302,0.6774,0.7209,0.6847,0.6213,0.7466,1,0.4493,0.3281,0.5715,69,22,,"detection_group = the smallest lesion step at which the metric responds (95% interval of its median change excludes zero; structure-space: response analysis of the 143 main enzymes; prediction-based: natural pairs, bootstrap over systems), 'never' if none of the four; rows are grouped by it in the order of the ladder and ranked by mean R within the group; a metric with no step at which the control response is above its noise has no mean R and closes its group; first_step_specific = the smallest step at which it is specific under the specificity rule (structure-space only; the predictor's rule is pooled and matched on distance); R = probability that the metric changes more at the catalytic lesion than at the matched control (ties one half; units where neither arm moves are dropped; 0.5 = no specificity); mean over the steps counted; structure-space cells count only where the response analysis of the main enzymes marks the metric as responding with a control response above its noise, the prediction-based cells all count; 95% interval resamples clusters; best-of-33 threshold from 5000 within-unit label swaps: median 0.566, 95th percentile 0.62; the distance-matched R pools the four steps over the 68 to 69 pairs of the distance-matched subset (prediction-based only); the 8 supplementary comparators are in S29"
specificity,enzyme,195,85,EC sub-subclass (stated proxy for superfamily); the bootstrap resamples sub-subclasses,,,,"one metric for the catalytic lesion; 35 items (main-set metrics, reference rows) grouped by the lesion at which the metric is first detected and ranked by R within the group; 33 have a step at which the control response is above the metric's noise",1,complete,public,non_isosteric,2,29,"lk-ball solvation (Rosetta, site)",rosetta_cat_lk_ball_wtd,main,structure-space,Rosetta energy (site-scoped),3,0.56,0.5333,0.5918,0.6463,0.5905,0.5098,0.67,0,,,,,,non_isosteric,"detection_group = the smallest lesion step at which the metric responds (95% interval of its median change excludes zero; structure-space: response analysis of the 143 main enzymes; prediction-based: natural pairs, bootstrap over systems), 'never' if none of the four; rows are grouped by it in the order of the ladder and ranked by mean R within the group; a metric with no step at which the control response is above its noise has no mean R and closes its group; first_step_specific = the smallest step at which it is specific under the specificity rule (structure-space only; the predictor's rule is pooled and matched on distance); R = probability that the metric changes more at the catalytic lesion than at the matched control (ties one half; units where neither arm moves are dropped; 0.5 = no specificity); mean over the steps counted; structure-space cells count only where the response analysis of the main enzymes marks the metric as responding with a control response above its noise, the prediction-based cells all count; 95% interval resamples clusters; best-of-33 threshold from 5000 within-unit label swaps: median 0.566, 95th percentile 0.62; the distance-matched R pools the four steps over the 68 to 69 pairs of the distance-matched subset (prediction-based only); the 8 supplementary comparators are in S29"
specificity,enzyme,195,85,EC sub-subclass (stated proxy for superfamily); the bootstrap resamples sub-subclasses,,,,"one metric for the catalytic lesion; 35 items (main-set metrics, reference rows) grouped by the lesion at which the metric is first detected and ranked by R within the group; 33 have a step at which the control response is above the metric's noise",1,complete,public,non_isosteric,3,30,Total SASA,catalytic_sasa_total,main,structure-space,Catalytic geometry (site-scoped),2,0.46,0.5133,0.4898,0.5782,0.5458,0.4776,0.6031,0,,,,,,non_isosteric,"detection_group = the smallest lesion step at which the metric responds (95% interval of its median change excludes zero; structure-space: response analysis of the 143 main enzymes; prediction-based: natural pairs, bootstrap over systems), 'never' if none of the four; rows are grouped by it in the order of the ladder and ranked by mean R within the group; a metric with no step at which the control response is above its noise has no mean R and closes its group; first_step_specific = the smallest step at which it is specific under the specificity rule (structure-space only; the predictor's rule is pooled and matched on distance); R = probability that the metric changes more at the catalytic lesion than at the matched control (ties one half; units where neither arm moves are dropped; 0.5 = no specificity); mean over the steps counted; structure-space cells count only where the response analysis of the main enzymes marks the metric as responding with a control response above its noise, the prediction-based cells all count; 95% interval resamples clusters; best-of-33 threshold from 5000 within-unit label swaps: median 0.566, 95th percentile 0.62; the distance-matched R pools the four steps over the 68 to 69 pairs of the distance-matched subset (prediction-based only); the 8 supplementary comparators are in S29"
specificity,enzyme,195,85,EC sub-subclass (stated proxy for superfamily); the bootstrap resamples sub-subclasses,,,,"one metric for the catalytic lesion; 35 items (main-set metrics, reference rows) grouped by the lesion at which the metric is first detected and ranked by R within the group; 33 have a step at which the control response is above the metric's noise",1,complete,public,non_isosteric,4,31,"pKa shift, max absolute (PROPKA)",propka_catalytic_shift_absmax,main,structure-space,Catalytic pKa,1,0.5347,0.5316,,,0.5316,0.4167,0.6471,0,,,,,,never,"detection_group = the smallest lesion step at which the metric responds (95% interval of its median change excludes zero; structure-space: response analysis of the 143 main enzymes; prediction-based: natural pairs, bootstrap over systems), 'never' if none of the four; rows are grouped by it in the order of the ladder and ranked by mean R within the group; a metric with no step at which the control response is above its noise has no mean R and closes its group; first_step_specific = the smallest step at which it is specific under the specificity rule (structure-space only; the predictor's rule is pooled and matched on distance); R = probability that the metric changes more at the catalytic lesion than at the matched control (ties one half; units where neither arm moves are dropped; 0.5 = no specificity); mean over the steps counted; structure-space cells count only where the response analysis of the main enzymes marks the metric as responding with a control response above its noise, the prediction-based cells all count; 95% interval resamples clusters; best-of-33 threshold from 5000 within-unit label swaps: median 0.566, 95th percentile 0.62; the distance-matched R pools the four steps over the 68 to 69 pairs of the distance-matched subset (prediction-based only); the 8 supplementary comparators are in S29"
specificity,enzyme,195,85,EC sub-subclass (stated proxy for superfamily); the bootstrap resamples sub-subclasses,,,,"one metric for the catalytic lesion; 35 items (main-set metrics, reference rows) grouped by the lesion at which the metric is first detected and ranked by R within the group; 33 have a step at which the control response is above the metric's noise",1,complete,public,ala,1,32,Fraction buried,catalytic_frac_buried,main,structure-space,Catalytic geometry (site-scoped),2,0.5443,0.5619,0.6975,0.626,0.6617,0.5874,0.7374,1,,,,,,ala,"detection_group = the smallest lesion step at which the metric responds (95% interval of its median change excludes zero; structure-space: response analysis of the 143 main enzymes; prediction-based: natural pairs, bootstrap over systems), 'never' if none of the four; rows are grouped by it in the order of the ladder and ranked by mean R within the group; a metric with no step at which the control response is above its noise has no mean R and closes its group; first_step_specific = the smallest step at which it is specific under the specificity rule (structure-space only; the predictor's rule is pooled and matched on distance); R = probability that the metric changes more at the catalytic lesion than at the matched control (ties one half; units where neither arm moves are dropped; 0.5 = no specificity); mean over the steps counted; structure-space cells count only where the response analysis of the main enzymes marks the metric as responding with a control response above its noise, the prediction-based cells all count; 95% interval resamples clusters; best-of-33 threshold from 5000 within-unit label swaps: median 0.566, 95th percentile 0.62; the distance-matched R pools the four steps over the 68 to 69 pairs of the distance-matched subset (prediction-based only); the 8 supplementary comparators are in S29"
specificity,enzyme,195,85,EC sub-subclass (stated proxy for superfamily); the bootstrap resamples sub-subclasses,,,,"one metric for the catalytic lesion; 35 items (main-set metrics, reference rows) grouped by the lesion at which the metric is first detected and ranked by R within the group; 33 have a step at which the control response is above the metric's noise",1,complete,public,gly,1,33,"Omega torsion (Rosetta, site)",rosetta_cat_omega,main,structure-space,Rosetta energy (site-scoped),1,0.4583,,0.5789,0.5238,0.5238,0.4462,0.6035,0,,,,,,never,"detection_group = the smallest lesion step at which the metric responds (95% interval of its median change excludes zero; structure-space: response analysis of the 143 main enzymes; prediction-based: natural pairs, bootstrap over systems), 'never' if none of the four; rows are grouped by it in the order of the ladder and ranked by mean R within the group; a metric with no step at which the control response is above its noise has no mean R and closes its group; first_step_specific = the smallest step at which it is specific under the specificity rule (structure-space only; the predictor's rule is pooled and matched on distance); R = probability that the metric changes more at the catalytic lesion than at the matched control (ties one half; units where neither arm moves are dropped; 0.5 = no specificity); mean over the steps counted; structure-space cells count only where the response analysis of the main enzymes marks the metric as responding with a control response above its noise, the prediction-based cells all count; 95% interval resamples clusters; best-of-33 threshold from 5000 within-unit label swaps: median 0.566, 95th percentile 0.62; the distance-matched R pools the four steps over the 68 to 69 pairs of the distance-matched subset (prediction-based only); the 8 supplementary comparators are in S29"
specificity,catalytic/control pair,286,59,system (the 59 natural enzymes of the substrate-swap set),,,,"one metric for the catalytic lesion; 35 items (main-set metrics, reference rows) grouped by the lesion at which the metric is first detected and ranked by R within the group; 33 have a step at which the control response is above the metric's noise",1,complete,public,never,1,34,Ligand clearance,ame_crystal_clash_max,main,prediction-based,Active-site accuracy,4,0.5652,0.629,0.5738,0.6279,0.599,0.5391,0.6586,0,0.5735,0.4394,0.6974,68,21,,"detection_group = the smallest lesion step at which the metric responds (95% interval of its median change excludes zero; structure-space: response analysis of the 143 main enzymes; prediction-based: natural pairs, bootstrap over systems), 'never' if none of the four; rows are grouped by it in the order of the ladder and ranked by mean R within the group; a metric with no step at which the control response is above its noise has no mean R and closes its group; first_step_specific = the smallest step at which it is specific under the specificity rule (structure-space only; the predictor's rule is pooled and matched on distance); R = probability that the metric changes more at the catalytic lesion than at the matched control (ties one half; units where neither arm moves are dropped; 0.5 = no specificity); mean over the steps counted; structure-space cells count only where the response analysis of the main enzymes marks the metric as responding with a control response above its noise, the prediction-based cells all count; 95% interval resamples clusters; best-of-33 threshold from 5000 within-unit label swaps: median 0.566, 95th percentile 0.62; the distance-matched R pools the four steps over the 68 to 69 pairs of the distance-matched subset (prediction-based only); the 8 supplementary comparators are in S29"
specificity,enzyme,195,85,EC sub-subclass (stated proxy for superfamily); the bootstrap resamples sub-subclasses,,,,"one metric for the catalytic lesion; 35 items (main-set metrics, reference rows) grouped by the lesion at which the metric is first detected and ranked by R within the group; 33 have a step at which the control response is above the metric's noise",1,complete,public,never,,35,"Pairwise distance, max",catalytic_pairwise_dist_max,main,structure-space,Catalytic geometry (site-scoped),0,0.2984,0.3582,0.1855,,,,,,,,,,,never,"detection_group = the smallest lesion step at which the metric responds (95% interval of its median change excludes zero; structure-space: response analysis of the 143 main enzymes; prediction-based: natural pairs, bootstrap over systems), 'never' if none of the four; rows are grouped by it in the order of the ladder and ranked by mean R within the group; a metric with no step at which the control response is above its noise has no mean R and closes its group; first_step_specific = the smallest step at which it is specific under the specificity rule (structure-space only; the predictor's rule is pooled and matched on distance); R = probability that the metric changes more at the catalytic lesion than at the matched control (ties one half; units where neither arm moves are dropped; 0.5 = no specificity); mean over the steps counted; structure-space cells count only where the response analysis of the main enzymes marks the metric as responding with a control response above its noise, the prediction-based cells all count; 95% interval resamples clusters; best-of-33 threshold from 5000 within-unit label swaps: median 0.566, 95th percentile 0.62; the distance-matched R pools the four steps over the 68 to 69 pairs of the distance-matched subset (prediction-based only); the 8 supplementary comparators are in S29"
