test_id,claim_type,source_artifacts,source_sha256,unit,n_units,n_clusters,cluster_def,k,N,k_of_N,denominator_def,headline_ok,status,licence_flag,detection_group,rank_in_group,rank,item,metric,role,mode,family,n_doses,r_dose_1,r_dose_2,r_dose_4,r_mean,r_ci_lo,r_ci_hi,doses_responding,doses_control_above_noise,note
"P2KE_E;P1_E (structure-space, pooled natural sets)",specificity,tables/spec/derived/axisE_quantities.csv;tables/spec/derived/axis_ranking_meta.json;results/P2KE/blindness_map.csv;results/scores.parquet,5c6d6de4a99d241e;9989fd86c431e590;5e6f4bf6ac795edc;03a24a3bd72a9841,enzyme,193,84,EC sub-subclass (stated proxy for superfamily); the bootstrap resamples sub-subclasses,,,,one metric on axis E; the 29 main-set metrics grouped by the dose at which the metric is first detected and ranked by the raw mean R over three doses within the group,0,complete,public,second_shell_4,1,1,"pKa shift, mean (PROPKA)",propka_catalytic_shift_mean,main,M1,Catalytic pKa,3,0.7387,0.7199,0.6429,0.7005,0.6443,0.7548,1,0,"detection_group = the smallest dose at which the metric responds (95% interval of its median change excludes zero), 'never' if none of the three; rows are grouped by it and ranked by the raw mean R within the group; R = probability that the metric changes more when second-shell residues are removed around the catalytic residues than around a matched control (ties one half; units where neither arm moves are dropped). No cell qualifies: for every metric either the change at the catalytic site is not distinguishable from zero or the control response is below the metric's noise, so R measures whether a metric moves at all near the site and not specificity; no chance threshold is computed; the 8 supplementary comparators are in S49"
"P2KE_E;P1_E (structure-space, pooled natural sets)",specificity,tables/spec/derived/axisE_quantities.csv;tables/spec/derived/axis_ranking_meta.json;results/P2KE/blindness_map.csv;results/scores.parquet,5c6d6de4a99d241e;9989fd86c431e590;5e6f4bf6ac795edc;03a24a3bd72a9841,enzyme,193,84,EC sub-subclass (stated proxy for superfamily); the bootstrap resamples sub-subclasses,,,,one metric on axis E; the 29 main-set metrics grouped by the dose at which the metric is first detected and ranked by the raw mean R over three doses within the group,0,complete,public,second_shell_4,2,2,"pKa, mean (PROPKA)",propka_catalytic_pka_mean,main,M1,Catalytic pKa,3,0.7255,0.7086,0.6404,0.6915,0.6326,0.7486,1,0,"detection_group = the smallest dose at which the metric responds (95% interval of its median change excludes zero), 'never' if none of the three; rows are grouped by it and ranked by the raw mean R within the group; R = probability that the metric changes more when second-shell residues are removed around the catalytic residues than around a matched control (ties one half; units where neither arm moves are dropped). No cell qualifies: for every metric either the change at the catalytic site is not distinguishable from zero or the control response is below the metric's noise, so R measures whether a metric moves at all near the site and not specificity; no chance threshold is computed; the 8 supplementary comparators are in S49"
"P2KE_E;P1_E (structure-space, pooled natural sets)",specificity,tables/spec/derived/axisE_quantities.csv;tables/spec/derived/axis_ranking_meta.json;results/P2KE/blindness_map.csv;results/scores.parquet,5c6d6de4a99d241e;9989fd86c431e590;5e6f4bf6ac795edc;03a24a3bd72a9841,enzyme,193,84,EC sub-subclass (stated proxy for superfamily); the bootstrap resamples sub-subclasses,,,,one metric on axis E; the 29 main-set metrics grouped by the dose at which the metric is first detected and ranked by the raw mean R over three doses within the group,0,complete,public,never,1,3,Fraction buried,catalytic_frac_buried,main,M1,Catalytic geometry (site-scoped),3,0.9091,0.7857,0.6481,0.781,0.6762,0.8746,0,0,"detection_group = the smallest dose at which the metric responds (95% interval of its median change excludes zero), 'never' if none of the three; rows are grouped by it and ranked by the raw mean R within the group; R = probability that the metric changes more when second-shell residues are removed around the catalytic residues than around a matched control (ties one half; units where neither arm moves are dropped). No cell qualifies: for every metric either the change at the catalytic site is not distinguishable from zero or the control response is below the metric's noise, so R measures whether a metric moves at all near the site and not specificity; no chance threshold is computed; the 8 supplementary comparators are in S49"
"P2KE_E;P1_E (structure-space, pooled natural sets)",specificity,tables/spec/derived/axisE_quantities.csv;tables/spec/derived/axis_ranking_meta.json;results/P2KE/blindness_map.csv;results/scores.parquet,5c6d6de4a99d241e;9989fd86c431e590;5e6f4bf6ac795edc;03a24a3bd72a9841,enzyme,193,84,EC sub-subclass (stated proxy for superfamily); the bootstrap resamples sub-subclasses,,,,one metric on axis E; the 29 main-set metrics grouped by the dose at which the metric is first detected and ranked by the raw mean R over three doses within the group,0,complete,public,never,2,4,"Rotamer, Dunbrack (Rosetta, site)",rosetta_cat_fa_dun,main,M1,Rosetta energy (site-scoped),3,0.787,0.7569,0.6934,0.7458,0.6918,0.7919,0,0,"detection_group = the smallest dose at which the metric responds (95% interval of its median change excludes zero), 'never' if none of the three; rows are grouped by it and ranked by the raw mean R within the group; R = probability that the metric changes more when second-shell residues are removed around the catalytic residues than around a matched control (ties one half; units where neither arm moves are dropped). No cell qualifies: for every metric either the change at the catalytic site is not distinguishable from zero or the control response is below the metric's noise, so R measures whether a metric moves at all near the site and not specificity; no chance threshold is computed; the 8 supplementary comparators are in S49"
"P2KE_E;P1_E (structure-space, pooled natural sets)",specificity,tables/spec/derived/axisE_quantities.csv;tables/spec/derived/axis_ranking_meta.json;results/P2KE/blindness_map.csv;results/scores.parquet,5c6d6de4a99d241e;9989fd86c431e590;5e6f4bf6ac795edc;03a24a3bd72a9841,enzyme,193,84,EC sub-subclass (stated proxy for superfamily); the bootstrap resamples sub-subclasses,,,,one metric on axis E; the 29 main-set metrics grouped by the dose at which the metric is first detected and ranked by the raw mean R over three doses within the group,0,complete,public,never,3,5,"pKa, max (PROPKA)",propka_catalytic_pka_max,main,M1,Catalytic pKa,3,0.75,0.7188,0.6763,0.715,0.6622,0.7657,0,0,"detection_group = the smallest dose at which the metric responds (95% interval of its median change excludes zero), 'never' if none of the three; rows are grouped by it and ranked by the raw mean R within the group; R = probability that the metric changes more when second-shell residues are removed around the catalytic residues than around a matched control (ties one half; units where neither arm moves are dropped). No cell qualifies: for every metric either the change at the catalytic site is not distinguishable from zero or the control response is below the metric's noise, so R measures whether a metric moves at all near the site and not specificity; no chance threshold is computed; the 8 supplementary comparators are in S49"
"P2KE_E;P1_E (structure-space, pooled natural sets)",specificity,tables/spec/derived/axisE_quantities.csv;tables/spec/derived/axis_ranking_meta.json;results/P2KE/blindness_map.csv;results/scores.parquet,5c6d6de4a99d241e;9989fd86c431e590;5e6f4bf6ac795edc;03a24a3bd72a9841,enzyme,193,84,EC sub-subclass (stated proxy for superfamily); the bootstrap resamples sub-subclasses,,,,one metric on axis E; the 29 main-set metrics grouped by the dose at which the metric is first detected and ranked by the raw mean R over three doses within the group,0,complete,public,never,4,6,"Pairwise distance, mean",catalytic_pairwise_dist_mean,main,M1,Catalytic geometry (site-scoped),3,0.7604,0.7462,0.632,0.7129,0.6507,0.7652,0,0,"detection_group = the smallest dose at which the metric responds (95% interval of its median change excludes zero), 'never' if none of the three; rows are grouped by it and ranked by the raw mean R within the group; R = probability that the metric changes more when second-shell residues are removed around the catalytic residues than around a matched control (ties one half; units where neither arm moves are dropped). No cell qualifies: for every metric either the change at the catalytic site is not distinguishable from zero or the control response is below the metric's noise, so R measures whether a metric moves at all near the site and not specificity; no chance threshold is computed; the 8 supplementary comparators are in S49"
"P2KE_E;P1_E (structure-space, pooled natural sets)",specificity,tables/spec/derived/axisE_quantities.csv;tables/spec/derived/axis_ranking_meta.json;results/P2KE/blindness_map.csv;results/scores.parquet,5c6d6de4a99d241e;9989fd86c431e590;5e6f4bf6ac795edc;03a24a3bd72a9841,enzyme,193,84,EC sub-subclass (stated proxy for superfamily); the bootstrap resamples sub-subclasses,,,,one metric on axis E; the 29 main-set metrics grouped by the dose at which the metric is first detected and ranked by the raw mean R over three doses within the group,0,complete,public,never,5,7,Radius of gyration,catalytic_radius_of_gyration,main,M1,Catalytic geometry (site-scoped),3,0.7708,0.7077,0.64,0.7062,0.6386,0.7624,0,0,"detection_group = the smallest dose at which the metric responds (95% interval of its median change excludes zero), 'never' if none of the three; rows are grouped by it and ranked by the raw mean R within the group; R = probability that the metric changes more when second-shell residues are removed around the catalytic residues than around a matched control (ties one half; units where neither arm moves are dropped). No cell qualifies: for every metric either the change at the catalytic site is not distinguishable from zero or the control response is below the metric's noise, so R measures whether a metric moves at all near the site and not specificity; no chance threshold is computed; the 8 supplementary comparators are in S49"
"P2KE_E;P1_E (structure-space, pooled natural sets)",specificity,tables/spec/derived/axisE_quantities.csv;tables/spec/derived/axis_ranking_meta.json;results/P2KE/blindness_map.csv;results/scores.parquet,5c6d6de4a99d241e;9989fd86c431e590;5e6f4bf6ac795edc;03a24a3bd72a9841,enzyme,193,84,EC sub-subclass (stated proxy for superfamily); the bootstrap resamples sub-subclasses,,,,one metric on axis E; the 29 main-set metrics grouped by the dose at which the metric is first detected and ranked by the raw mean R over three doses within the group,0,complete,public,never,6,8,"pKa, range (PROPKA)",propka_catalytic_pka_range,main,M1,Catalytic pKa,3,0.7403,0.7215,0.6544,0.7054,0.6541,0.7598,0,0,"detection_group = the smallest dose at which the metric responds (95% interval of its median change excludes zero), 'never' if none of the three; rows are grouped by it and ranked by the raw mean R within the group; R = probability that the metric changes more when second-shell residues are removed around the catalytic residues than around a matched control (ties one half; units where neither arm moves are dropped). No cell qualifies: for every metric either the change at the catalytic site is not distinguishable from zero or the control response is below the metric's noise, so R measures whether a metric moves at all near the site and not specificity; no chance threshold is computed; the 8 supplementary comparators are in S49"
"P2KE_E;P1_E (structure-space, pooled natural sets)",specificity,tables/spec/derived/axisE_quantities.csv;tables/spec/derived/axis_ranking_meta.json;results/P2KE/blindness_map.csv;results/scores.parquet,5c6d6de4a99d241e;9989fd86c431e590;5e6f4bf6ac795edc;03a24a3bd72a9841,enzyme,193,84,EC sub-subclass (stated proxy for superfamily); the bootstrap resamples sub-subclasses,,,,one metric on axis E; the 29 main-set metrics grouped by the dose at which the metric is first detected and ranked by the raw mean R over three doses within the group,0,complete,public,never,7,9,"lk-ball solvation (Rosetta, site)",rosetta_cat_lk_ball_wtd,main,M1,Rosetta energy (site-scoped),3,0.72,0.7263,0.66,0.7021,0.6568,0.747,0,1,"detection_group = the smallest dose at which the metric responds (95% interval of its median change excludes zero), 'never' if none of the three; rows are grouped by it and ranked by the raw mean R within the group; R = probability that the metric changes more when second-shell residues are removed around the catalytic residues than around a matched control (ties one half; units where neither arm moves are dropped). No cell qualifies: for every metric either the change at the catalytic site is not distinguishable from zero or the control response is below the metric's noise, so R measures whether a metric moves at all near the site and not specificity; no chance threshold is computed; the 8 supplementary comparators are in S49"
"P2KE_E;P1_E (structure-space, pooled natural sets)",specificity,tables/spec/derived/axisE_quantities.csv;tables/spec/derived/axis_ranking_meta.json;results/P2KE/blindness_map.csv;results/scores.parquet,5c6d6de4a99d241e;9989fd86c431e590;5e6f4bf6ac795edc;03a24a3bd72a9841,enzyme,193,84,EC sub-subclass (stated proxy for superfamily); the bootstrap resamples sub-subclasses,,,,one metric on axis E; the 29 main-set metrics grouped by the dose at which the metric is first detected and ranked by the raw mean R over three doses within the group,0,complete,public,never,8,10,Total SASA,catalytic_sasa_total,main,M1,Catalytic geometry (site-scoped),3,0.731,0.7143,0.66,0.7018,0.6515,0.7493,0,0,"detection_group = the smallest dose at which the metric responds (95% interval of its median change excludes zero), 'never' if none of the three; rows are grouped by it and ranked by the raw mean R within the group; R = probability that the metric changes more when second-shell residues are removed around the catalytic residues than around a matched control (ties one half; units where neither arm moves are dropped). No cell qualifies: for every metric either the change at the catalytic site is not distinguishable from zero or the control response is below the metric's noise, so R measures whether a metric moves at all near the site and not specificity; no chance threshold is computed; the 8 supplementary comparators are in S49"
"P2KE_E;P1_E (structure-space, pooled natural sets)",specificity,tables/spec/derived/axisE_quantities.csv;tables/spec/derived/axis_ranking_meta.json;results/P2KE/blindness_map.csv;results/scores.parquet,5c6d6de4a99d241e;9989fd86c431e590;5e6f4bf6ac795edc;03a24a3bd72a9841,enzyme,193,84,EC sub-subclass (stated proxy for superfamily); the bootstrap resamples sub-subclasses,,,,one metric on axis E; the 29 main-set metrics grouped by the dose at which the metric is first detected and ranked by the raw mean R over three doses within the group,0,complete,public,never,9,11,"Intra-residue repulsion (Rosetta, site)",rosetta_cat_fa_intra_rep,main,M1,Rosetta energy (site-scoped),3,0.7241,0.7282,0.6357,0.696,0.6358,0.7461,0,0,"detection_group = the smallest dose at which the metric responds (95% interval of its median change excludes zero), 'never' if none of the three; rows are grouped by it and ranked by the raw mean R within the group; R = probability that the metric changes more when second-shell residues are removed around the catalytic residues than around a matched control (ties one half; units where neither arm moves are dropped). No cell qualifies: for every metric either the change at the catalytic site is not distinguishable from zero or the control response is below the metric's noise, so R measures whether a metric moves at all near the site and not specificity; no chance threshold is computed; the 8 supplementary comparators are in S49"
"P2KE_E;P1_E (structure-space, pooled natural sets)",specificity,tables/spec/derived/axisE_quantities.csv;tables/spec/derived/axis_ranking_meta.json;results/P2KE/blindness_map.csv;results/scores.parquet,5c6d6de4a99d241e;9989fd86c431e590;5e6f4bf6ac795edc;03a24a3bd72a9841,enzyme,193,84,EC sub-subclass (stated proxy for superfamily); the bootstrap resamples sub-subclasses,,,,one metric on axis E; the 29 main-set metrics grouped by the dose at which the metric is first detected and ranked by the raw mean R over three doses within the group,0,complete,public,never,10,12,"pKa shift, max absolute (PROPKA)",propka_catalytic_shift_absmax,main,M1,Catalytic pKa,3,0.7522,0.6779,0.6562,0.6954,0.6426,0.748,0,1,"detection_group = the smallest dose at which the metric responds (95% interval of its median change excludes zero), 'never' if none of the three; rows are grouped by it and ranked by the raw mean R within the group; R = probability that the metric changes more when second-shell residues are removed around the catalytic residues than around a matched control (ties one half; units where neither arm moves are dropped). No cell qualifies: for every metric either the change at the catalytic site is not distinguishable from zero or the control response is below the metric's noise, so R measures whether a metric moves at all near the site and not specificity; no chance threshold is computed; the 8 supplementary comparators are in S49"
"P2KE_E;P1_E (structure-space, pooled natural sets)",specificity,tables/spec/derived/axisE_quantities.csv;tables/spec/derived/axis_ranking_meta.json;results/P2KE/blindness_map.csv;results/scores.parquet,5c6d6de4a99d241e;9989fd86c431e590;5e6f4bf6ac795edc;03a24a3bd72a9841,enzyme,193,84,EC sub-subclass (stated proxy for superfamily); the bootstrap resamples sub-subclasses,,,,one metric on axis E; the 29 main-set metrics grouped by the dose at which the metric is first detected and ranked by the raw mean R over three doses within the group,0,complete,public,never,11,13,"Relative SASA, mean",catalytic_rel_sasa_mean,main,M1,Catalytic geometry (site-scoped),3,0.731,0.7143,0.64,0.6951,0.6445,0.742,0,0,"detection_group = the smallest dose at which the metric responds (95% interval of its median change excludes zero), 'never' if none of the three; rows are grouped by it and ranked by the raw mean R within the group; R = probability that the metric changes more when second-shell residues are removed around the catalytic residues than around a matched control (ties one half; units where neither arm moves are dropped). No cell qualifies: for every metric either the change at the catalytic site is not distinguishable from zero or the control response is below the metric's noise, so R measures whether a metric moves at all near the site and not specificity; no chance threshold is computed; the 8 supplementary comparators are in S49"
"P2KE_E;P1_E (structure-space, pooled natural sets)",specificity,tables/spec/derived/axisE_quantities.csv;tables/spec/derived/axis_ranking_meta.json;results/P2KE/blindness_map.csv;results/scores.parquet,5c6d6de4a99d241e;9989fd86c431e590;5e6f4bf6ac795edc;03a24a3bd72a9841,enzyme,193,84,EC sub-subclass (stated proxy for superfamily); the bootstrap resamples sub-subclasses,,,,one metric on axis E; the 29 main-set metrics grouped by the dose at which the metric is first detected and ranked by the raw mean R over three doses within the group,0,complete,public,never,12,14,"Attraction (Rosetta, site)",rosetta_cat_fa_atr,main,M1,Rosetta energy (site-scoped),3,0.7308,0.6851,0.6067,0.6742,0.63,0.7162,0,0,"detection_group = the smallest dose at which the metric responds (95% interval of its median change excludes zero), 'never' if none of the three; rows are grouped by it and ranked by the raw mean R within the group; R = probability that the metric changes more when second-shell residues are removed around the catalytic residues than around a matched control (ties one half; units where neither arm moves are dropped). No cell qualifies: for every metric either the change at the catalytic site is not distinguishable from zero or the control response is below the metric's noise, so R measures whether a metric moves at all near the site and not specificity; no chance threshold is computed; the 8 supplementary comparators are in S49"
"P2KE_E;P1_E (structure-space, pooled natural sets)",specificity,tables/spec/derived/axisE_quantities.csv;tables/spec/derived/axis_ranking_meta.json;results/P2KE/blindness_map.csv;results/scores.parquet,5c6d6de4a99d241e;9989fd86c431e590;5e6f4bf6ac795edc;03a24a3bd72a9841,enzyme,193,84,EC sub-subclass (stated proxy for superfamily); the bootstrap resamples sub-subclasses,,,,one metric on axis E; the 29 main-set metrics grouped by the dose at which the metric is first detected and ranked by the raw mean R over three doses within the group,0,complete,public,never,13,15,"Relative SASA, max",catalytic_rel_sasa_max,main,M1,Catalytic geometry (site-scoped),3,0.6897,0.692,0.635,0.6722,0.6112,0.7253,0,0,"detection_group = the smallest dose at which the metric responds (95% interval of its median change excludes zero), 'never' if none of the three; rows are grouped by it and ranked by the raw mean R within the group; R = probability that the metric changes more when second-shell residues are removed around the catalytic residues than around a matched control (ties one half; units where neither arm moves are dropped). No cell qualifies: for every metric either the change at the catalytic site is not distinguishable from zero or the control response is below the metric's noise, so R measures whether a metric moves at all near the site and not specificity; no chance threshold is computed; the 8 supplementary comparators are in S49"
"P2KE_E;P1_E (structure-space, pooled natural sets)",specificity,tables/spec/derived/axisE_quantities.csv;tables/spec/derived/axis_ranking_meta.json;results/P2KE/blindness_map.csv;results/scores.parquet,5c6d6de4a99d241e;9989fd86c431e590;5e6f4bf6ac795edc;03a24a3bd72a9841,enzyme,193,84,EC sub-subclass (stated proxy for superfamily); the bootstrap resamples sub-subclasses,,,,one metric on axis E; the 29 main-set metrics grouped by the dose at which the metric is first detected and ranked by the raw mean R over three doses within the group,0,complete,public,never,14,16,"Electrostatics (Rosetta, site)",rosetta_cat_fa_elec,main,M1,Rosetta energy (site-scoped),3,0.736,0.7,0.58,0.672,0.6241,0.7179,0,1,"detection_group = the smallest dose at which the metric responds (95% interval of its median change excludes zero), 'never' if none of the three; rows are grouped by it and ranked by the raw mean R within the group; R = probability that the metric changes more when second-shell residues are removed around the catalytic residues than around a matched control (ties one half; units where neither arm moves are dropped). No cell qualifies: for every metric either the change at the catalytic site is not distinguishable from zero or the control response is below the metric's noise, so R measures whether a metric moves at all near the site and not specificity; no chance threshold is computed; the 8 supplementary comparators are in S49"
"P2KE_E;P1_E (structure-space, pooled natural sets)",specificity,tables/spec/derived/axisE_quantities.csv;tables/spec/derived/axis_ranking_meta.json;results/P2KE/blindness_map.csv;results/scores.parquet,5c6d6de4a99d241e;9989fd86c431e590;5e6f4bf6ac795edc;03a24a3bd72a9841,enzyme,193,84,EC sub-subclass (stated proxy for superfamily); the bootstrap resamples sub-subclasses,,,,one metric on axis E; the 29 main-set metrics grouped by the dose at which the metric is first detected and ranked by the raw mean R over three doses within the group,0,complete,public,never,15,17,"Worst residue (Rosetta, site)",rosetta_cat_worst_residue,main,M1,Rosetta energy (site-scoped),3,0.739,0.6786,0.5878,0.6685,0.6081,0.7216,0,0,"detection_group = the smallest dose at which the metric responds (95% interval of its median change excludes zero), 'never' if none of the three; rows are grouped by it and ranked by the raw mean R within the group; R = probability that the metric changes more when second-shell residues are removed around the catalytic residues than around a matched control (ties one half; units where neither arm moves are dropped). No cell qualifies: for every metric either the change at the catalytic site is not distinguishable from zero or the control response is below the metric's noise, so R measures whether a metric moves at all near the site and not specificity; no chance threshold is computed; the 8 supplementary comparators are in S49"
"P2KE_E;P1_E (structure-space, pooled natural sets)",specificity,tables/spec/derived/axisE_quantities.csv;tables/spec/derived/axis_ranking_meta.json;results/P2KE/blindness_map.csv;results/scores.parquet,5c6d6de4a99d241e;9989fd86c431e590;5e6f4bf6ac795edc;03a24a3bd72a9841,enzyme,193,84,EC sub-subclass (stated proxy for superfamily); the bootstrap resamples sub-subclasses,,,,one metric on axis E; the 29 main-set metrics grouped by the dose at which the metric is first detected and ranked by the raw mean R over three doses within the group,0,complete,public,never,16,18,"pKa, min (PROPKA)",propka_catalytic_pka_min,main,M1,Catalytic pKa,3,0.7411,0.6678,0.5964,0.6684,0.6059,0.735,0,0,"detection_group = the smallest dose at which the metric responds (95% interval of its median change excludes zero), 'never' if none of the three; rows are grouped by it and ranked by the raw mean R within the group; R = probability that the metric changes more when second-shell residues are removed around the catalytic residues than around a matched control (ties one half; units where neither arm moves are dropped). No cell qualifies: for every metric either the change at the catalytic site is not distinguishable from zero or the control response is below the metric's noise, so R measures whether a metric moves at all near the site and not specificity; no chance threshold is computed; the 8 supplementary comparators are in S49"
"P2KE_E;P1_E (structure-space, pooled natural sets)",specificity,tables/spec/derived/axisE_quantities.csv;tables/spec/derived/axis_ranking_meta.json;results/P2KE/blindness_map.csv;results/scores.parquet,5c6d6de4a99d241e;9989fd86c431e590;5e6f4bf6ac795edc;03a24a3bd72a9841,enzyme,193,84,EC sub-subclass (stated proxy for superfamily); the bootstrap resamples sub-subclasses,,,,one metric on axis E; the 29 main-set metrics grouped by the dose at which the metric is first detected and ranked by the raw mean R over three doses within the group,0,complete,public,never,17,19,"Net van der Waals (Rosetta, site)",rosetta_catalytic_vdw_net,main,M1,Rosetta energy (site-scoped),3,0.7363,0.674,0.58,0.6634,0.6089,0.7135,0,1,"detection_group = the smallest dose at which the metric responds (95% interval of its median change excludes zero), 'never' if none of the three; rows are grouped by it and ranked by the raw mean R within the group; R = probability that the metric changes more when second-shell residues are removed around the catalytic residues than around a matched control (ties one half; units where neither arm moves are dropped). No cell qualifies: for every metric either the change at the catalytic site is not distinguishable from zero or the control response is below the metric's noise, so R measures whether a metric moves at all near the site and not specificity; no chance threshold is computed; the 8 supplementary comparators are in S49"
"P2KE_E;P1_E (structure-space, pooled natural sets)",specificity,tables/spec/derived/axisE_quantities.csv;tables/spec/derived/axis_ranking_meta.json;results/P2KE/blindness_map.csv;results/scores.parquet,5c6d6de4a99d241e;9989fd86c431e590;5e6f4bf6ac795edc;03a24a3bd72a9841,enzyme,193,84,EC sub-subclass (stated proxy for superfamily); the bootstrap resamples sub-subclasses,,,,one metric on axis E; the 29 main-set metrics grouped by the dose at which the metric is first detected and ranked by the raw mean R over three doses within the group,0,complete,public,never,18,20,"H-bond, side chain (Rosetta, site)",rosetta_cat_hbond_sc,main,M1,Rosetta energy (site-scoped),3,0.7159,0.678,0.595,0.663,0.591,0.7223,0,1,"detection_group = the smallest dose at which the metric responds (95% interval of its median change excludes zero), 'never' if none of the three; rows are grouped by it and ranked by the raw mean R within the group; R = probability that the metric changes more when second-shell residues are removed around the catalytic residues than around a matched control (ties one half; units where neither arm moves are dropped). No cell qualifies: for every metric either the change at the catalytic site is not distinguishable from zero or the control response is below the metric's noise, so R measures whether a metric moves at all near the site and not specificity; no chance threshold is computed; the 8 supplementary comparators are in S49"
"P2KE_E;P1_E (structure-space, pooled natural sets)",specificity,tables/spec/derived/axisE_quantities.csv;tables/spec/derived/axis_ranking_meta.json;results/P2KE/blindness_map.csv;results/scores.parquet,5c6d6de4a99d241e;9989fd86c431e590;5e6f4bf6ac795edc;03a24a3bd72a9841,enzyme,193,84,EC sub-subclass (stated proxy for superfamily); the bootstrap resamples sub-subclasses,,,,one metric on axis E; the 29 main-set metrics grouped by the dose at which the metric is first detected and ranked by the raw mean R over three doses within the group,0,complete,public,never,19,21,Site total (Rosetta),rosetta_cat_total,main,M1,Rosetta energy (site-scoped),3,0.7143,0.663,0.6,0.6591,0.6009,0.7136,0,1,"detection_group = the smallest dose at which the metric responds (95% interval of its median change excludes zero), 'never' if none of the three; rows are grouped by it and ranked by the raw mean R within the group; R = probability that the metric changes more when second-shell residues are removed around the catalytic residues than around a matched control (ties one half; units where neither arm moves are dropped). No cell qualifies: for every metric either the change at the catalytic site is not distinguishable from zero or the control response is below the metric's noise, so R measures whether a metric moves at all near the site and not specificity; no chance threshold is computed; the 8 supplementary comparators are in S49"
"P2KE_E;P1_E (structure-space, pooled natural sets)",specificity,tables/spec/derived/axisE_quantities.csv;tables/spec/derived/axis_ranking_meta.json;results/P2KE/blindness_map.csv;results/scores.parquet,5c6d6de4a99d241e;9989fd86c431e590;5e6f4bf6ac795edc;03a24a3bd72a9841,enzyme,193,84,EC sub-subclass (stated proxy for superfamily); the bootstrap resamples sub-subclasses,,,,one metric on axis E; the 29 main-set metrics grouped by the dose at which the metric is first detected and ranked by the raw mean R over three doses within the group,0,complete,public,never,20,22,"Pairwise distance, max",catalytic_pairwise_dist_max,main,M1,Catalytic geometry (site-scoped),3,0.7222,0.6538,0.597,0.6577,0.5237,0.7598,0,0,"detection_group = the smallest dose at which the metric responds (95% interval of its median change excludes zero), 'never' if none of the three; rows are grouped by it and ranked by the raw mean R within the group; R = probability that the metric changes more when second-shell residues are removed around the catalytic residues than around a matched control (ties one half; units where neither arm moves are dropped). No cell qualifies: for every metric either the change at the catalytic site is not distinguishable from zero or the control response is below the metric's noise, so R measures whether a metric moves at all near the site and not specificity; no chance threshold is computed; the 8 supplementary comparators are in S49"
"P2KE_E;P1_E (structure-space, pooled natural sets)",specificity,tables/spec/derived/axisE_quantities.csv;tables/spec/derived/axis_ranking_meta.json;results/P2KE/blindness_map.csv;results/scores.parquet,5c6d6de4a99d241e;9989fd86c431e590;5e6f4bf6ac795edc;03a24a3bd72a9841,enzyme,193,84,EC sub-subclass (stated proxy for superfamily); the bootstrap resamples sub-subclasses,,,,one metric on axis E; the 29 main-set metrics grouped by the dose at which the metric is first detected and ranked by the raw mean R over three doses within the group,0,complete,public,never,21,23,"Repulsion (Rosetta, site)",rosetta_cat_fa_rep,main,M1,Rosetta energy (site-scoped),3,0.7105,0.6337,0.62,0.6547,0.5985,0.7076,0,1,"detection_group = the smallest dose at which the metric responds (95% interval of its median change excludes zero), 'never' if none of the three; rows are grouped by it and ranked by the raw mean R within the group; R = probability that the metric changes more when second-shell residues are removed around the catalytic residues than around a matched control (ties one half; units where neither arm moves are dropped). No cell qualifies: for every metric either the change at the catalytic site is not distinguishable from zero or the control response is below the metric's noise, so R measures whether a metric moves at all near the site and not specificity; no chance threshold is computed; the 8 supplementary comparators are in S49"
"P2KE_E;P1_E (structure-space, pooled natural sets)",specificity,tables/spec/derived/axisE_quantities.csv;tables/spec/derived/axis_ranking_meta.json;results/P2KE/blindness_map.csv;results/scores.parquet,5c6d6de4a99d241e;9989fd86c431e590;5e6f4bf6ac795edc;03a24a3bd72a9841,enzyme,193,84,EC sub-subclass (stated proxy for superfamily); the bootstrap resamples sub-subclasses,,,,one metric on axis E; the 29 main-set metrics grouped by the dose at which the metric is first detected and ranked by the raw mean R over three doses within the group,0,complete,public,never,22,24,"Solvation (Rosetta, site)",rosetta_cat_fa_sol,main,M1,Rosetta energy (site-scoped),3,0.7155,0.6611,0.5733,0.65,0.599,0.6969,0,1,"detection_group = the smallest dose at which the metric responds (95% interval of its median change excludes zero), 'never' if none of the three; rows are grouped by it and ranked by the raw mean R within the group; R = probability that the metric changes more when second-shell residues are removed around the catalytic residues than around a matched control (ties one half; units where neither arm moves are dropped). No cell qualifies: for every metric either the change at the catalytic site is not distinguishable from zero or the control response is below the metric's noise, so R measures whether a metric moves at all near the site and not specificity; no chance threshold is computed; the 8 supplementary comparators are in S49"
"P2KE_E;P1_E (structure-space, pooled natural sets)",specificity,tables/spec/derived/axisE_quantities.csv;tables/spec/derived/axis_ranking_meta.json;results/P2KE/blindness_map.csv;results/scores.parquet,5c6d6de4a99d241e;9989fd86c431e590;5e6f4bf6ac795edc;03a24a3bd72a9841,enzyme,193,84,EC sub-subclass (stated proxy for superfamily); the bootstrap resamples sub-subclasses,,,,one metric on axis E; the 29 main-set metrics grouped by the dose at which the metric is first detected and ranked by the raw mean R over three doses within the group,0,complete,public,never,23,25,"H-bond, backbone to side chain (Rosetta, site)",rosetta_cat_hbond_bb_sc,main,M1,Rosetta energy (site-scoped),3,0.5625,0.6759,0.6462,0.6282,0.5595,0.6982,0,0,"detection_group = the smallest dose at which the metric responds (95% interval of its median change excludes zero), 'never' if none of the three; rows are grouped by it and ranked by the raw mean R within the group; R = probability that the metric changes more when second-shell residues are removed around the catalytic residues than around a matched control (ties one half; units where neither arm moves are dropped). No cell qualifies: for every metric either the change at the catalytic site is not distinguishable from zero or the control response is below the metric's noise, so R measures whether a metric moves at all near the site and not specificity; no chance threshold is computed; the 8 supplementary comparators are in S49"
"P2KE_E;P1_E (structure-space, pooled natural sets)",specificity,tables/spec/derived/axisE_quantities.csv;tables/spec/derived/axis_ranking_meta.json;results/P2KE/blindness_map.csv;results/scores.parquet,5c6d6de4a99d241e;9989fd86c431e590;5e6f4bf6ac795edc;03a24a3bd72a9841,enzyme,193,84,EC sub-subclass (stated proxy for superfamily); the bootstrap resamples sub-subclasses,,,,one metric on axis E; the 29 main-set metrics grouped by the dose at which the metric is first detected and ranked by the raw mean R over three doses within the group,0,complete,public,never,24,26,Polar contacts,catalytic_polar_contacts,main,M1,Catalytic geometry (site-scoped),3,0.5909,0.5909,0.6528,0.6115,0.4935,0.7274,0,0,"detection_group = the smallest dose at which the metric responds (95% interval of its median change excludes zero), 'never' if none of the three; rows are grouped by it and ranked by the raw mean R within the group; R = probability that the metric changes more when second-shell residues are removed around the catalytic residues than around a matched control (ties one half; units where neither arm moves are dropped). No cell qualifies: for every metric either the change at the catalytic site is not distinguishable from zero or the control response is below the metric's noise, so R measures whether a metric moves at all near the site and not specificity; no chance threshold is computed; the 8 supplementary comparators are in S49"
"P2KE_E;P1_E (structure-space, pooled natural sets)",specificity,tables/spec/derived/axisE_quantities.csv;tables/spec/derived/axis_ranking_meta.json;results/P2KE/blindness_map.csv;results/scores.parquet,5c6d6de4a99d241e;9989fd86c431e590;5e6f4bf6ac795edc;03a24a3bd72a9841,enzyme,193,84,EC sub-subclass (stated proxy for superfamily); the bootstrap resamples sub-subclasses,,,,one metric on axis E; the 29 main-set metrics grouped by the dose at which the metric is first detected and ranked by the raw mean R over three doses within the group,0,complete,public,never,25,27,"Ramachandran (Rosetta, site)",rosetta_cat_rama_prepro,main,M1,Rosetta energy (site-scoped),3,0.1,0.0,0.0,0.0333,0.0,0.1111,0,3,"detection_group = the smallest dose at which the metric responds (95% interval of its median change excludes zero), 'never' if none of the three; rows are grouped by it and ranked by the raw mean R within the group; R = probability that the metric changes more when second-shell residues are removed around the catalytic residues than around a matched control (ties one half; units where neither arm moves are dropped). No cell qualifies: for every metric either the change at the catalytic site is not distinguishable from zero or the control response is below the metric's noise, so R measures whether a metric moves at all near the site and not specificity; no chance threshold is computed; the 8 supplementary comparators are in S49"
"P2KE_E;P1_E (structure-space, pooled natural sets)",specificity,tables/spec/derived/axisE_quantities.csv;tables/spec/derived/axis_ranking_meta.json;results/P2KE/blindness_map.csv;results/scores.parquet,5c6d6de4a99d241e;9989fd86c431e590;5e6f4bf6ac795edc;03a24a3bd72a9841,enzyme,193,84,EC sub-subclass (stated proxy for superfamily); the bootstrap resamples sub-subclasses,,,,one metric on axis E; the 29 main-set metrics grouped by the dose at which the metric is first detected and ranked by the raw mean R over three doses within the group,0,complete,public,never,,28,"Omega torsion (Rosetta, site)",rosetta_cat_omega,main,M1,Rosetta energy (site-scoped),0,,,,,,,0,3,"detection_group = the smallest dose at which the metric responds (95% interval of its median change excludes zero), 'never' if none of the three; rows are grouped by it and ranked by the raw mean R within the group; R = probability that the metric changes more when second-shell residues are removed around the catalytic residues than around a matched control (ties one half; units where neither arm moves are dropped). No cell qualifies: for every metric either the change at the catalytic site is not distinguishable from zero or the control response is below the metric's noise, so R measures whether a metric moves at all near the site and not specificity; no chance threshold is computed; the 8 supplementary comparators are in S49"
"P2KE_E;P1_E (structure-space, pooled natural sets)",specificity,tables/spec/derived/axisE_quantities.csv;tables/spec/derived/axis_ranking_meta.json;results/P2KE/blindness_map.csv;results/scores.parquet,5c6d6de4a99d241e;9989fd86c431e590;5e6f4bf6ac795edc;03a24a3bd72a9841,enzyme,193,84,EC sub-subclass (stated proxy for superfamily); the bootstrap resamples sub-subclasses,,,,one metric on axis E; the 29 main-set metrics grouped by the dose at which the metric is first detected and ranked by the raw mean R over three doses within the group,0,complete,public,never,,29,"Amino-acid propensity (Rosetta, site)",rosetta_cat_p_aa_pp,main,M1,Rosetta energy (site-scoped),0,,,,,,,0,3,"detection_group = the smallest dose at which the metric responds (95% interval of its median change excludes zero), 'never' if none of the three; rows are grouped by it and ranked by the raw mean R within the group; R = probability that the metric changes more when second-shell residues are removed around the catalytic residues than around a matched control (ties one half; units where neither arm moves are dropped). No cell qualifies: for every metric either the change at the catalytic site is not distinguishable from zero or the control response is below the metric's noise, so R measures whether a metric moves at all near the site and not specificity; no chance threshold is computed; the 8 supplementary comparators are in S49"
