metric_name,canonical_key,input_class,in_main_set,rung,volume_A3,R,R_lo90,R_hi90,n_systems,n_clusters,responds,interpretable,status_a3_P2K_C,source_artifact
catalytic_frac_buried,catalytic_frac_buried,struct_site,1,ala,53.2,0.7557,0.686,0.8189,131,72,True,True,OK,results/ranking_cost.csv
catalytic_frac_buried,catalytic_frac_buried,struct_site,1,gly,80.5,0.7209,0.6581,0.7797,129,71,True,True,OK,results/ranking_cost.csv
catalytic_frac_buried,catalytic_frac_buried,struct_site,1,isosteric,15.3,0.5517,0.473,0.6379,87,53,False,False,OK,results/ranking_cost.csv
catalytic_frac_buried,catalytic_frac_buried,struct_site,1,non_isosteric,36.4,0.5542,0.4922,0.6195,120,68,False,False,OK,results/ranking_cost.csv
catalytic_n_atoms,catalytic_n_atoms,bookkeeping,0,ala,53.2,0.6127,0.5803,0.6484,142,76,True,True,X-BOOKKEEP,results/ranking_cost.csv
catalytic_n_atoms,catalytic_n_atoms,bookkeeping,0,gly,80.5,0.6099,0.5795,0.6437,141,75,True,True,X-BOOKKEEP,results/ranking_cost.csv
catalytic_n_atoms,catalytic_n_atoms,bookkeeping,0,isosteric,15.3,0.5938,0.5636,0.6287,128,70,True,True,X-BOOKKEEP,results/ranking_cost.csv
catalytic_n_atoms,catalytic_n_atoms,bookkeeping,0,non_isosteric,36.4,0.6165,0.5833,0.6552,133,73,True,True,X-BOOKKEEP,results/ranking_cost.csv
catalytic_n_atoms_used,catalytic_n_atoms_used,bookkeeping,0,ala,53.2,0.6127,0.5803,0.6484,142,76,True,True,X-BOOKKEEP,results/ranking_cost.csv
catalytic_n_atoms_used,catalytic_n_atoms_used,bookkeeping,0,isosteric,15.3,0.5938,0.5636,0.6287,128,70,True,True,X-BOOKKEEP,results/ranking_cost.csv
catalytic_n_atoms_used,catalytic_n_atoms_used,bookkeeping,0,non_isosteric,36.4,0.6165,0.5833,0.6552,133,73,True,True,X-BOOKKEEP,results/ranking_cost.csv
catalytic_n_no_sidechain,catalytic_n_no_sidechain,bookkeeping,0,ala,53.2,0.5,0.5,0.5,18,17,False,False,X-BOOKKEEP,results/ranking_cost.csv
catalytic_n_no_sidechain,catalytic_n_no_sidechain,bookkeeping,0,gly,80.5,0.6099,0.5795,0.6437,141,75,True,True,X-BOOKKEEP,results/ranking_cost.csv
catalytic_pairwise_dist_max,catalytic_pairwise_dist_max,struct_site,1,ala,53.2,0.203,0.1522,0.2574,133,72,False,False,OK,results/ranking_cost.csv
catalytic_pairwise_dist_max,catalytic_pairwise_dist_max,struct_site,1,isosteric,15.3,0.3065,0.2348,0.3786,124,71,False,False,OK,results/ranking_cost.csv
catalytic_pairwise_dist_max,catalytic_pairwise_dist_max,struct_site,1,non_isosteric,36.4,0.3957,0.3308,0.4656,139,74,False,False,OK,results/ranking_cost.csv
catalytic_pairwise_dist_mean,catalytic_pairwise_dist_mean,struct_site,1,ala,53.2,0.3262,0.2553,0.4,141,75,True,True,OK,results/ranking_cost.csv
catalytic_pairwise_dist_mean,catalytic_pairwise_dist_mean,struct_site,1,isosteric,15.3,0.3929,0.3281,0.4565,140,74,True,True,OK,results/ranking_cost.csv
catalytic_pairwise_dist_mean,catalytic_pairwise_dist_mean,struct_site,1,non_isosteric,36.4,0.5286,0.459,0.6,140,74,True,True,OK,results/ranking_cost.csv
catalytic_polar_contacts,catalytic_polar_contacts,struct_site,1,ala,53.2,0.9829,0.963,0.9963,117,68,True,False,OK,results/ranking_cost.csv
catalytic_polar_contacts,catalytic_polar_contacts,struct_site,1,gly,80.5,0.9829,0.963,0.9963,117,68,True,False,OK,results/ranking_cost.csv
catalytic_polar_contacts,catalytic_polar_contacts,struct_site,1,isosteric,15.3,0.9398,0.9054,0.9731,108,68,True,False,OK,results/ranking_cost.csv
catalytic_polar_contacts,catalytic_polar_contacts,struct_site,1,non_isosteric,36.4,0.9828,0.9627,0.9963,116,68,True,False,OK,results/ranking_cost.csv
catalytic_polar_contacts_per_residue,catalytic_polar_contacts_per_residue,struct_site,0,ala,53.2,0.9744,0.9491,0.9932,117,68,True,False,OK,results/ranking_cost.csv
catalytic_polar_contacts_per_residue,catalytic_polar_contacts_per_residue,struct_site,0,gly,80.5,0.9744,0.9491,0.9932,117,68,True,False,OK,results/ranking_cost.csv
catalytic_polar_contacts_per_residue,catalytic_polar_contacts_per_residue,struct_site,0,isosteric,15.3,0.9352,0.8947,0.973,108,68,True,False,OK,results/ranking_cost.csv
catalytic_polar_contacts_per_residue,catalytic_polar_contacts_per_residue,struct_site,0,non_isosteric,36.4,0.9741,0.9491,0.9931,116,68,True,False,OK,results/ranking_cost.csv
catalytic_polar_dist_mean,catalytic_polar_dist_mean,struct_site,0,isosteric,15.3,0.5,0.1429,1.0,6,5,False,False,OK,results/ranking_cost.csv
catalytic_polar_dist_min,catalytic_polar_dist_min,struct_site,0,isosteric,15.3,0.6667,0.25,1.0,6,5,False,False,OK,results/ranking_cost.csv
catalytic_radius_of_gyration,catalytic_radius_of_gyration,struct_site,1,ala,53.2,0.6056,0.5368,0.6715,142,76,True,True,OK,results/ranking_cost.csv
catalytic_radius_of_gyration,catalytic_radius_of_gyration,struct_site,1,isosteric,15.3,0.35,0.2896,0.4088,140,74,True,True,OK,results/ranking_cost.csv
catalytic_radius_of_gyration,catalytic_radius_of_gyration,struct_site,1,non_isosteric,36.4,0.5143,0.446,0.5826,140,74,True,True,OK,results/ranking_cost.csv
catalytic_rel_sasa_max,catalytic_rel_sasa_max,struct_site,1,ala,53.2,0.5845,0.5141,0.6552,142,76,True,True,OK,results/ranking_cost.csv
catalytic_rel_sasa_max,catalytic_rel_sasa_max,struct_site,1,gly,80.5,0.6286,0.5569,0.7027,140,74,True,True,OK,results/ranking_cost.csv
catalytic_rel_sasa_max,catalytic_rel_sasa_max,struct_site,1,isosteric,15.3,0.5929,0.5203,0.6619,140,74,True,True,OK,results/ranking_cost.csv
catalytic_rel_sasa_max,catalytic_rel_sasa_max,struct_site,1,non_isosteric,36.4,0.5571,0.4806,0.6277,140,74,False,False,OK,results/ranking_cost.csv
catalytic_rel_sasa_mean,catalytic_rel_sasa_mean,struct_site,1,ala,53.2,0.7254,0.6596,0.7929,142,76,True,True,OK,results/ranking_cost.csv
catalytic_rel_sasa_mean,catalytic_rel_sasa_mean,struct_site,1,gly,80.5,0.7376,0.6814,0.7907,141,75,True,True,OK,results/ranking_cost.csv
catalytic_rel_sasa_mean,catalytic_rel_sasa_mean,struct_site,1,isosteric,15.3,0.5643,0.5063,0.6279,140,74,True,True,OK,results/ranking_cost.csv
catalytic_rel_sasa_mean,catalytic_rel_sasa_mean,struct_site,1,non_isosteric,36.4,0.5857,0.5185,0.6565,140,74,True,True,OK,results/ranking_cost.csv
catalytic_sasa_mean,catalytic_sasa_mean,struct_site,0,ala,53.2,0.4789,0.4083,0.5532,142,76,False,False,OK,results/ranking_cost.csv
catalytic_sasa_mean,catalytic_sasa_mean,struct_site,0,gly,80.5,0.5248,0.4545,0.6,141,75,True,True,OK,results/ranking_cost.csv
catalytic_sasa_mean,catalytic_sasa_mean,struct_site,0,isosteric,15.3,0.5143,0.4526,0.5798,140,74,False,False,OK,results/ranking_cost.csv
catalytic_sasa_mean,catalytic_sasa_mean,struct_site,0,non_isosteric,36.4,0.5714,0.5035,0.6333,140,74,True,True,OK,results/ranking_cost.csv
catalytic_sasa_total,catalytic_sasa_total,struct_site,1,ala,53.2,0.5352,0.4663,0.6061,142,76,False,False,OK,results/ranking_cost.csv
catalytic_sasa_total,catalytic_sasa_total,struct_site,1,gly,80.5,0.5461,0.4789,0.6172,141,75,True,True,OK,results/ranking_cost.csv
catalytic_sasa_total,catalytic_sasa_total,struct_site,1,isosteric,15.3,0.5429,0.482,0.6098,140,74,False,False,OK,results/ranking_cost.csv
catalytic_sasa_total,catalytic_sasa_total,struct_site,1,non_isosteric,36.4,0.6,0.529,0.6644,140,74,True,True,OK,results/ranking_cost.csv
frac_A,frac_A,seq_only,0,ala,53.2,0.6127,0.5803,0.6484,142,76,True,True,X-NOINPUT,results/ranking_cost.csv
frac_A,frac_A,seq_only,0,gly,80.5,0.5,0.5,0.5,9,8,False,False,X-NOINPUT,results/ranking_cost.csv
frac_C,frac_C,seq_only,0,ala,53.2,0.5946,0.5278,0.6707,37,30,False,False,X-NOINPUT,results/ranking_cost.csv
frac_C,frac_C,seq_only,0,gly,80.5,0.5833,0.5147,0.6528,36,29,False,False,X-NOINPUT,results/ranking_cost.csv
frac_C,frac_C,seq_only,0,isosteric,15.3,0.5463,0.5086,0.5919,54,43,False,False,X-NOINPUT,results/ranking_cost.csv
frac_C,frac_C,seq_only,0,non_isosteric,36.4,0.5833,0.5147,0.6528,36,29,False,False,X-NOINPUT,results/ranking_cost.csv
frac_D,frac_D,seq_only,0,ala,53.2,0.5056,0.5,0.5169,90,48,True,True,X-NOINPUT,results/ranking_cost.csv
frac_D,frac_D,seq_only,0,gly,80.5,0.5056,0.5,0.5169,90,48,True,True,X-NOINPUT,results/ranking_cost.csv
frac_D,frac_D,seq_only,0,isosteric,15.3,0.5,0.4881,0.5128,90,50,False,False,X-NOINPUT,results/ranking_cost.csv
frac_D,frac_D,seq_only,0,non_isosteric,36.4,0.516,0.4901,0.5408,94,54,False,False,X-NOINPUT,results/ranking_cost.csv
frac_E,frac_E,seq_only,0,ala,53.2,0.5233,0.5059,0.5435,86,53,True,True,X-NOINPUT,results/ranking_cost.csv
frac_E,frac_E,seq_only,0,gly,80.5,0.5233,0.5059,0.5435,86,53,True,True,X-NOINPUT,results/ranking_cost.csv
frac_E,frac_E,seq_only,0,isosteric,15.3,0.511,0.494,0.5286,91,57,False,False,X-NOINPUT,results/ranking_cost.csv
frac_E,frac_E,seq_only,0,non_isosteric,36.4,0.5233,0.5059,0.5435,86,53,True,True,X-NOINPUT,results/ranking_cost.csv
frac_F,frac_F,seq_only,0,ala,53.2,0.5,0.5,0.5,8,8,False,False,X-NOINPUT,results/ranking_cost.csv
frac_F,frac_F,seq_only,0,gly,80.5,0.5,0.5,0.5,8,8,False,False,X-NOINPUT,results/ranking_cost.csv
frac_F,frac_F,seq_only,0,isosteric,15.3,0.4894,0.4556,0.5209,47,37,False,False,X-NOINPUT,results/ranking_cost.csv
frac_F,frac_F,seq_only,0,non_isosteric,36.4,0.5,0.5,0.5,8,8,False,False,X-NOINPUT,results/ranking_cost.csv
frac_G,frac_G,seq_only,0,ala,53.2,0.5,0.5,0.5,18,17,False,False,X-NOINPUT,results/ranking_cost.csv
frac_G,frac_G,seq_only,0,gly,80.5,0.6099,0.5795,0.6437,141,75,True,True,X-NOINPUT,results/ranking_cost.csv
frac_H,frac_H,seq_only,0,ala,53.2,0.5934,0.5585,0.6316,91,55,True,True,X-NOINPUT,results/ranking_cost.csv
frac_H,frac_H,seq_only,0,gly,80.5,0.5934,0.5585,0.6316,91,55,True,True,X-NOINPUT,results/ranking_cost.csv
frac_H,frac_H,seq_only,0,isosteric,15.3,0.5934,0.5585,0.6316,91,55,True,True,X-NOINPUT,results/ranking_cost.csv
frac_H,frac_H,seq_only,0,non_isosteric,36.4,0.5934,0.5585,0.6316,91,55,True,True,X-NOINPUT,results/ranking_cost.csv
frac_K,frac_K,seq_only,0,ala,53.2,0.5686,0.5322,0.6136,51,32,False,False,X-NOINPUT,results/ranking_cost.csv
frac_K,frac_K,seq_only,0,gly,80.5,0.5686,0.5322,0.6136,51,32,False,False,X-NOINPUT,results/ranking_cost.csv
frac_K,frac_K,seq_only,0,isosteric,15.3,0.5686,0.5322,0.6136,51,32,False,False,X-NOINPUT,results/ranking_cost.csv
frac_K,frac_K,seq_only,0,non_isosteric,36.4,0.5588,0.5231,0.6032,68,43,False,False,X-NOINPUT,results/ranking_cost.csv
frac_L,frac_L,seq_only,0,isosteric,15.3,0.5,0.5,0.5,14,14,False,False,X-NOINPUT,results/ranking_cost.csv
frac_L,frac_L,seq_only,0,non_isosteric,36.4,0.5893,0.5586,0.6219,140,74,True,True,X-NOINPUT,results/ranking_cost.csv
frac_M,frac_M,seq_only,0,ala,53.2,0.5,0.5,0.5,6,6,False,False,X-NOINPUT,results/ranking_cost.csv
frac_M,frac_M,seq_only,0,gly,80.5,0.5,0.5,0.5,6,6,False,False,X-NOINPUT,results/ranking_cost.csv
frac_M,frac_M,seq_only,0,isosteric,15.3,0.5636,0.5278,0.6064,55,35,False,False,X-NOINPUT,results/ranking_cost.csv
frac_M,frac_M,seq_only,0,non_isosteric,36.4,0.5,0.5,0.5,6,6,False,False,X-NOINPUT,results/ranking_cost.csv
frac_N,frac_N,seq_only,0,ala,53.2,0.5156,0.5,0.5417,32,25,False,False,X-NOINPUT,results/ranking_cost.csv
frac_N,frac_N,seq_only,0,gly,80.5,0.5156,0.5,0.5417,32,25,False,False,X-NOINPUT,results/ranking_cost.csv
frac_N,frac_N,seq_only,0,isosteric,15.3,0.5641,0.5351,0.5962,117,65,True,True,X-NOINPUT,results/ranking_cost.csv
frac_N,frac_N,seq_only,0,non_isosteric,36.4,0.5156,0.5,0.5417,32,25,False,False,X-NOINPUT,results/ranking_cost.csv
frac_Q,frac_Q,seq_only,0,ala,53.2,0.5,0.5,0.5,16,15,False,False,X-NOINPUT,results/ranking_cost.csv
frac_Q,frac_Q,seq_only,0,gly,80.5,0.5,0.5,0.5,16,15,False,False,X-NOINPUT,results/ranking_cost.csv
frac_Q,frac_Q,seq_only,0,isosteric,15.3,0.519,0.5,0.5381,105,62,True,True,X-NOINPUT,results/ranking_cost.csv
frac_Q,frac_Q,seq_only,0,non_isosteric,36.4,0.5,0.5,0.5,25,22,False,False,X-NOINPUT,results/ranking_cost.csv
frac_R,frac_R,seq_only,0,ala,53.2,0.5357,0.5104,0.5714,42,33,False,False,X-NOINPUT,results/ranking_cost.csv
frac_R,frac_R,seq_only,0,gly,80.5,0.5357,0.5104,0.5714,42,33,False,False,X-NOINPUT,results/ranking_cost.csv
frac_R,frac_R,seq_only,0,isosteric,15.3,0.5357,0.5104,0.5714,42,33,False,False,X-NOINPUT,results/ranking_cost.csv
frac_R,frac_R,seq_only,0,non_isosteric,36.4,0.5357,0.5104,0.5714,42,33,False,False,X-NOINPUT,results/ranking_cost.csv
frac_S,frac_S,seq_only,0,ala,53.2,0.5323,0.5,0.5769,31,25,False,False,X-NOINPUT,results/ranking_cost.csv
frac_S,frac_S,seq_only,0,gly,80.5,0.5323,0.5,0.5769,31,25,False,False,X-NOINPUT,results/ranking_cost.csv
frac_S,frac_S,seq_only,0,isosteric,15.3,0.5463,0.5086,0.5919,54,43,False,False,X-NOINPUT,results/ranking_cost.csv
frac_S,frac_S,seq_only,0,non_isosteric,36.4,0.5,0.5,0.5,29,25,False,False,X-NOINPUT,results/ranking_cost.csv
frac_T,frac_T,seq_only,0,ala,53.2,0.5,0.5,0.5,23,20,False,False,X-NOINPUT,results/ranking_cost.csv
frac_T,frac_T,seq_only,0,gly,80.5,0.5,0.5,0.5,23,20,False,False,X-NOINPUT,results/ranking_cost.csv
frac_T,frac_T,seq_only,0,isosteric,15.3,0.5,0.5,0.5,23,20,False,False,X-NOINPUT,results/ranking_cost.csv
frac_T,frac_T,seq_only,0,non_isosteric,36.4,0.5,0.5,0.5,23,20,False,False,X-NOINPUT,results/ranking_cost.csv
frac_V,frac_V,seq_only,0,isosteric,15.3,0.5,0.5,0.5,23,20,False,False,X-NOINPUT,results/ranking_cost.csv
frac_W,frac_W,seq_only,0,ala,53.2,0.45,0.35,0.5,10,9,False,False,X-NOINPUT,results/ranking_cost.csv
frac_W,frac_W,seq_only,0,gly,80.5,0.45,0.35,0.5,10,9,False,False,X-NOINPUT,results/ranking_cost.csv
frac_W,frac_W,seq_only,0,isosteric,15.3,0.45,0.35,0.5,10,9,False,False,X-NOINPUT,results/ranking_cost.csv
frac_W,frac_W,seq_only,0,non_isosteric,36.4,0.45,0.35,0.5,10,9,False,False,X-NOINPUT,results/ranking_cost.csv
frac_Y,frac_Y,seq_only,0,ala,53.2,0.5,0.4667,0.5333,35,27,False,False,X-NOINPUT,results/ranking_cost.csv
frac_Y,frac_Y,seq_only,0,gly,80.5,0.5,0.4667,0.5333,35,27,False,False,X-NOINPUT,results/ranking_cost.csv
frac_Y,frac_Y,seq_only,0,isosteric,15.3,0.5,0.4667,0.5333,35,27,False,False,X-NOINPUT,results/ranking_cost.csv
frac_Y,frac_Y,seq_only,0,non_isosteric,36.4,0.5,0.4667,0.5333,35,27,False,False,X-NOINPUT,results/ranking_cost.csv
frac_aromatic,frac_aromatic,seq_only,0,ala,53.2,0.4896,0.4583,0.5204,48,38,False,False,X-NOINPUT,results/ranking_cost.csv
frac_aromatic,frac_aromatic,seq_only,0,gly,80.5,0.4896,0.4583,0.5204,48,38,False,False,X-NOINPUT,results/ranking_cost.csv
frac_aromatic,frac_aromatic,seq_only,0,isosteric,15.3,0.5,0.5,0.5,8,8,False,False,X-NOINPUT,results/ranking_cost.csv
frac_aromatic,frac_aromatic,seq_only,0,non_isosteric,36.4,0.4896,0.4583,0.5204,48,38,False,False,X-NOINPUT,results/ranking_cost.csv
frac_catalytic_present,frac_catalytic_present,bookkeeping,0,ala,53.2,0.4824,0.4656,0.4966,142,76,True,True,X-BOOKKEEP,results/ranking_cost.csv
frac_catalytic_present,frac_catalytic_present,bookkeeping,0,gly,80.5,0.4894,0.4685,0.5076,141,75,True,True,X-BOOKKEEP,results/ranking_cost.csv
frac_catalytic_present,frac_catalytic_present,bookkeeping,0,isosteric,15.3,0.4857,0.4635,0.5078,140,74,True,True,X-BOOKKEEP,results/ranking_cost.csv
frac_catalytic_present,frac_catalytic_present,bookkeeping,0,non_isosteric,36.4,0.4857,0.4635,0.5078,140,74,True,True,X-BOOKKEEP,results/ranking_cost.csv
frac_charged,frac_charged,seq_only,0,ala,53.2,0.5469,0.5265,0.5695,128,68,True,True,X-NOINPUT,results/ranking_cost.csv
frac_charged,frac_charged,seq_only,0,gly,80.5,0.5469,0.5265,0.5695,128,68,True,True,X-NOINPUT,results/ranking_cost.csv
frac_charged,frac_charged,seq_only,0,isosteric,15.3,0.5282,0.5041,0.5556,124,70,True,True,X-NOINPUT,results/ranking_cost.csv
frac_charged,frac_charged,seq_only,0,non_isosteric,36.4,0.5254,0.5076,0.5486,118,63,True,True,X-NOINPUT,results/ranking_cost.csv
frac_ivywrel,frac_ivywrel,seq_only,0,ala,53.2,0.5216,0.5,0.5429,116,66,True,True,X-NOINPUT,results/ranking_cost.csv
frac_ivywrel,frac_ivywrel,seq_only,0,gly,80.5,0.5216,0.5,0.5429,116,66,True,True,X-NOINPUT,results/ranking_cost.csv
frac_ivywrel,frac_ivywrel,seq_only,0,isosteric,15.3,0.5138,0.4911,0.536,109,65,True,True,X-NOINPUT,results/ranking_cost.csv
frac_ivywrel,frac_ivywrel,seq_only,0,non_isosteric,36.4,0.5873,0.5539,0.6282,126,67,True,True,X-NOINPUT,results/ranking_cost.csv
glu_fraction,frac_E,seq_only,0,ala,53.2,0.5233,0.5059,0.5435,86,53,True,True,X-NOINPUT,results/ranking_cost.csv
glu_fraction,frac_E,seq_only,0,gly,80.5,0.5233,0.5059,0.5435,86,53,True,True,X-NOINPUT,results/ranking_cost.csv
glu_fraction,frac_E,seq_only,0,isosteric,15.3,0.511,0.494,0.5286,91,57,False,False,X-NOINPUT,results/ranking_cost.csv
glu_fraction,frac_E,seq_only,0,non_isosteric,36.4,0.5233,0.5059,0.5435,86,53,True,True,X-NOINPUT,results/ranking_cost.csv
lys_fraction,frac_K,seq_only,0,ala,53.2,0.5686,0.5322,0.6136,51,32,False,False,X-NOINPUT,results/ranking_cost.csv
lys_fraction,frac_K,seq_only,0,gly,80.5,0.5686,0.5322,0.6136,51,32,False,False,X-NOINPUT,results/ranking_cost.csv
lys_fraction,frac_K,seq_only,0,isosteric,15.3,0.5686,0.5322,0.6136,51,32,False,False,X-NOINPUT,results/ranking_cost.csv
lys_fraction,frac_K,seq_only,0,non_isosteric,36.4,0.5588,0.5231,0.6032,68,43,False,False,X-NOINPUT,results/ranking_cost.csv
mean_hydropathy,mean_hydropathy,seq_only,0,ala,53.2,0.5704,0.5103,0.6316,142,76,True,True,X-NOINPUT,results/ranking_cost.csv
mean_hydropathy,mean_hydropathy,seq_only,0,gly,80.5,0.5922,0.5345,0.6519,141,75,True,True,X-NOINPUT,results/ranking_cost.csv
mean_hydropathy,mean_hydropathy,seq_only,0,isosteric,15.3,0.5693,0.5181,0.6259,137,74,True,True,X-NOINPUT,results/ranking_cost.csv
mean_hydropathy,mean_hydropathy,seq_only,0,non_isosteric,36.4,0.5714,0.5145,0.6274,140,74,True,True,X-NOINPUT,results/ranking_cost.csv
n_catalytic_identity_match,n_catalytic_identity_match,bookkeeping,0,ala,53.2,0.6092,0.5767,0.6449,142,76,True,True,X-BOOKKEEP,results/ranking_cost.csv
n_catalytic_identity_match,n_catalytic_identity_match,bookkeeping,0,gly,80.5,0.6064,0.5761,0.6409,141,75,True,True,X-BOOKKEEP,results/ranking_cost.csv
n_catalytic_identity_match,n_catalytic_identity_match,bookkeeping,0,isosteric,15.3,0.6,0.568,0.6354,140,74,True,True,X-BOOKKEEP,results/ranking_cost.csv
n_catalytic_identity_match,n_catalytic_identity_match,bookkeeping,0,non_isosteric,36.4,0.6,0.568,0.6354,140,74,True,True,X-BOOKKEEP,results/ranking_cost.csv
n_catalytic_substituted,n_catalytic_substituted,bookkeeping,0,ala,53.2,0.6092,0.5767,0.6449,142,76,True,True,X-BOOKKEEP,results/ranking_cost.csv
n_catalytic_substituted,n_catalytic_substituted,bookkeeping,0,gly,80.5,0.6064,0.5761,0.6409,141,75,True,True,X-BOOKKEEP,results/ranking_cost.csv
n_catalytic_substituted,n_catalytic_substituted,bookkeeping,0,isosteric,15.3,0.6,0.568,0.6354,140,74,True,True,X-BOOKKEEP,results/ranking_cost.csv
n_catalytic_substituted,n_catalytic_substituted,bookkeeping,0,non_isosteric,36.4,0.6,0.568,0.6354,140,74,True,True,X-BOOKKEEP,results/ranking_cost.csv
net_charge,net_charge,seq_only,0,ala,53.2,0.4912,0.4667,0.5136,114,62,True,True,X-NOINPUT,results/ranking_cost.csv
net_charge,net_charge,seq_only,0,gly,80.5,0.4912,0.4667,0.5136,114,62,True,True,X-NOINPUT,results/ranking_cost.csv
net_charge,net_charge,seq_only,0,isosteric,15.3,0.4771,0.4491,0.5,109,66,False,False,X-NOINPUT,results/ranking_cost.csv
net_charge,net_charge,seq_only,0,non_isosteric,36.4,0.5207,0.4963,0.5439,121,67,False,False,X-NOINPUT,results/ranking_cost.csv
net_charge_per_residue,net_charge_per_residue,seq_only,0,ala,53.2,0.4912,0.4667,0.5136,114,62,True,True,X-NOINPUT,results/ranking_cost.csv
net_charge_per_residue,net_charge_per_residue,seq_only,0,gly,80.5,0.4912,0.4667,0.5136,114,62,True,True,X-NOINPUT,results/ranking_cost.csv
net_charge_per_residue,net_charge_per_residue,seq_only,0,isosteric,15.3,0.4771,0.4491,0.5,109,66,False,False,X-NOINPUT,results/ranking_cost.csv
net_charge_per_residue,net_charge_per_residue,seq_only,0,non_isosteric,36.4,0.5207,0.4963,0.5439,121,67,False,False,X-NOINPUT,results/ranking_cost.csv
propka_catalytic_pka_max,propka_catalytic_pka_max,struct_site,1,isosteric,15.3,0.45,0.3443,0.5577,60,42,True,True,OK,results/ranking_cost.csv
propka_catalytic_pka_max,propka_catalytic_pka_max,struct_site,1,non_isosteric,36.4,0.5747,0.4828,0.6634,87,53,True,True,OK,results/ranking_cost.csv
propka_catalytic_pka_mean,propka_catalytic_pka_mean,struct_site,1,isosteric,15.3,0.4,0.2931,0.5073,60,42,True,True,OK,results/ranking_cost.csv
propka_catalytic_pka_mean,propka_catalytic_pka_mean,struct_site,1,non_isosteric,36.4,0.4713,0.3855,0.5513,87,53,False,False,OK,results/ranking_cost.csv
propka_catalytic_pka_min,propka_catalytic_pka_min,struct_site,1,isosteric,15.3,0.5667,0.4643,0.6669,60,42,True,True,OK,results/ranking_cost.csv
propka_catalytic_pka_min,propka_catalytic_pka_min,struct_site,1,non_isosteric,36.4,0.5632,0.4667,0.6582,87,53,True,True,OK,results/ranking_cost.csv
propka_catalytic_pka_range,propka_catalytic_pka_range,struct_site,1,isosteric,15.3,0.6897,0.5849,0.7904,58,41,True,True,OK,results/ranking_cost.csv
propka_catalytic_pka_range,propka_catalytic_pka_range,struct_site,1,non_isosteric,36.4,0.6512,0.5499,0.74,86,52,True,True,OK,results/ranking_cost.csv
propka_catalytic_shift_absmax,propka_catalytic_shift_absmax,struct_site,1,isosteric,15.3,0.5667,0.4576,0.6719,60,42,False,False,OK,results/ranking_cost.csv
propka_catalytic_shift_absmax,propka_catalytic_shift_absmax,struct_site,1,non_isosteric,36.4,0.5632,0.4773,0.6528,87,53,True,True,OK,results/ranking_cost.csv
propka_catalytic_shift_mean,propka_catalytic_shift_mean,struct_site,1,isosteric,15.3,0.4667,0.3651,0.5714,60,42,True,True,OK,results/ranking_cost.csv
propka_catalytic_shift_mean,propka_catalytic_shift_mean,struct_site,1,non_isosteric,36.4,0.6552,0.5604,0.7429,87,53,True,True,OK,results/ranking_cost.csv
propka_n_catalytic_resolved,propka_n_catalytic_resolved,bookkeeping,0,ala,53.2,0.6079,0.5782,0.6429,139,75,True,True,X-BOOKKEEP,results/ranking_cost.csv
propka_n_catalytic_resolved,propka_n_catalytic_resolved,bookkeeping,0,gly,80.5,0.6051,0.5739,0.6397,138,74,True,True,X-BOOKKEEP,results/ranking_cost.csv
propka_n_catalytic_resolved,propka_n_catalytic_resolved,bookkeeping,0,isosteric,15.3,0.5902,0.558,0.6268,133,73,True,True,X-BOOKKEEP,results/ranking_cost.csv
propka_n_catalytic_resolved,propka_n_catalytic_resolved,bookkeeping,0,non_isosteric,36.4,0.5926,0.5633,0.6259,135,71,True,True,X-BOOKKEEP,results/ranking_cost.csv
rosetta_cat_fa_atr,rosetta_cat_fa_atr,struct_site,1,ala,53.2,0.6479,0.5811,0.7226,142,76,True,True,OK,results/ranking_cost.csv
rosetta_cat_fa_atr,rosetta_cat_fa_atr,struct_site,1,gly,80.5,0.617,0.5563,0.6855,141,75,True,True,OK,results/ranking_cost.csv
rosetta_cat_fa_atr,rosetta_cat_fa_atr,struct_site,1,isosteric,15.3,0.5429,0.4658,0.6279,140,74,True,True,OK,results/ranking_cost.csv
rosetta_cat_fa_atr,rosetta_cat_fa_atr,struct_site,1,non_isosteric,36.4,0.5714,0.5116,0.6349,140,74,True,True,OK,results/ranking_cost.csv
rosetta_cat_fa_dun,rosetta_cat_fa_dun,struct_site,1,ala,53.2,0.6879,0.6202,0.7532,141,75,True,True,OK,results/ranking_cost.csv
rosetta_cat_fa_dun,rosetta_cat_fa_dun,struct_site,1,gly,80.5,0.6857,0.617,0.7532,140,74,True,True,OK,results/ranking_cost.csv
rosetta_cat_fa_dun,rosetta_cat_fa_dun,struct_site,1,isosteric,15.3,0.5214,0.4531,0.5887,140,74,True,True,OK,results/ranking_cost.csv
rosetta_cat_fa_dun,rosetta_cat_fa_dun,struct_site,1,non_isosteric,36.4,0.5571,0.4928,0.623,140,74,True,True,OK,results/ranking_cost.csv
rosetta_cat_fa_elec,rosetta_cat_fa_elec,struct_site,1,ala,53.2,0.2113,0.1515,0.2833,142,76,True,True,OK,results/ranking_cost.csv
rosetta_cat_fa_elec,rosetta_cat_fa_elec,struct_site,1,gly,80.5,0.2199,0.1591,0.291,141,75,True,True,OK,results/ranking_cost.csv
rosetta_cat_fa_elec,rosetta_cat_fa_elec,struct_site,1,isosteric,15.3,0.2286,0.1688,0.2977,140,74,True,True,OK,results/ranking_cost.csv
rosetta_cat_fa_elec,rosetta_cat_fa_elec,struct_site,1,non_isosteric,36.4,0.1786,0.1264,0.2393,140,74,True,True,OK,results/ranking_cost.csv
rosetta_cat_fa_intra_rep,rosetta_cat_fa_intra_rep,struct_site,1,ala,53.2,0.5493,0.4793,0.6228,142,76,True,True,OK,results/ranking_cost.csv
rosetta_cat_fa_intra_rep,rosetta_cat_fa_intra_rep,struct_site,1,gly,80.5,0.5887,0.521,0.6567,141,75,True,True,OK,results/ranking_cost.csv
rosetta_cat_fa_intra_rep,rosetta_cat_fa_intra_rep,struct_site,1,isosteric,15.3,0.55,0.473,0.6268,140,74,True,True,OK,results/ranking_cost.csv
rosetta_cat_fa_intra_rep,rosetta_cat_fa_intra_rep,struct_site,1,non_isosteric,36.4,0.6357,0.5625,0.7031,140,74,True,True,OK,results/ranking_cost.csv
rosetta_cat_fa_rep,rosetta_cat_fa_rep,struct_site,1,ala,53.2,0.6479,0.5694,0.726,142,76,True,True,OK,results/ranking_cost.csv
rosetta_cat_fa_rep,rosetta_cat_fa_rep,struct_site,1,gly,80.5,0.617,0.5385,0.6884,141,75,True,True,OK,results/ranking_cost.csv
rosetta_cat_fa_rep,rosetta_cat_fa_rep,struct_site,1,isosteric,15.3,0.5357,0.4564,0.6136,140,74,True,True,OK,results/ranking_cost.csv
rosetta_cat_fa_rep,rosetta_cat_fa_rep,struct_site,1,non_isosteric,36.4,0.6,0.5347,0.6642,140,74,True,True,OK,results/ranking_cost.csv
rosetta_cat_fa_sol,rosetta_cat_fa_sol,struct_site,1,ala,53.2,0.6972,0.6371,0.7547,142,76,True,True,OK,results/ranking_cost.csv
rosetta_cat_fa_sol,rosetta_cat_fa_sol,struct_site,1,gly,80.5,0.6809,0.6198,0.7468,141,75,True,True,OK,results/ranking_cost.csv
rosetta_cat_fa_sol,rosetta_cat_fa_sol,struct_site,1,isosteric,15.3,0.6357,0.5635,0.7113,140,74,True,True,OK,results/ranking_cost.csv
rosetta_cat_fa_sol,rosetta_cat_fa_sol,struct_site,1,non_isosteric,36.4,0.7714,0.7024,0.8346,140,74,True,True,OK,results/ranking_cost.csv
rosetta_cat_hbond_bb_sc,rosetta_cat_hbond_bb_sc,struct_site,1,ala,53.2,0.2426,0.181,0.3163,136,73,True,True,OK,results/ranking_cost.csv
rosetta_cat_hbond_bb_sc,rosetta_cat_hbond_bb_sc,struct_site,1,gly,80.5,0.2426,0.1805,0.3147,136,73,True,True,OK,results/ranking_cost.csv
rosetta_cat_hbond_bb_sc,rosetta_cat_hbond_bb_sc,struct_site,1,isosteric,15.3,0.2826,0.2241,0.3445,138,74,True,True,OK,results/ranking_cost.csv
rosetta_cat_hbond_bb_sc,rosetta_cat_hbond_bb_sc,struct_site,1,non_isosteric,36.4,0.2482,0.1825,0.3195,137,73,True,True,OK,results/ranking_cost.csv
rosetta_cat_hbond_sc,rosetta_cat_hbond_sc,struct_site,1,ala,53.2,0.3869,0.3188,0.4576,137,72,True,True,OK,results/ranking_cost.csv
rosetta_cat_hbond_sc,rosetta_cat_hbond_sc,struct_site,1,gly,80.5,0.3869,0.3186,0.4532,137,72,True,True,OK,results/ranking_cost.csv
rosetta_cat_hbond_sc,rosetta_cat_hbond_sc,struct_site,1,isosteric,15.3,0.3741,0.3015,0.446,139,73,True,True,OK,results/ranking_cost.csv
rosetta_cat_hbond_sc,rosetta_cat_hbond_sc,struct_site,1,non_isosteric,36.4,0.3796,0.3121,0.4467,137,72,True,True,OK,results/ranking_cost.csv
rosetta_cat_lk_ball_wtd,rosetta_cat_lk_ball_wtd,struct_site,1,ala,53.2,0.6268,0.554,0.6974,142,76,True,True,OK,results/ranking_cost.csv
rosetta_cat_lk_ball_wtd,rosetta_cat_lk_ball_wtd,struct_site,1,gly,80.5,0.6596,0.5775,0.7339,141,75,True,True,OK,results/ranking_cost.csv
rosetta_cat_lk_ball_wtd,rosetta_cat_lk_ball_wtd,struct_site,1,isosteric,15.3,0.5714,0.5,0.6457,140,74,False,False,OK,results/ranking_cost.csv
rosetta_cat_lk_ball_wtd,rosetta_cat_lk_ball_wtd,struct_site,1,non_isosteric,36.4,0.5286,0.4636,0.5947,140,74,True,True,OK,results/ranking_cost.csv
rosetta_cat_omega,rosetta_cat_omega,struct_site,1,ala,53.2,0.5455,0.3636,0.7273,22,19,False,False,OK,results/ranking_cost.csv
rosetta_cat_omega,rosetta_cat_omega,struct_site,1,gly,80.5,0.5603,0.4844,0.6351,141,75,True,True,OK,results/ranking_cost.csv
rosetta_cat_omega,rosetta_cat_omega,struct_site,1,isosteric,15.3,0.4348,0.2857,0.5833,23,20,False,False,OK,results/ranking_cost.csv
rosetta_cat_p_aa_pp,rosetta_cat_p_aa_pp,struct_site,1,ala,53.2,0.5845,0.5039,0.6626,142,76,True,True,OK,results/ranking_cost.csv
rosetta_cat_p_aa_pp,rosetta_cat_p_aa_pp,struct_site,1,gly,80.5,0.5674,0.5036,0.6306,141,75,True,True,OK,results/ranking_cost.csv
rosetta_cat_p_aa_pp,rosetta_cat_p_aa_pp,struct_site,1,isosteric,15.3,0.5143,0.4508,0.5839,140,74,True,True,OK,results/ranking_cost.csv
rosetta_cat_p_aa_pp,rosetta_cat_p_aa_pp,struct_site,1,non_isosteric,36.4,0.5571,0.4966,0.6283,140,74,False,False,OK,results/ranking_cost.csv
rosetta_cat_rama_prepro,rosetta_cat_rama_prepro,struct_site,1,ala,53.2,0.6268,0.5482,0.7046,142,76,True,True,OK,results/ranking_cost.csv
rosetta_cat_rama_prepro,rosetta_cat_rama_prepro,struct_site,1,gly,80.5,0.6667,0.6056,0.7285,141,75,True,True,OK,results/ranking_cost.csv
rosetta_cat_rama_prepro,rosetta_cat_rama_prepro,struct_site,1,isosteric,15.3,0.5071,0.4388,0.5811,140,74,True,True,OK,results/ranking_cost.csv
rosetta_cat_rama_prepro,rosetta_cat_rama_prepro,struct_site,1,non_isosteric,36.4,0.5714,0.4969,0.6494,140,74,True,True,OK,results/ranking_cost.csv
rosetta_cat_ref,rosetta_cat_ref,bookkeeping,0,ala,53.2,0.6127,0.5796,0.6479,142,76,True,True,X-BOOKKEEP,results/ranking_cost.csv
rosetta_cat_ref,rosetta_cat_ref,bookkeeping,0,gly,80.5,0.6099,0.578,0.6439,141,75,True,True,X-BOOKKEEP,results/ranking_cost.csv
rosetta_cat_ref,rosetta_cat_ref,bookkeeping,0,isosteric,15.3,0.5429,0.5069,0.5833,140,74,False,False,X-BOOKKEEP,results/ranking_cost.csv
rosetta_cat_ref,rosetta_cat_ref,bookkeeping,0,non_isosteric,36.4,0.5821,0.548,0.6185,140,74,True,True,X-BOOKKEEP,results/ranking_cost.csv
rosetta_cat_total,rosetta_cat_total,struct_site,1,ala,53.2,0.5,0.4348,0.5724,142,76,True,True,OK,results/ranking_cost.csv
rosetta_cat_total,rosetta_cat_total,struct_site,1,gly,80.5,0.2837,0.224,0.3518,141,75,True,True,OK,results/ranking_cost.csv
rosetta_cat_total,rosetta_cat_total,struct_site,1,isosteric,15.3,0.4571,0.3904,0.5271,140,74,True,True,OK,results/ranking_cost.csv
rosetta_cat_total,rosetta_cat_total,struct_site,1,non_isosteric,36.4,0.6071,0.5384,0.675,140,74,True,True,OK,results/ranking_cost.csv
rosetta_cat_total_mean,rosetta_cat_total_mean,struct_site,0,ala,53.2,0.4648,0.4,0.5362,142,76,True,True,OK,results/ranking_cost.csv
rosetta_cat_total_mean,rosetta_cat_total_mean,struct_site,0,gly,80.5,0.2411,0.1875,0.3001,141,75,True,True,OK,results/ranking_cost.csv
rosetta_cat_total_mean,rosetta_cat_total_mean,struct_site,0,isosteric,15.3,0.4143,0.3472,0.4845,140,74,True,True,OK,results/ranking_cost.csv
rosetta_cat_total_mean,rosetta_cat_total_mean,struct_site,0,non_isosteric,36.4,0.5571,0.4882,0.623,140,74,True,True,OK,results/ranking_cost.csv
rosetta_cat_worst_residue,rosetta_cat_worst_residue,struct_site,1,ala,53.2,0.5634,0.5,0.6276,142,76,True,True,OK,results/ranking_cost.csv
rosetta_cat_worst_residue,rosetta_cat_worst_residue,struct_site,1,gly,80.5,0.4184,0.35,0.4891,141,75,False,False,OK,results/ranking_cost.csv
rosetta_cat_worst_residue,rosetta_cat_worst_residue,struct_site,1,isosteric,15.3,0.4857,0.4218,0.5639,140,74,True,True,OK,results/ranking_cost.csv
rosetta_cat_worst_residue,rosetta_cat_worst_residue,struct_site,1,non_isosteric,36.4,0.5214,0.4571,0.5822,140,74,True,True,OK,results/ranking_cost.csv
rosetta_catalytic_vdw_atr,rosetta_cat_fa_atr,struct_site,1,ala,53.2,0.6479,0.5811,0.7226,142,76,True,True,OK,results/ranking_cost.csv
rosetta_catalytic_vdw_atr,rosetta_cat_fa_atr,struct_site,1,gly,80.5,0.617,0.5563,0.6855,141,75,True,True,OK,results/ranking_cost.csv
rosetta_catalytic_vdw_atr,rosetta_cat_fa_atr,struct_site,1,isosteric,15.3,0.5429,0.4658,0.6279,140,74,True,True,OK,results/ranking_cost.csv
rosetta_catalytic_vdw_atr,rosetta_cat_fa_atr,struct_site,1,non_isosteric,36.4,0.5714,0.5116,0.6349,140,74,True,True,OK,results/ranking_cost.csv
rosetta_catalytic_vdw_net,rosetta_catalytic_vdw_net,struct_site,1,ala,53.2,0.5986,0.5252,0.6794,142,76,True,True,OK,results/ranking_cost.csv
rosetta_catalytic_vdw_net,rosetta_catalytic_vdw_net,struct_site,1,gly,80.5,0.5603,0.4887,0.6443,141,75,True,True,OK,results/ranking_cost.csv
rosetta_catalytic_vdw_net,rosetta_catalytic_vdw_net,struct_site,1,isosteric,15.3,0.5571,0.4844,0.6376,140,74,True,True,OK,results/ranking_cost.csv
rosetta_catalytic_vdw_net,rosetta_catalytic_vdw_net,struct_site,1,non_isosteric,36.4,0.6,0.5347,0.6642,140,74,True,True,OK,results/ranking_cost.csv
rosetta_catalytic_vdw_rep,rosetta_cat_fa_rep,struct_site,1,ala,53.2,0.6479,0.5694,0.726,142,76,True,True,OK,results/ranking_cost.csv
rosetta_catalytic_vdw_rep,rosetta_cat_fa_rep,struct_site,1,gly,80.5,0.617,0.5385,0.6884,141,75,True,True,OK,results/ranking_cost.csv
rosetta_catalytic_vdw_rep,rosetta_cat_fa_rep,struct_site,1,isosteric,15.3,0.5357,0.4564,0.6136,140,74,True,True,OK,results/ranking_cost.csv
rosetta_catalytic_vdw_rep,rosetta_cat_fa_rep,struct_site,1,non_isosteric,36.4,0.6,0.5347,0.6642,140,74,True,True,OK,results/ranking_cost.csv
rosetta_catalytic_vdw_rep_per_res,rosetta_catalytic_vdw_rep_per_res,struct_site,0,ala,53.2,0.6197,0.5405,0.7007,142,76,True,True,OK,results/ranking_cost.csv
rosetta_catalytic_vdw_rep_per_res,rosetta_catalytic_vdw_rep_per_res,struct_site,0,gly,80.5,0.5887,0.5115,0.6581,141,75,True,True,OK,results/ranking_cost.csv
rosetta_catalytic_vdw_rep_per_res,rosetta_catalytic_vdw_rep_per_res,struct_site,0,isosteric,15.3,0.5071,0.4301,0.584,140,74,True,True,OK,results/ranking_cost.csv
rosetta_catalytic_vdw_rep_per_res,rosetta_catalytic_vdw_rep_per_res,struct_site,0,non_isosteric,36.4,0.5786,0.5126,0.6418,140,74,True,True,OK,results/ranking_cost.csv
rosetta_fa_atr,rosetta_fa_atr,struct_whole,0,ala,53.2,0.4296,0.3688,0.4927,142,76,True,True,GLOBAL,results/ranking_cost.csv
rosetta_fa_atr,rosetta_fa_atr,struct_whole,0,gly,80.5,0.3617,0.2945,0.4351,141,75,True,True,GLOBAL,results/ranking_cost.csv
rosetta_fa_atr,rosetta_fa_atr,struct_whole,0,isosteric,15.3,0.45,0.3741,0.5246,140,74,True,False,GLOBAL,results/ranking_cost.csv
rosetta_fa_atr,rosetta_fa_atr,struct_whole,0,non_isosteric,36.4,0.5714,0.5,0.6434,140,74,True,False,GLOBAL,results/ranking_cost.csv
rosetta_fa_dun,rosetta_fa_dun,struct_whole,0,ala,53.2,0.662,0.5986,0.7279,142,76,True,True,GLOBAL,results/ranking_cost.csv
rosetta_fa_dun,rosetta_fa_dun,struct_whole,0,gly,80.5,0.7092,0.6471,0.7692,141,75,True,True,GLOBAL,results/ranking_cost.csv
rosetta_fa_dun,rosetta_fa_dun,struct_whole,0,isosteric,15.3,0.4929,0.4263,0.5649,140,74,True,True,GLOBAL,results/ranking_cost.csv
rosetta_fa_dun,rosetta_fa_dun,struct_whole,0,non_isosteric,36.4,0.5286,0.4609,0.6,140,74,True,True,GLOBAL,results/ranking_cost.csv
rosetta_fa_elec,rosetta_fa_elec,struct_whole,0,ala,53.2,0.162,0.1049,0.2273,142,76,True,True,GLOBAL,results/ranking_cost.csv
rosetta_fa_elec,rosetta_fa_elec,struct_whole,0,gly,80.5,0.1418,0.093,0.1973,141,75,True,True,GLOBAL,results/ranking_cost.csv
rosetta_fa_elec,rosetta_fa_elec,struct_whole,0,isosteric,15.3,0.2214,0.1635,0.2904,140,74,True,True,GLOBAL,results/ranking_cost.csv
rosetta_fa_elec,rosetta_fa_elec,struct_whole,0,non_isosteric,36.4,0.1929,0.1351,0.2628,140,74,True,True,GLOBAL,results/ranking_cost.csv
rosetta_fa_intra_rep,rosetta_fa_intra_rep,struct_whole,0,ala,53.2,0.5634,0.4971,0.6343,142,76,True,True,GLOBAL,results/ranking_cost.csv
rosetta_fa_intra_rep,rosetta_fa_intra_rep,struct_whole,0,gly,80.5,0.6383,0.5789,0.7,141,75,True,True,GLOBAL,results/ranking_cost.csv
rosetta_fa_intra_rep,rosetta_fa_intra_rep,struct_whole,0,isosteric,15.3,0.5643,0.4942,0.6296,140,74,True,True,GLOBAL,results/ranking_cost.csv
rosetta_fa_intra_rep,rosetta_fa_intra_rep,struct_whole,0,non_isosteric,36.4,0.65,0.5816,0.7124,140,74,True,True,GLOBAL,results/ranking_cost.csv
rosetta_fa_rep,rosetta_fa_rep,struct_whole,0,ala,53.2,0.493,0.4198,0.5715,142,76,True,True,GLOBAL,results/ranking_cost.csv
rosetta_fa_rep,rosetta_fa_rep,struct_whole,0,gly,80.5,0.617,0.5455,0.6957,141,75,True,True,GLOBAL,results/ranking_cost.csv
rosetta_fa_rep,rosetta_fa_rep,struct_whole,0,isosteric,15.3,0.4429,0.3623,0.5225,140,74,True,True,GLOBAL,results/ranking_cost.csv
rosetta_fa_rep,rosetta_fa_rep,struct_whole,0,non_isosteric,36.4,0.5286,0.4685,0.5966,140,74,True,True,GLOBAL,results/ranking_cost.csv
rosetta_fa_sol,rosetta_fa_sol,struct_whole,0,ala,53.2,0.4789,0.4152,0.5436,142,76,True,True,GLOBAL,results/ranking_cost.csv
rosetta_fa_sol,rosetta_fa_sol,struct_whole,0,gly,80.5,0.4681,0.4015,0.5385,141,75,True,True,GLOBAL,results/ranking_cost.csv
rosetta_fa_sol,rosetta_fa_sol,struct_whole,0,isosteric,15.3,0.4,0.3355,0.4667,140,74,True,True,GLOBAL,results/ranking_cost.csv
rosetta_fa_sol,rosetta_fa_sol,struct_whole,0,non_isosteric,36.4,0.4214,0.3588,0.4859,140,74,True,True,GLOBAL,results/ranking_cost.csv
rosetta_hbond_bb_sc,rosetta_hbond_bb_sc,struct_whole,0,ala,53.2,0.2553,0.2014,0.3161,141,75,True,True,GLOBAL,results/ranking_cost.csv
rosetta_hbond_bb_sc,rosetta_hbond_bb_sc,struct_whole,0,gly,80.5,0.2411,0.1779,0.3089,141,75,True,True,GLOBAL,results/ranking_cost.csv
rosetta_hbond_bb_sc,rosetta_hbond_bb_sc,struct_whole,0,isosteric,15.3,0.2929,0.237,0.3563,140,74,True,True,GLOBAL,results/ranking_cost.csv
rosetta_hbond_bb_sc,rosetta_hbond_bb_sc,struct_whole,0,non_isosteric,36.4,0.25,0.192,0.3141,140,74,True,True,GLOBAL,results/ranking_cost.csv
rosetta_hbond_sc,rosetta_hbond_sc,struct_whole,0,ala,53.2,0.3592,0.2959,0.4231,142,76,True,True,GLOBAL,results/ranking_cost.csv
rosetta_hbond_sc,rosetta_hbond_sc,struct_whole,0,gly,80.5,0.3546,0.284,0.4257,141,75,True,True,GLOBAL,results/ranking_cost.csv
rosetta_hbond_sc,rosetta_hbond_sc,struct_whole,0,isosteric,15.3,0.3929,0.3306,0.4609,140,74,True,True,GLOBAL,results/ranking_cost.csv
rosetta_hbond_sc,rosetta_hbond_sc,struct_whole,0,non_isosteric,36.4,0.3071,0.2453,0.3739,140,74,True,True,GLOBAL,results/ranking_cost.csv
rosetta_lk_ball_wtd,rosetta_lk_ball_wtd,struct_whole,0,ala,53.2,0.507,0.4322,0.5793,142,76,True,True,GLOBAL,results/ranking_cost.csv
rosetta_lk_ball_wtd,rosetta_lk_ball_wtd,struct_whole,0,gly,80.5,0.5319,0.4621,0.6013,141,75,True,True,GLOBAL,results/ranking_cost.csv
rosetta_lk_ball_wtd,rosetta_lk_ball_wtd,struct_whole,0,isosteric,15.3,0.4714,0.4056,0.5426,140,74,False,False,GLOBAL,results/ranking_cost.csv
rosetta_lk_ball_wtd,rosetta_lk_ball_wtd,struct_whole,0,non_isosteric,36.4,0.4429,0.3672,0.526,140,74,True,True,GLOBAL,results/ranking_cost.csv
rosetta_omega,rosetta_omega,struct_whole,0,ala,53.2,0.5455,0.3636,0.7273,22,19,False,False,GLOBAL,results/ranking_cost.csv
rosetta_omega,rosetta_omega,struct_whole,0,gly,80.5,0.5603,0.4844,0.6351,141,75,True,False,GLOBAL,results/ranking_cost.csv
rosetta_omega,rosetta_omega,struct_whole,0,isosteric,15.3,0.4348,0.2857,0.5833,23,20,False,False,GLOBAL,results/ranking_cost.csv
rosetta_p_aa_pp,rosetta_p_aa_pp,struct_whole,0,ala,53.2,0.5845,0.5039,0.6626,142,76,True,True,GLOBAL,results/ranking_cost.csv
rosetta_p_aa_pp,rosetta_p_aa_pp,struct_whole,0,gly,80.5,0.5674,0.5036,0.6306,141,75,True,True,GLOBAL,results/ranking_cost.csv
rosetta_p_aa_pp,rosetta_p_aa_pp,struct_whole,0,isosteric,15.3,0.5143,0.4508,0.5839,140,74,True,True,GLOBAL,results/ranking_cost.csv
rosetta_p_aa_pp,rosetta_p_aa_pp,struct_whole,0,non_isosteric,36.4,0.5571,0.4966,0.6283,140,74,False,False,GLOBAL,results/ranking_cost.csv
rosetta_rama_prepro,rosetta_rama_prepro,struct_whole,0,ala,53.2,0.5845,0.5071,0.6596,142,76,True,True,GLOBAL,results/ranking_cost.csv
rosetta_rama_prepro,rosetta_rama_prepro,struct_whole,0,gly,80.5,0.617,0.5534,0.6818,141,75,True,True,GLOBAL,results/ranking_cost.csv
rosetta_rama_prepro,rosetta_rama_prepro,struct_whole,0,isosteric,15.3,0.4857,0.4132,0.5646,140,74,True,True,GLOBAL,results/ranking_cost.csv
rosetta_rama_prepro,rosetta_rama_prepro,struct_whole,0,non_isosteric,36.4,0.5357,0.4581,0.6197,140,74,True,True,GLOBAL,results/ranking_cost.csv
rosetta_ref,rosetta_ref,bookkeeping,0,ala,53.2,0.6021,0.5393,0.6645,142,76,True,True,X-BOOKKEEP,results/ranking_cost.csv
rosetta_ref,rosetta_ref,bookkeeping,0,gly,80.5,0.5745,0.5068,0.6423,141,75,True,True,X-BOOKKEEP,results/ranking_cost.csv
rosetta_ref,rosetta_ref,bookkeeping,0,isosteric,15.3,0.6036,0.5458,0.6606,140,74,False,False,X-BOOKKEEP,results/ranking_cost.csv
rosetta_ref,rosetta_ref,bookkeeping,0,non_isosteric,36.4,0.5357,0.4675,0.6021,140,74,True,True,X-BOOKKEEP,results/ranking_cost.csv
rosetta_score_per_residue,rosetta_score_per_residue,struct_whole,0,ala,53.2,0.2676,0.2057,0.3451,142,76,False,False,GLOBAL,results/ranking_cost.csv
rosetta_score_per_residue,rosetta_score_per_residue,struct_whole,0,gly,80.5,0.156,0.1057,0.2114,141,75,True,True,GLOBAL,results/ranking_cost.csv
rosetta_score_per_residue,rosetta_score_per_residue,struct_whole,0,isosteric,15.3,0.3714,0.3053,0.4504,140,74,True,True,GLOBAL,results/ranking_cost.csv
rosetta_score_per_residue,rosetta_score_per_residue,struct_whole,0,non_isosteric,36.4,0.5143,0.4496,0.5846,140,74,True,True,GLOBAL,results/ranking_cost.csv
rosetta_total_score,rosetta_total_score,struct_whole,0,ala,53.2,0.2676,0.2057,0.3451,142,76,False,False,GLOBAL,results/ranking_cost.csv
rosetta_total_score,rosetta_total_score,struct_whole,0,gly,80.5,0.156,0.1057,0.2114,141,75,True,True,GLOBAL,results/ranking_cost.csv
rosetta_total_score,rosetta_total_score,struct_whole,0,isosteric,15.3,0.3714,0.3053,0.4504,140,74,True,True,GLOBAL,results/ranking_cost.csv
rosetta_total_score,rosetta_total_score,struct_whole,0,non_isosteric,36.4,0.5143,0.4496,0.5846,140,74,True,True,GLOBAL,results/ranking_cost.csv
total_sasa,total_sasa,struct_whole,0,ala,53.2,0.5986,0.52,0.6735,142,76,True,True,GLOBAL,results/ranking_cost.csv
total_sasa,total_sasa,struct_whole,0,gly,80.5,0.6028,0.5298,0.6744,141,75,True,True,GLOBAL,results/ranking_cost.csv
total_sasa,total_sasa,struct_whole,0,isosteric,15.3,0.4571,0.3821,0.5276,140,74,True,False,GLOBAL,results/ranking_cost.csv
total_sasa,total_sasa,struct_whole,0,non_isosteric,36.4,0.4714,0.4062,0.5372,140,74,True,False,GLOBAL,results/ranking_cost.csv
