source,metric_name,canonical_key,input_class,ame_flavour,level,n_pairs,n_systems,sr_median,sr_lo,sr_hi,sr_mean,sr_mean_lo,sr_mean_hi,verdict_legacy_rule,status_a3,source_artifact
denovo,ame_self_clash_max,ame_self_clash_max,pred_interface,self_design,ALL,26,15,1.087,0.416,2.809,1.471,0.909,2.576,disqualified_SR<=1.2,X-UNDEF-COV,results/P5/caxis_specificity_ratio.csv
denovo,ame_self_clash_max,ame_self_clash_max,pred_interface,self_design,isosteric,21,15,1.07,0.293,3.11,1.791,0.949,2.768,disqualified_SR<=1.2,X-UNDEF-COV,results/P5/caxis_specificity_ratio.csv
denovo,ame_self_n_backbone_aligned,ame_self_n_backbone_aligned,bookkeeping,self_design,ALL,26,15,,,,,,,no_response_to_either,X-BOOKKEEP,results/P5/caxis_specificity_ratio.csv
denovo,ame_self_n_backbone_aligned,ame_self_n_backbone_aligned,bookkeeping,self_design,isosteric,21,15,,,,,,,no_response_to_either,X-BOOKKEEP,results/P5/caxis_specificity_ratio.csv
denovo,ame_self_n_catalytic_atoms,ame_self_n_catalytic_atoms,bookkeeping,self_design,ALL,26,15,,,,,,,no_response_to_either,X-BOOKKEEP,results/P5/caxis_specificity_ratio.csv
denovo,ame_self_n_catalytic_atoms,ame_self_n_catalytic_atoms,bookkeeping,self_design,isosteric,21,15,,,,,,,no_response_to_either,X-BOOKKEEP,results/P5/caxis_specificity_ratio.csv
denovo,ame_self_n_models,ame_self_n_models,bookkeeping,self_design,ALL,26,15,,,,,,,no_response_to_either,X-BOOKKEEP,results/P5/caxis_specificity_ratio.csv
denovo,ame_self_n_models,ame_self_n_models,bookkeeping,self_design,isosteric,21,15,,,,,,,no_response_to_either,X-BOOKKEEP,results/P5/caxis_specificity_ratio.csv
denovo,ame_self_n_sym_swaps,ame_self_n_sym_swaps,bookkeeping,self_design,ALL,26,15,,,,,,,no_response_to_either,X-BOOKKEEP,results/P5/caxis_specificity_ratio.csv
denovo,ame_self_n_sym_swaps,ame_self_n_sym_swaps,bookkeeping,self_design,isosteric,21,15,,,,,,,no_response_to_either,X-BOOKKEEP,results/P5/caxis_specificity_ratio.csv
denovo,ame_self_pass,ame_self_pass,ame,self_design,ALL,26,15,,,,1.0,0.0,5.0,no_response_to_either,X-UNDEF-COV,results/P5/caxis_specificity_ratio.csv
denovo,ame_self_pass,ame_self_pass,ame,self_design,isosteric,21,15,,,,1.5,0.0,6.0,no_response_to_either,X-UNDEF-COV,results/P5/caxis_specificity_ratio.csv
denovo,ame_self_rmsd_max,ame_self_rmsd,ame,self_design,ALL,26,15,1.216,0.542,5.207,1.157,0.579,3.541,specific,X-UNDEF-COV,results/P5/caxis_specificity_ratio.csv
denovo,ame_self_rmsd_max,ame_self_rmsd,ame,self_design,isosteric,21,15,1.436,0.51,5.882,1.913,0.819,3.929,specific,X-UNDEF-COV,results/P5/caxis_specificity_ratio.csv
denovo,ame_self_rmsd_mean,ame_self_rmsd,ame,self_design,ALL,26,15,2.192,1.002,7.103,0.865,0.396,3.731,specific,X-UNDEF-COV,results/P5/caxis_specificity_ratio.csv
denovo,ame_self_rmsd_mean,ame_self_rmsd,ame,self_design,isosteric,21,15,6.39,1.083,11.904,1.768,1.005,3.799,specific,X-UNDEF-COV,results/P5/caxis_specificity_ratio.csv
denovo,ame_self_rmsd_min,ame_self_rmsd,ame,self_design,ALL,26,15,2.174,0.418,6.175,0.729,0.249,3.496,specific,X-UNDEF-COV,results/P5/caxis_specificity_ratio.csv
denovo,ame_self_rmsd_min,ame_self_rmsd,ame,self_design,isosteric,21,15,2.552,0.663,6.512,1.205,0.531,3.478,specific,X-UNDEF-COV,results/P5/caxis_specificity_ratio.csv
denovo,ame_self_rmsd_naive_min,ame_self_rmsd,ame,self_design,ALL,26,15,2.174,0.418,6.175,0.729,0.249,3.496,specific,X-UNDEF-COV,results/P5/caxis_specificity_ratio.csv
denovo,ame_self_rmsd_naive_min,ame_self_rmsd,ame,self_design,isosteric,21,15,2.552,0.663,6.512,1.205,0.531,3.478,specific,X-UNDEF-COV,results/P5/caxis_specificity_ratio.csv
denovo,ame_self_rmsd_std,ame_self_rmsd,ame,self_design,ALL,26,15,2.755,0.387,12.264,1.721,0.923,3.635,specific,X-UNDEF-COV,results/P5/caxis_specificity_ratio.csv
denovo,ame_self_rmsd_std,ame_self_rmsd,ame,self_design,isosteric,21,15,2.108,0.451,11.284,2.321,0.918,4.326,specific,X-UNDEF-COV,results/P5/caxis_specificity_ratio.csv
denovo,chai_aggregate_score_max,chai_aggregate_score,pred_interface,,ALL,26,15,1.66,0.849,4.749,1.153,0.587,4.474,specific,X-UNDEF-COV,results/P5/caxis_specificity_ratio.csv
denovo,chai_aggregate_score_max,chai_aggregate_score,pred_interface,,isosteric,21,15,1.796,0.982,5.022,1.691,0.821,4.553,specific,X-UNDEF-COV,results/P5/caxis_specificity_ratio.csv
denovo,chai_aggregate_score_mean,chai_aggregate_score,pred_interface,,ALL,26,15,1.265,0.664,4.18,1.134,0.588,4.339,specific,X-UNDEF-COV,results/P5/caxis_specificity_ratio.csv
denovo,chai_aggregate_score_mean,chai_aggregate_score,pred_interface,,isosteric,21,15,1.662,0.969,4.437,1.669,0.835,4.418,specific,X-UNDEF-COV,results/P5/caxis_specificity_ratio.csv
denovo,chai_aggregate_score_std,chai_aggregate_score,pred_interface,,ALL,26,15,1.859,1.212,6.157,1.053,0.548,2.192,specific,X-UNDEF-COV,results/P5/caxis_specificity_ratio.csv
denovo,chai_aggregate_score_std,chai_aggregate_score,pred_interface,,isosteric,21,15,2.431,1.368,7.016,1.053,0.491,2.946,specific,X-UNDEF-COV,results/P5/caxis_specificity_ratio.csv
denovo,chai_has_inter_chain_clashes_max,chai_has_inter_chain_clashes,pred_global,,ALL,26,15,,,,,,,no_response_to_either,X-UNDEF-COV,results/P5/caxis_specificity_ratio.csv
denovo,chai_has_inter_chain_clashes_max,chai_has_inter_chain_clashes,pred_global,,isosteric,21,15,,,,,,,no_response_to_either,X-UNDEF-COV,results/P5/caxis_specificity_ratio.csv
denovo,chai_has_inter_chain_clashes_mean,chai_has_inter_chain_clashes,pred_global,,ALL,26,15,,,,,,,no_response_to_either,X-UNDEF-COV,results/P5/caxis_specificity_ratio.csv
denovo,chai_has_inter_chain_clashes_mean,chai_has_inter_chain_clashes,pred_global,,isosteric,21,15,,,,,,,no_response_to_either,X-UNDEF-COV,results/P5/caxis_specificity_ratio.csv
denovo,chai_has_inter_chain_clashes_std,chai_has_inter_chain_clashes,pred_global,,ALL,26,15,,,,,,,no_response_to_either,X-UNDEF-COV,results/P5/caxis_specificity_ratio.csv
denovo,chai_has_inter_chain_clashes_std,chai_has_inter_chain_clashes,pred_global,,isosteric,21,15,,,,,,,no_response_to_either,X-UNDEF-COV,results/P5/caxis_specificity_ratio.csv
denovo,chai_iptm_max,chai_iptm,pred_interface,,ALL,26,15,1.6,0.888,5.104,1.282,0.675,4.585,specific,X-UNDEF-COV,results/P5/caxis_specificity_ratio.csv
denovo,chai_iptm_max,chai_iptm,pred_interface,,isosteric,21,15,1.862,1.037,5.386,1.839,0.928,4.631,specific,X-UNDEF-COV,results/P5/caxis_specificity_ratio.csv
denovo,chai_iptm_mean,chai_iptm,pred_interface,,ALL,26,15,1.253,0.745,4.334,1.254,0.671,4.454,specific,X-UNDEF-COV,results/P5/caxis_specificity_ratio.csv
denovo,chai_iptm_mean,chai_iptm,pred_interface,,isosteric,21,15,1.685,1.0,4.778,1.801,0.931,4.51,specific,X-UNDEF-COV,results/P5/caxis_specificity_ratio.csv
denovo,chai_iptm_std,chai_iptm,pred_interface,,ALL,26,15,1.964,0.821,6.702,1.052,0.544,2.192,specific,X-UNDEF-COV,results/P5/caxis_specificity_ratio.csv
denovo,chai_iptm_std,chai_iptm,pred_interface,,isosteric,21,15,2.618,1.319,7.617,1.054,0.489,2.978,specific,X-UNDEF-COV,results/P5/caxis_specificity_ratio.csv
denovo,chai_per_chain_ptm_min_max,chai_per_chain_ptm_min,pred_interface,,ALL,26,15,1.512,0.622,6.897,0.634,0.326,2.686,specific,X-UNDEF-COV,results/P5/caxis_specificity_ratio.csv
denovo,chai_per_chain_ptm_min_max,chai_per_chain_ptm_min,pred_interface,,isosteric,21,15,3.331,0.872,8.045,0.993,0.521,2.842,specific,X-UNDEF-COV,results/P5/caxis_specificity_ratio.csv
denovo,chai_per_chain_ptm_min_mean,chai_per_chain_ptm_min,pred_interface,,ALL,26,15,1.191,0.49,5.612,0.613,0.308,2.799,disqualified_SR<=1.2,X-UNDEF-COV,results/P5/caxis_specificity_ratio.csv
denovo,chai_per_chain_ptm_min_mean,chai_per_chain_ptm_min,pred_interface,,isosteric,21,15,2.591,0.905,7.344,0.984,0.495,2.976,specific,X-UNDEF-COV,results/P5/caxis_specificity_ratio.csv
denovo,chai_per_chain_ptm_min_std,chai_per_chain_ptm_min,pred_interface,,ALL,26,15,1.367,0.715,2.89,1.601,1.118,2.416,specific,X-UNDEF-COV,results/P5/caxis_specificity_ratio.csv
denovo,chai_per_chain_ptm_min_std,chai_per_chain_ptm_min,pred_interface,,isosteric,21,15,0.884,0.549,3.523,1.514,0.99,2.384,disqualified_SR<=1.2,X-UNDEF-COV,results/P5/caxis_specificity_ratio.csv
denovo,chai_per_chain_ptm_protein_max,chai_per_chain_ptm_protein,pred_global,,ALL,26,15,0.884,0.393,2.742,0.381,0.137,2.824,disqualified_SR<=1.2,X-UNDEF-COV,results/P5/caxis_specificity_ratio.csv
denovo,chai_per_chain_ptm_protein_max,chai_per_chain_ptm_protein,pred_global,,isosteric,21,15,1.122,0.55,2.629,0.639,0.195,3.079,disqualified_SR<=1.2,X-UNDEF-COV,results/P5/caxis_specificity_ratio.csv
denovo,chai_per_chain_ptm_protein_mean,chai_per_chain_ptm_protein,pred_global,,ALL,26,15,0.885,0.42,2.838,0.381,0.136,2.824,disqualified_SR<=1.2,X-UNDEF-COV,results/P5/caxis_specificity_ratio.csv
denovo,chai_per_chain_ptm_protein_mean,chai_per_chain_ptm_protein,pred_global,,isosteric,21,15,1.345,0.595,2.558,0.639,0.193,3.081,specific,X-UNDEF-COV,results/P5/caxis_specificity_ratio.csv
denovo,chai_per_chain_ptm_protein_std,chai_per_chain_ptm_protein,pred_global,,ALL,26,15,1.795,0.727,3.723,1.433,0.959,3.695,specific,X-UNDEF-COV,results/P5/caxis_specificity_ratio.csv
denovo,chai_per_chain_ptm_protein_std,chai_per_chain_ptm_protein,pred_global,,isosteric,21,15,1.65,0.727,3.985,2.05,1.132,4.045,specific,X-UNDEF-COV,results/P5/caxis_specificity_ratio.csv
denovo,chai_plddt_best_model,chai_plddt_best_model,pred_global,,ALL,26,15,1.086,0.318,4.62,0.442,0.209,1.684,disqualified_SR<=1.2,X-UNDEF-COV,results/P5/caxis_specificity_ratio.csv
denovo,chai_plddt_best_model,chai_plddt_best_model,pred_global,,isosteric,21,15,1.033,0.544,5.079,0.661,0.27,2.112,disqualified_SR<=1.2,X-UNDEF-COV,results/P5/caxis_specificity_ratio.csv
denovo,chai_plddt_mean,chai_plddt,pred_global,,ALL,26,15,1.078,0.325,5.119,0.443,0.206,1.678,disqualified_SR<=1.2,X-UNDEF-COV,results/P5/caxis_specificity_ratio.csv
denovo,chai_plddt_mean,chai_plddt,pred_global,,isosteric,21,15,1.071,0.562,5.478,0.663,0.267,2.091,disqualified_SR<=1.2,X-UNDEF-COV,results/P5/caxis_specificity_ratio.csv
denovo,chai_plddt_min,chai_plddt_min,pred_global,,ALL,26,15,0.874,0.382,1.834,0.461,0.213,1.151,disqualified_SR<=1.2,X-UNDEF-COV,results/P5/caxis_specificity_ratio.csv
denovo,chai_plddt_min,chai_plddt_min,pred_global,,isosteric,21,15,1.157,0.462,2.052,0.582,0.28,1.252,disqualified_SR<=1.2,X-UNDEF-COV,results/P5/caxis_specificity_ratio.csv
denovo,chai_plddt_std_across_models,chai_plddt_std_across_models,pred_global,,ALL,26,15,1.921,0.714,3.138,1.345,0.755,2.891,specific,X-UNDEF-COV,results/P5/caxis_specificity_ratio.csv
denovo,chai_plddt_std_across_models,chai_plddt_std_across_models,pred_global,,isosteric,21,15,1.742,0.673,3.148,1.686,0.868,3.522,specific,X-UNDEF-COV,results/P5/caxis_specificity_ratio.csv
denovo,chai_ptm_max,chai_ptm,pred_global,,ALL,26,15,0.988,0.335,3.333,0.427,0.154,3.284,disqualified_SR<=1.2,X-UNDEF-COV,results/P5/caxis_specificity_ratio.csv
denovo,chai_ptm_max,chai_ptm,pred_global,,isosteric,21,15,1.147,0.409,2.549,0.723,0.226,3.483,disqualified_SR<=1.2,X-UNDEF-COV,results/P5/caxis_specificity_ratio.csv
denovo,chai_ptm_mean,chai_ptm,pred_global,,ALL,26,15,0.928,0.432,3.326,0.426,0.154,3.143,disqualified_SR<=1.2,X-UNDEF-COV,results/P5/caxis_specificity_ratio.csv
denovo,chai_ptm_mean,chai_ptm,pred_global,,isosteric,21,15,1.137,0.511,2.533,0.728,0.231,3.325,disqualified_SR<=1.2,X-UNDEF-COV,results/P5/caxis_specificity_ratio.csv
denovo,chai_ptm_std,chai_ptm,pred_global,,ALL,26,15,2.418,0.615,5.822,1.079,0.636,1.822,specific,X-UNDEF-COV,results/P5/caxis_specificity_ratio.csv
denovo,chai_ptm_std,chai_ptm,pred_global,,isosteric,21,15,2.694,1.003,5.844,1.283,0.908,2.27,specific,X-UNDEF-COV,results/P5/caxis_specificity_ratio.csv
natural,ame_crystal_clash_max,ame_crystal_clash_max,pred_interface,crystal,ALL,281,58,1.299,1.037,1.663,1.542,1.265,1.882,specific,OK-PROVISIONAL,results/P5/caxis_specificity_ratio.csv
natural,ame_crystal_clash_max,ame_crystal_clash_max,pred_interface,crystal,ala,61,55,0.997,0.739,1.852,1.331,1.019,1.86,disqualified_SR<=1.2,OK-PROVISIONAL,results/P5/caxis_specificity_ratio.csv
natural,ame_crystal_clash_max,ame_crystal_clash_max,pred_interface,crystal,gly,43,41,1.602,0.948,2.177,1.331,0.937,2.102,specific,OK-PROVISIONAL,results/P5/caxis_specificity_ratio.csv
natural,ame_crystal_clash_max,ame_crystal_clash_max,pred_interface,crystal,isosteric,115,58,1.266,0.89,1.872,1.837,1.313,2.691,specific,OK-PROVISIONAL,results/P5/caxis_specificity_ratio.csv
natural,ame_crystal_clash_max,ame_crystal_clash_max,pred_interface,crystal,non_isosteric,62,56,1.355,0.799,2.252,1.535,1.065,2.358,specific,OK-PROVISIONAL,results/P5/caxis_specificity_ratio.csv
natural,ame_crystal_n_backbone_aligned,ame_crystal_n_backbone_aligned,bookkeeping,crystal,ALL,286,59,,,,,,,no_response_to_either,X-BOOKKEEP,results/P5/caxis_specificity_ratio.csv
natural,ame_crystal_n_backbone_aligned,ame_crystal_n_backbone_aligned,bookkeeping,crystal,ala,62,56,,,,,,,no_response_to_either,X-BOOKKEEP,results/P5/caxis_specificity_ratio.csv
natural,ame_crystal_n_backbone_aligned,ame_crystal_n_backbone_aligned,bookkeeping,crystal,gly,43,41,,,,,,,no_response_to_either,X-BOOKKEEP,results/P5/caxis_specificity_ratio.csv
natural,ame_crystal_n_backbone_aligned,ame_crystal_n_backbone_aligned,bookkeeping,crystal,isosteric,118,59,,,,,,,no_response_to_either,X-BOOKKEEP,results/P5/caxis_specificity_ratio.csv
natural,ame_crystal_n_backbone_aligned,ame_crystal_n_backbone_aligned,bookkeeping,crystal,non_isosteric,63,57,,,,,,,no_response_to_either,X-BOOKKEEP,results/P5/caxis_specificity_ratio.csv
natural,ame_crystal_n_catalytic_atoms,ame_crystal_n_catalytic_atoms,bookkeeping,crystal,ALL,286,59,,,,,,,no_response_to_either,X-BOOKKEEP,results/P5/caxis_specificity_ratio.csv
natural,ame_crystal_n_catalytic_atoms,ame_crystal_n_catalytic_atoms,bookkeeping,crystal,ala,62,56,,,,,,,no_response_to_either,X-BOOKKEEP,results/P5/caxis_specificity_ratio.csv
natural,ame_crystal_n_catalytic_atoms,ame_crystal_n_catalytic_atoms,bookkeeping,crystal,gly,43,41,,,,,,,no_response_to_either,X-BOOKKEEP,results/P5/caxis_specificity_ratio.csv
natural,ame_crystal_n_catalytic_atoms,ame_crystal_n_catalytic_atoms,bookkeeping,crystal,isosteric,118,59,,,,,,,no_response_to_either,X-BOOKKEEP,results/P5/caxis_specificity_ratio.csv
natural,ame_crystal_n_catalytic_atoms,ame_crystal_n_catalytic_atoms,bookkeeping,crystal,non_isosteric,63,57,,,,,,,no_response_to_either,X-BOOKKEEP,results/P5/caxis_specificity_ratio.csv
natural,ame_crystal_n_models,ame_crystal_n_models,bookkeeping,crystal,ALL,286,59,,,,,,,no_response_to_either,X-BOOKKEEP,results/P5/caxis_specificity_ratio.csv
natural,ame_crystal_n_models,ame_crystal_n_models,bookkeeping,crystal,ala,62,56,,,,,,,no_response_to_either,X-BOOKKEEP,results/P5/caxis_specificity_ratio.csv
natural,ame_crystal_n_models,ame_crystal_n_models,bookkeeping,crystal,gly,43,41,,,,,,,no_response_to_either,X-BOOKKEEP,results/P5/caxis_specificity_ratio.csv
natural,ame_crystal_n_models,ame_crystal_n_models,bookkeeping,crystal,isosteric,118,59,,,,,,,no_response_to_either,X-BOOKKEEP,results/P5/caxis_specificity_ratio.csv
natural,ame_crystal_n_models,ame_crystal_n_models,bookkeeping,crystal,non_isosteric,63,57,,,,,,,no_response_to_either,X-BOOKKEEP,results/P5/caxis_specificity_ratio.csv
natural,ame_crystal_n_sym_swaps,ame_crystal_n_sym_swaps,bookkeeping,crystal,ALL,286,59,,,,1.823,1.2,3.2,no_response_to_either,X-BOOKKEEP,results/P5/caxis_specificity_ratio.csv
natural,ame_crystal_n_sym_swaps,ame_crystal_n_sym_swaps,bookkeeping,crystal,ala,62,56,,,,3.0,0.833,9.0,no_response_to_either,X-BOOKKEEP,results/P5/caxis_specificity_ratio.csv
natural,ame_crystal_n_sym_swaps,ame_crystal_n_sym_swaps,bookkeeping,crystal,gly,43,41,,,,1.667,1.0,4.0,no_response_to_either,X-BOOKKEEP,results/P5/caxis_specificity_ratio.csv
natural,ame_crystal_n_sym_swaps,ame_crystal_n_sym_swaps,bookkeeping,crystal,isosteric,118,59,,,,1.571,1.0,3.0,no_response_to_either,X-BOOKKEEP,results/P5/caxis_specificity_ratio.csv
natural,ame_crystal_n_sym_swaps,ame_crystal_n_sym_swaps,bookkeeping,crystal,non_isosteric,63,57,,,,1.8,0.889,4.5,no_response_to_either,X-BOOKKEEP,results/P5/caxis_specificity_ratio.csv
natural,ame_crystal_pass,ame_crystal_pass,ame,crystal,ALL,286,59,,,,1.429,0.667,2.5,no_response_to_either,OK-KNOCKON,results/P5/caxis_specificity_ratio.csv
natural,ame_crystal_pass,ame_crystal_pass,ame,crystal,ala,62,56,,,,1.0,0.0,3.0,no_response_to_either,OK-KNOCKON,results/P5/caxis_specificity_ratio.csv
natural,ame_crystal_pass,ame_crystal_pass,ame,crystal,gly,43,41,,,,3.0,1.0,5.0,no_response_to_either,OK-KNOCKON,results/P5/caxis_specificity_ratio.csv
natural,ame_crystal_pass,ame_crystal_pass,ame,crystal,isosteric,118,59,,,,0.667,0.0,2.0,no_response_to_either,OK-KNOCKON,results/P5/caxis_specificity_ratio.csv
natural,ame_crystal_pass,ame_crystal_pass,ame,crystal,non_isosteric,63,57,,,,3.0,1.0,6.0,no_response_to_either,OK-KNOCKON,results/P5/caxis_specificity_ratio.csv
natural,ame_crystal_rmsd_max,ame_crystal_rmsd,ame,crystal,ALL,286,59,1.985,1.497,2.619,2.109,1.633,2.483,specific,OK-KNOCKON,results/P5/caxis_specificity_ratio.csv
natural,ame_crystal_rmsd_max,ame_crystal_rmsd,ame,crystal,ala,62,56,1.838,0.881,3.249,3.655,1.399,8.819,specific,OK-KNOCKON,results/P5/caxis_specificity_ratio.csv
natural,ame_crystal_rmsd_max,ame_crystal_rmsd,ame,crystal,gly,43,41,1.606,0.955,3.728,3.4,1.372,8.051,specific,OK-KNOCKON,results/P5/caxis_specificity_ratio.csv
natural,ame_crystal_rmsd_max,ame_crystal_rmsd,ame,crystal,isosteric,118,59,1.649,1.248,2.488,1.546,1.287,2.41,specific,OK-KNOCKON,results/P5/caxis_specificity_ratio.csv
natural,ame_crystal_rmsd_max,ame_crystal_rmsd,ame,crystal,non_isosteric,63,57,2.583,1.652,3.802,1.676,1.223,3.828,specific,OK-KNOCKON,results/P5/caxis_specificity_ratio.csv
natural,ame_crystal_rmsd_mean,ame_crystal_rmsd,ame,crystal,ALL,286,59,2.502,1.709,3.026,2.052,1.506,2.556,specific,OK-KNOCKON,results/P5/caxis_specificity_ratio.csv
natural,ame_crystal_rmsd_mean,ame_crystal_rmsd,ame,crystal,ala,62,56,2.646,1.527,3.545,3.683,1.63,7.431,specific,OK-KNOCKON,results/P5/caxis_specificity_ratio.csv
natural,ame_crystal_rmsd_mean,ame_crystal_rmsd,ame,crystal,gly,43,41,3.429,1.582,6.528,2.576,1.3,5.839,specific,OK-KNOCKON,results/P5/caxis_specificity_ratio.csv
natural,ame_crystal_rmsd_mean,ame_crystal_rmsd,ame,crystal,isosteric,118,59,1.684,1.179,2.712,1.962,1.203,2.775,specific,OK-KNOCKON,results/P5/caxis_specificity_ratio.csv
natural,ame_crystal_rmsd_mean,ame_crystal_rmsd,ame,crystal,non_isosteric,63,57,2.916,1.426,5.668,1.469,0.82,2.896,specific,OK-KNOCKON,results/P5/caxis_specificity_ratio.csv
natural,ame_crystal_rmsd_min,ame_crystal_rmsd,ame,crystal,ALL,286,59,1.722,1.217,2.325,1.773,1.372,2.594,specific,OK-KNOCKON,results/P5/caxis_specificity_ratio.csv
natural,ame_crystal_rmsd_min,ame_crystal_rmsd,ame,crystal,ala,62,56,2.036,1.256,3.039,2.809,1.037,4.945,specific,OK-KNOCKON,results/P5/caxis_specificity_ratio.csv
natural,ame_crystal_rmsd_min,ame_crystal_rmsd,ame,crystal,gly,43,41,2.469,1.068,4.838,1.87,1.365,2.814,specific,OK-KNOCKON,results/P5/caxis_specificity_ratio.csv
natural,ame_crystal_rmsd_min,ame_crystal_rmsd,ame,crystal,isosteric,118,59,1.461,0.938,2.51,2.666,1.017,4.735,specific,OK-KNOCKON,results/P5/caxis_specificity_ratio.csv
natural,ame_crystal_rmsd_min,ame_crystal_rmsd,ame,crystal,non_isosteric,63,57,1.7,1.122,2.724,0.803,0.241,4.495,specific,OK-KNOCKON,results/P5/caxis_specificity_ratio.csv
natural,ame_crystal_rmsd_naive_min,ame_crystal_rmsd,ame,crystal,ALL,286,59,1.602,1.187,2.269,1.762,1.362,2.549,specific,OK-KNOCKON,results/P5/caxis_specificity_ratio.csv
natural,ame_crystal_rmsd_naive_min,ame_crystal_rmsd,ame,crystal,ala,62,56,1.989,1.116,3.312,2.857,1.042,5.019,specific,OK-KNOCKON,results/P5/caxis_specificity_ratio.csv
natural,ame_crystal_rmsd_naive_min,ame_crystal_rmsd,ame,crystal,gly,43,41,2.37,0.951,5.129,1.815,1.323,2.641,specific,OK-KNOCKON,results/P5/caxis_specificity_ratio.csv
natural,ame_crystal_rmsd_naive_min,ame_crystal_rmsd,ame,crystal,isosteric,118,59,1.37,0.843,2.225,2.628,1.048,4.621,specific,OK-KNOCKON,results/P5/caxis_specificity_ratio.csv
natural,ame_crystal_rmsd_naive_min,ame_crystal_rmsd,ame,crystal,non_isosteric,63,57,1.534,1.067,2.794,0.792,0.239,4.278,specific,OK-KNOCKON,results/P5/caxis_specificity_ratio.csv
natural,ame_crystal_rmsd_std,ame_crystal_rmsd,ame,crystal,ALL,286,59,1.913,1.321,2.28,1.713,1.358,1.98,specific,OK-KNOCKON,results/P5/caxis_specificity_ratio.csv
natural,ame_crystal_rmsd_std,ame_crystal_rmsd,ame,crystal,ala,62,56,1.382,0.864,2.507,3.582,1.148,7.626,specific,OK-KNOCKON,results/P5/caxis_specificity_ratio.csv
natural,ame_crystal_rmsd_std,ame_crystal_rmsd,ame,crystal,gly,43,41,1.536,0.82,2.991,2.582,0.889,7.521,specific,OK-KNOCKON,results/P5/caxis_specificity_ratio.csv
natural,ame_crystal_rmsd_std,ame_crystal_rmsd,ame,crystal,isosteric,118,59,2.095,1.362,2.744,1.917,1.255,3.497,specific,OK-KNOCKON,results/P5/caxis_specificity_ratio.csv
natural,ame_crystal_rmsd_std,ame_crystal_rmsd,ame,crystal,non_isosteric,63,57,2.56,1.44,3.421,0.817,0.344,2.487,specific,OK-KNOCKON,results/P5/caxis_specificity_ratio.csv
natural,chai_aggregate_score_max,chai_aggregate_score,pred_interface,,ALL,286,59,2.419,1.585,3.407,1.754,1.219,2.538,specific,OK-PROVISIONAL,results/P5/caxis_specificity_ratio.csv
natural,chai_aggregate_score_max,chai_aggregate_score,pred_interface,,ala,62,56,3.904,1.518,5.862,2.386,1.695,3.609,specific,OK-PROVISIONAL,results/P5/caxis_specificity_ratio.csv
natural,chai_aggregate_score_max,chai_aggregate_score,pred_interface,,gly,43,41,1.923,0.968,5.74,1.685,0.834,4.021,specific,OK-PROVISIONAL,results/P5/caxis_specificity_ratio.csv
natural,chai_aggregate_score_max,chai_aggregate_score,pred_interface,,isosteric,118,59,2.286,1.514,3.615,1.627,1.062,2.533,specific,OK-PROVISIONAL,results/P5/caxis_specificity_ratio.csv
natural,chai_aggregate_score_max,chai_aggregate_score,pred_interface,,non_isosteric,63,57,2.228,1.032,3.8,1.541,0.802,3.1,specific,OK-PROVISIONAL,results/P5/caxis_specificity_ratio.csv
natural,chai_aggregate_score_mean,chai_aggregate_score,pred_interface,,ALL,286,59,2.463,1.561,3.755,2.021,1.458,2.774,specific,OK-PROVISIONAL,results/P5/caxis_specificity_ratio.csv
natural,chai_aggregate_score_mean,chai_aggregate_score,pred_interface,,ala,62,56,2.81,1.273,5.25,2.336,1.647,3.478,specific,OK-PROVISIONAL,results/P5/caxis_specificity_ratio.csv
natural,chai_aggregate_score_mean,chai_aggregate_score,pred_interface,,gly,43,41,2.138,1.167,6.321,2.781,1.598,5.067,specific,OK-PROVISIONAL,results/P5/caxis_specificity_ratio.csv
natural,chai_aggregate_score_mean,chai_aggregate_score,pred_interface,,isosteric,118,59,2.183,1.497,3.608,1.963,1.447,2.693,specific,OK-PROVISIONAL,results/P5/caxis_specificity_ratio.csv
natural,chai_aggregate_score_mean,chai_aggregate_score,pred_interface,,non_isosteric,63,57,3.132,1.074,5.511,1.581,0.804,3.303,specific,OK-PROVISIONAL,results/P5/caxis_specificity_ratio.csv
natural,chai_aggregate_score_std,chai_aggregate_score,pred_interface,,ALL,286,59,1.679,1.124,2.342,1.013,0.732,1.484,specific,OK-PROVISIONAL,results/P5/caxis_specificity_ratio.csv
natural,chai_aggregate_score_std,chai_aggregate_score,pred_interface,,ala,62,56,2.074,1.218,4.189,1.221,0.781,2.248,specific,OK-PROVISIONAL,results/P5/caxis_specificity_ratio.csv
natural,chai_aggregate_score_std,chai_aggregate_score,pred_interface,,gly,43,41,1.346,0.828,3.156,0.831,0.506,1.932,specific,OK-PROVISIONAL,results/P5/caxis_specificity_ratio.csv
natural,chai_aggregate_score_std,chai_aggregate_score,pred_interface,,isosteric,118,59,1.911,0.906,2.725,1.04,0.602,1.872,specific,OK-PROVISIONAL,results/P5/caxis_specificity_ratio.csv
natural,chai_aggregate_score_std,chai_aggregate_score,pred_interface,,non_isosteric,63,57,1.007,0.548,2.048,0.994,0.693,1.61,disqualified_SR<=1.2,OK-PROVISIONAL,results/P5/caxis_specificity_ratio.csv
natural,chai_has_inter_chain_clashes_max,chai_has_inter_chain_clashes,pred_global,,ALL,286,59,,,,,,,no_response_to_either,GLOBAL,results/P5/caxis_specificity_ratio.csv
natural,chai_has_inter_chain_clashes_max,chai_has_inter_chain_clashes,pred_global,,ala,62,56,,,,,,,no_response_to_either,GLOBAL,results/P5/caxis_specificity_ratio.csv
natural,chai_has_inter_chain_clashes_max,chai_has_inter_chain_clashes,pred_global,,gly,43,41,,,,,,,no_response_to_either,GLOBAL,results/P5/caxis_specificity_ratio.csv
natural,chai_has_inter_chain_clashes_max,chai_has_inter_chain_clashes,pred_global,,isosteric,118,59,,,,,,,no_response_to_either,GLOBAL,results/P5/caxis_specificity_ratio.csv
natural,chai_has_inter_chain_clashes_max,chai_has_inter_chain_clashes,pred_global,,non_isosteric,63,57,,,,,,,no_response_to_either,GLOBAL,results/P5/caxis_specificity_ratio.csv
natural,chai_has_inter_chain_clashes_mean,chai_has_inter_chain_clashes,pred_global,,ALL,286,59,,,,,,,no_response_to_either,GLOBAL,results/P5/caxis_specificity_ratio.csv
natural,chai_has_inter_chain_clashes_mean,chai_has_inter_chain_clashes,pred_global,,ala,62,56,,,,,,,no_response_to_either,GLOBAL,results/P5/caxis_specificity_ratio.csv
natural,chai_has_inter_chain_clashes_mean,chai_has_inter_chain_clashes,pred_global,,gly,43,41,,,,,,,no_response_to_either,GLOBAL,results/P5/caxis_specificity_ratio.csv
natural,chai_has_inter_chain_clashes_mean,chai_has_inter_chain_clashes,pred_global,,isosteric,118,59,,,,,,,no_response_to_either,GLOBAL,results/P5/caxis_specificity_ratio.csv
natural,chai_has_inter_chain_clashes_mean,chai_has_inter_chain_clashes,pred_global,,non_isosteric,63,57,,,,,,,no_response_to_either,GLOBAL,results/P5/caxis_specificity_ratio.csv
natural,chai_has_inter_chain_clashes_std,chai_has_inter_chain_clashes,pred_global,,ALL,286,59,,,,,,,no_response_to_either,GLOBAL,results/P5/caxis_specificity_ratio.csv
natural,chai_has_inter_chain_clashes_std,chai_has_inter_chain_clashes,pred_global,,ala,62,56,,,,,,,no_response_to_either,GLOBAL,results/P5/caxis_specificity_ratio.csv
natural,chai_has_inter_chain_clashes_std,chai_has_inter_chain_clashes,pred_global,,gly,43,41,,,,,,,no_response_to_either,GLOBAL,results/P5/caxis_specificity_ratio.csv
natural,chai_has_inter_chain_clashes_std,chai_has_inter_chain_clashes,pred_global,,isosteric,118,59,,,,,,,no_response_to_either,GLOBAL,results/P5/caxis_specificity_ratio.csv
natural,chai_has_inter_chain_clashes_std,chai_has_inter_chain_clashes,pred_global,,non_isosteric,63,57,,,,,,,no_response_to_either,GLOBAL,results/P5/caxis_specificity_ratio.csv
natural,chai_iptm_max,chai_iptm,pred_interface,,ALL,286,59,2.412,1.613,3.466,1.77,1.229,2.566,specific,OK-PROVISIONAL,results/P5/caxis_specificity_ratio.csv
natural,chai_iptm_max,chai_iptm,pred_interface,,ala,62,56,3.641,1.577,5.773,2.392,1.698,3.616,specific,OK-PROVISIONAL,results/P5/caxis_specificity_ratio.csv
natural,chai_iptm_max,chai_iptm,pred_interface,,gly,43,41,2.207,0.869,6.221,1.704,0.839,4.134,specific,OK-PROVISIONAL,results/P5/caxis_specificity_ratio.csv
natural,chai_iptm_max,chai_iptm,pred_interface,,isosteric,118,59,1.957,1.371,3.343,1.622,1.058,2.526,specific,OK-PROVISIONAL,results/P5/caxis_specificity_ratio.csv
natural,chai_iptm_max,chai_iptm,pred_interface,,non_isosteric,63,57,2.273,1.27,5.617,1.576,0.813,3.195,specific,OK-PROVISIONAL,results/P5/caxis_specificity_ratio.csv
natural,chai_iptm_mean,chai_iptm,pred_interface,,ALL,286,59,2.626,1.546,3.919,2.036,1.465,2.803,specific,OK-PROVISIONAL,results/P5/caxis_specificity_ratio.csv
natural,chai_iptm_mean,chai_iptm,pred_interface,,ala,62,56,2.839,1.255,5.442,2.343,1.65,3.485,specific,OK-PROVISIONAL,results/P5/caxis_specificity_ratio.csv
natural,chai_iptm_mean,chai_iptm,pred_interface,,gly,43,41,2.571,1.18,7.014,2.85,1.618,5.316,specific,OK-PROVISIONAL,results/P5/caxis_specificity_ratio.csv
natural,chai_iptm_mean,chai_iptm,pred_interface,,isosteric,118,59,1.994,1.419,3.633,1.963,1.44,2.707,specific,OK-PROVISIONAL,results/P5/caxis_specificity_ratio.csv
natural,chai_iptm_mean,chai_iptm,pred_interface,,non_isosteric,63,57,3.644,1.296,6.065,1.599,0.808,3.386,specific,OK-PROVISIONAL,results/P5/caxis_specificity_ratio.csv
natural,chai_iptm_std,chai_iptm,pred_interface,,ALL,286,59,1.728,1.093,2.184,1.015,0.735,1.486,specific,OK-PROVISIONAL,results/P5/caxis_specificity_ratio.csv
natural,chai_iptm_std,chai_iptm,pred_interface,,ala,62,56,2.032,1.149,3.99,1.227,0.783,2.262,specific,OK-PROVISIONAL,results/P5/caxis_specificity_ratio.csv
natural,chai_iptm_std,chai_iptm,pred_interface,,gly,43,41,1.376,0.808,2.905,0.829,0.506,1.913,specific,OK-PROVISIONAL,results/P5/caxis_specificity_ratio.csv
natural,chai_iptm_std,chai_iptm,pred_interface,,isosteric,118,59,1.904,0.946,2.924,1.046,0.605,1.878,specific,OK-PROVISIONAL,results/P5/caxis_specificity_ratio.csv
natural,chai_iptm_std,chai_iptm,pred_interface,,non_isosteric,63,57,1.181,0.565,1.903,0.988,0.69,1.592,disqualified_SR<=1.2,OK-PROVISIONAL,results/P5/caxis_specificity_ratio.csv
natural,chai_per_chain_ptm_min_max,chai_per_chain_ptm_min,pred_interface,,ALL,286,59,2.29,1.704,3.212,1.871,1.251,2.929,specific,OK-PROVISIONAL,results/P5/caxis_specificity_ratio.csv
natural,chai_per_chain_ptm_min_max,chai_per_chain_ptm_min,pred_interface,,ala,62,56,1.843,1.125,4.236,2.251,1.29,3.926,specific,OK-PROVISIONAL,results/P5/caxis_specificity_ratio.csv
natural,chai_per_chain_ptm_min_max,chai_per_chain_ptm_min,pred_interface,,gly,43,41,1.613,0.886,3.809,1.909,1.018,4.564,specific,OK-PROVISIONAL,results/P5/caxis_specificity_ratio.csv
natural,chai_per_chain_ptm_min_max,chai_per_chain_ptm_min,pred_interface,,isosteric,118,59,2.869,1.932,4.698,2.425,1.569,3.766,specific,OK-PROVISIONAL,results/P5/caxis_specificity_ratio.csv
natural,chai_per_chain_ptm_min_max,chai_per_chain_ptm_min,pred_interface,,non_isosteric,63,57,2.864,1.604,4.252,1.236,0.59,2.802,specific,OK-PROVISIONAL,results/P5/caxis_specificity_ratio.csv
natural,chai_per_chain_ptm_min_mean,chai_per_chain_ptm_min,pred_interface,,ALL,286,59,2.667,2.084,3.727,1.53,1.217,2.549,specific,OK-PROVISIONAL,results/P5/caxis_specificity_ratio.csv
natural,chai_per_chain_ptm_min_mean,chai_per_chain_ptm_min,pred_interface,,ala,62,56,2.552,1.163,3.993,2.083,1.429,3.271,specific,OK-PROVISIONAL,results/P5/caxis_specificity_ratio.csv
natural,chai_per_chain_ptm_min_mean,chai_per_chain_ptm_min,pred_interface,,gly,43,41,2.667,1.085,6.158,1.356,1.068,4.224,specific,OK-PROVISIONAL,results/P5/caxis_specificity_ratio.csv
natural,chai_per_chain_ptm_min_mean,chai_per_chain_ptm_min,pred_interface,,isosteric,118,59,2.77,2.049,3.937,1.566,1.193,3.208,specific,OK-PROVISIONAL,results/P5/caxis_specificity_ratio.csv
natural,chai_per_chain_ptm_min_mean,chai_per_chain_ptm_min,pred_interface,,non_isosteric,63,57,2.769,1.779,4.336,1.145,0.565,2.506,specific,OK-PROVISIONAL,results/P5/caxis_specificity_ratio.csv
natural,chai_per_chain_ptm_min_std,chai_per_chain_ptm_min,pred_interface,,ALL,286,59,1.572,1.08,2.062,1.054,0.834,1.397,specific,OK-PROVISIONAL,results/P5/caxis_specificity_ratio.csv
natural,chai_per_chain_ptm_min_std,chai_per_chain_ptm_min,pred_interface,,ala,62,56,1.782,0.902,3.675,1.265,1.201,1.974,specific,OK-PROVISIONAL,results/P5/caxis_specificity_ratio.csv
natural,chai_per_chain_ptm_min_std,chai_per_chain_ptm_min,pred_interface,,gly,43,41,1.512,0.643,2.576,1.012,0.623,2.15,specific,OK-PROVISIONAL,results/P5/caxis_specificity_ratio.csv
natural,chai_per_chain_ptm_min_std,chai_per_chain_ptm_min,pred_interface,,isosteric,118,59,1.28,0.831,2.011,0.944,0.509,1.381,specific,OK-PROVISIONAL,results/P5/caxis_specificity_ratio.csv
natural,chai_per_chain_ptm_min_std,chai_per_chain_ptm_min,pred_interface,,non_isosteric,63,57,1.548,0.954,2.994,0.976,0.654,1.909,specific,OK-PROVISIONAL,results/P5/caxis_specificity_ratio.csv
natural,chai_per_chain_ptm_protein_max,chai_per_chain_ptm_protein,pred_global,,ALL,286,59,1.353,0.92,1.817,0.961,0.734,1.266,specific,GLOBAL,results/P5/caxis_specificity_ratio.csv
natural,chai_per_chain_ptm_protein_max,chai_per_chain_ptm_protein,pred_global,,ala,62,56,1.323,0.696,2.106,1.015,0.731,1.442,specific,GLOBAL,results/P5/caxis_specificity_ratio.csv
natural,chai_per_chain_ptm_protein_max,chai_per_chain_ptm_protein,pred_global,,gly,43,41,1.657,0.895,3.092,1.046,0.781,1.543,specific,GLOBAL,results/P5/caxis_specificity_ratio.csv
natural,chai_per_chain_ptm_protein_max,chai_per_chain_ptm_protein,pred_global,,isosteric,118,59,1.504,1.077,2.215,1.333,0.853,2.09,specific,GLOBAL,results/P5/caxis_specificity_ratio.csv
natural,chai_per_chain_ptm_protein_max,chai_per_chain_ptm_protein,pred_global,,non_isosteric,63,57,1.004,0.614,1.368,0.65,0.446,0.991,disqualified_SR<=1.2,GLOBAL,results/P5/caxis_specificity_ratio.csv
natural,chai_per_chain_ptm_protein_mean,chai_per_chain_ptm_protein,pred_global,,ALL,286,59,1.423,0.935,1.804,0.967,0.738,1.272,specific,GLOBAL,results/P5/caxis_specificity_ratio.csv
natural,chai_per_chain_ptm_protein_mean,chai_per_chain_ptm_protein,pred_global,,ala,62,56,1.327,0.628,2.053,1.006,0.741,1.384,specific,GLOBAL,results/P5/caxis_specificity_ratio.csv
natural,chai_per_chain_ptm_protein_mean,chai_per_chain_ptm_protein,pred_global,,gly,43,41,1.437,0.843,2.593,1.039,0.761,1.557,specific,GLOBAL,results/P5/caxis_specificity_ratio.csv
natural,chai_per_chain_ptm_protein_mean,chai_per_chain_ptm_protein,pred_global,,isosteric,118,59,1.328,0.888,2.072,1.336,0.842,2.089,specific,GLOBAL,results/P5/caxis_specificity_ratio.csv
natural,chai_per_chain_ptm_protein_mean,chai_per_chain_ptm_protein,pred_global,,non_isosteric,63,57,1.105,0.654,1.584,0.676,0.466,1.024,disqualified_SR<=1.2,GLOBAL,results/P5/caxis_specificity_ratio.csv
natural,chai_per_chain_ptm_protein_std,chai_per_chain_ptm_protein,pred_global,,ALL,286,59,1.053,0.784,1.337,1.269,0.953,1.675,disqualified_SR<=1.2,GLOBAL,results/P5/caxis_specificity_ratio.csv
natural,chai_per_chain_ptm_protein_std,chai_per_chain_ptm_protein,pred_global,,ala,62,56,1.115,0.604,1.804,1.328,0.799,2.233,disqualified_SR<=1.2,GLOBAL,results/P5/caxis_specificity_ratio.csv
natural,chai_per_chain_ptm_protein_std,chai_per_chain_ptm_protein,pred_global,,gly,43,41,0.744,0.443,1.454,1.548,0.93,2.56,disqualified_SR<=1.2,GLOBAL,results/P5/caxis_specificity_ratio.csv
natural,chai_per_chain_ptm_protein_std,chai_per_chain_ptm_protein,pred_global,,isosteric,118,59,1.141,0.785,1.531,1.288,1.019,1.585,disqualified_SR<=1.2,GLOBAL,results/P5/caxis_specificity_ratio.csv
natural,chai_per_chain_ptm_protein_std,chai_per_chain_ptm_protein,pred_global,,non_isosteric,63,57,0.95,0.555,1.375,1.063,0.624,1.77,disqualified_SR<=1.2,GLOBAL,results/P5/caxis_specificity_ratio.csv
natural,chai_plddt_best_model,chai_plddt_best_model,pred_global,,ALL,286,59,1.213,0.919,1.676,0.964,0.775,1.199,specific,GLOBAL,results/P5/caxis_specificity_ratio.csv
natural,chai_plddt_best_model,chai_plddt_best_model,pred_global,,ala,62,56,1.363,0.649,2.073,0.951,0.668,1.387,specific,GLOBAL,results/P5/caxis_specificity_ratio.csv
natural,chai_plddt_best_model,chai_plddt_best_model,pred_global,,gly,43,41,1.198,0.637,2.204,0.938,0.65,1.435,disqualified_SR<=1.2,GLOBAL,results/P5/caxis_specificity_ratio.csv
natural,chai_plddt_best_model,chai_plddt_best_model,pred_global,,isosteric,118,59,1.393,1.087,2.389,1.385,1.061,1.831,specific,GLOBAL,results/P5/caxis_specificity_ratio.csv
natural,chai_plddt_best_model,chai_plddt_best_model,pred_global,,non_isosteric,63,57,0.671,0.375,1.427,0.665,0.451,0.987,disqualified_SR<=1.2,GLOBAL,results/P5/caxis_specificity_ratio.csv
natural,chai_plddt_mean,chai_plddt,pred_global,,ALL,286,59,1.147,0.86,1.571,0.979,0.792,1.217,disqualified_SR<=1.2,GLOBAL,results/P5/caxis_specificity_ratio.csv
natural,chai_plddt_mean,chai_plddt,pred_global,,ala,62,56,1.001,0.564,1.577,0.913,0.659,1.303,disqualified_SR<=1.2,GLOBAL,results/P5/caxis_specificity_ratio.csv
natural,chai_plddt_mean,chai_plddt,pred_global,,gly,43,41,1.326,0.633,2.241,0.952,0.655,1.472,specific,GLOBAL,results/P5/caxis_specificity_ratio.csv
natural,chai_plddt_mean,chai_plddt,pred_global,,isosteric,118,59,1.541,1.099,2.275,1.432,1.106,1.887,specific,GLOBAL,results/P5/caxis_specificity_ratio.csv
natural,chai_plddt_mean,chai_plddt,pred_global,,non_isosteric,63,57,0.799,0.436,1.423,0.687,0.46,1.037,disqualified_SR<=1.2,GLOBAL,results/P5/caxis_specificity_ratio.csv
natural,chai_plddt_min,chai_plddt_min,pred_global,,ALL,286,59,1.162,0.913,1.463,0.927,0.726,1.177,disqualified_SR<=1.2,GLOBAL,results/P5/caxis_specificity_ratio.csv
natural,chai_plddt_min,chai_plddt_min,pred_global,,ala,62,56,1.169,0.735,1.913,0.988,0.664,1.593,disqualified_SR<=1.2,GLOBAL,results/P5/caxis_specificity_ratio.csv
natural,chai_plddt_min,chai_plddt_min,pred_global,,gly,43,41,0.849,0.494,1.453,1.087,0.736,1.553,disqualified_SR<=1.2,GLOBAL,results/P5/caxis_specificity_ratio.csv
natural,chai_plddt_min,chai_plddt_min,pred_global,,isosteric,118,59,1.225,0.971,1.778,1.206,0.878,1.649,specific,GLOBAL,results/P5/caxis_specificity_ratio.csv
natural,chai_plddt_min,chai_plddt_min,pred_global,,non_isosteric,63,57,1.149,0.772,1.847,0.641,0.417,1.014,disqualified_SR<=1.2,GLOBAL,results/P5/caxis_specificity_ratio.csv
natural,chai_plddt_std_across_models,chai_plddt_std_across_models,pred_global,,ALL,286,59,1.116,0.812,1.361,1.048,0.843,1.283,disqualified_SR<=1.2,GLOBAL,results/P5/caxis_specificity_ratio.csv
natural,chai_plddt_std_across_models,chai_plddt_std_across_models,pred_global,,ala,62,56,0.918,0.528,1.801,1.386,0.834,2.065,disqualified_SR<=1.2,GLOBAL,results/P5/caxis_specificity_ratio.csv
natural,chai_plddt_std_across_models,chai_plddt_std_across_models,pred_global,,gly,43,41,0.812,0.454,1.984,1.141,0.808,1.702,disqualified_SR<=1.2,GLOBAL,results/P5/caxis_specificity_ratio.csv
natural,chai_plddt_std_across_models,chai_plddt_std_across_models,pred_global,,isosteric,118,59,1.324,0.93,1.758,1.386,1.006,1.904,specific,GLOBAL,results/P5/caxis_specificity_ratio.csv
natural,chai_plddt_std_across_models,chai_plddt_std_across_models,pred_global,,non_isosteric,63,57,0.803,0.412,1.204,0.546,0.341,0.936,disqualified_SR<=1.2,GLOBAL,results/P5/caxis_specificity_ratio.csv
natural,chai_ptm_max,chai_ptm,pred_global,,ALL,286,59,1.584,1.126,2.02,1.038,0.777,1.39,specific,GLOBAL,results/P5/caxis_specificity_ratio.csv
natural,chai_ptm_max,chai_ptm,pred_global,,ala,62,56,1.559,1.014,2.439,1.257,0.882,1.805,specific,GLOBAL,results/P5/caxis_specificity_ratio.csv
natural,chai_ptm_max,chai_ptm,pred_global,,gly,43,41,2.116,1.151,3.679,0.937,0.608,1.684,specific,GLOBAL,results/P5/caxis_specificity_ratio.csv
natural,chai_ptm_max,chai_ptm,pred_global,,isosteric,118,59,1.487,1.049,2.207,1.277,0.792,2.08,specific,GLOBAL,results/P5/caxis_specificity_ratio.csv
natural,chai_ptm_max,chai_ptm,pred_global,,non_isosteric,63,57,0.936,0.67,1.688,0.789,0.542,1.175,disqualified_SR<=1.2,GLOBAL,results/P5/caxis_specificity_ratio.csv
natural,chai_ptm_mean,chai_ptm,pred_global,,ALL,286,59,1.537,1.176,2.014,1.105,0.862,1.424,specific,GLOBAL,results/P5/caxis_specificity_ratio.csv
natural,chai_ptm_mean,chai_ptm,pred_global,,ala,62,56,1.686,1.097,2.529,1.232,0.885,1.744,specific,GLOBAL,results/P5/caxis_specificity_ratio.csv
natural,chai_ptm_mean,chai_ptm,pred_global,,gly,43,41,1.829,0.962,2.86,1.111,0.738,1.772,specific,GLOBAL,results/P5/caxis_specificity_ratio.csv
natural,chai_ptm_mean,chai_ptm,pred_global,,isosteric,118,59,1.378,1.029,1.824,1.427,0.925,2.156,specific,GLOBAL,results/P5/caxis_specificity_ratio.csv
natural,chai_ptm_mean,chai_ptm,pred_global,,non_isosteric,63,57,1.007,0.681,1.827,0.809,0.553,1.229,disqualified_SR<=1.2,GLOBAL,results/P5/caxis_specificity_ratio.csv
natural,chai_ptm_std,chai_ptm,pred_global,,ALL,286,59,1.004,0.83,1.365,0.935,0.637,1.378,disqualified_SR<=1.2,GLOBAL,results/P5/caxis_specificity_ratio.csv
natural,chai_ptm_std,chai_ptm,pred_global,,ala,62,56,1.333,0.823,2.544,1.131,0.701,1.857,specific,GLOBAL,results/P5/caxis_specificity_ratio.csv
natural,chai_ptm_std,chai_ptm,pred_global,,gly,43,41,1.096,0.619,2.071,0.982,0.526,2.266,disqualified_SR<=1.2,GLOBAL,results/P5/caxis_specificity_ratio.csv
natural,chai_ptm_std,chai_ptm,pred_global,,isosteric,118,59,1.094,0.782,1.484,0.823,0.483,1.352,disqualified_SR<=1.2,GLOBAL,results/P5/caxis_specificity_ratio.csv
natural,chai_ptm_std,chai_ptm,pred_global,,non_isosteric,63,57,0.887,0.522,1.619,0.928,0.561,1.5,disqualified_SR<=1.2,GLOBAL,results/P5/caxis_specificity_ratio.csv
