test_id,source,metric_name,role,a3_status,headline,N_pairs,N_systems,analysis,stratum,edge_lo,edge_hi,k_pairs,k_systems,SR_mean,SR_mean_lo95,SR_mean_hi95,SR_mean_lo90,SR_mean_hi90,SR_median,SR_median_lo95,SR_median_hi95,mean_abs_delta_cat,mean_abs_delta_ctl,note,median_d_lig_cat,median_d_lig_ctl,median_abs_diff_d_lig,source_artifact
P5_CAXIS_DN,denovo,ame_self_clash_max,interface,X-UNDEF-COV,1,26,15,a_distance_strata,all_pairs_original_gate,,,26,15,1.4712,0.9087,2.5756,1.0163,2.314,1.0868,0.4157,2.8086,0.3383,0.23,,,,,results/P5/caxis_deltas.csv;results/P5_1B/pair_distances.csv
P5_CAXIS_DN,denovo,ame_self_clash_max,interface,X-UNDEF-COV,1,26,15,a_distance_strata,all_pairs,,,26,15,1.4712,0.9087,2.5756,1.0163,2.314,1.0868,0.4157,2.8086,0.3383,0.23,,,,,results/P5/caxis_deltas.csv;results/P5_1B/pair_distances.csv
P5_CAXIS_DN,denovo,ame_self_pass,knockon,X-UNDEF-COV,1,26,15,a_distance_strata,all_pairs_original_gate,,,26,15,1.0,0.0,5.0,0.1429,4.0,,,,0.1154,0.1154,,,,,results/P5/caxis_deltas.csv;results/P5_1B/pair_distances.csv
P5_CAXIS_DN,denovo,ame_self_pass,knockon,X-UNDEF-COV,1,26,15,a_distance_strata,all_pairs,,,26,15,1.0,0.0,5.0,0.1429,4.0,,,,0.1154,0.1154,,,,,results/P5/caxis_deltas.csv;results/P5_1B/pair_distances.csv
P5_CAXIS_DN,denovo,ame_self_rmsd_max,knockon,X-UNDEF-COV,0,26,15,a_distance_strata,all_pairs_original_gate,,,26,15,1.1572,0.5792,3.5407,0.6104,3.0812,1.2165,0.5425,5.2075,0.816,0.7052,,,,,results/P5/caxis_deltas.csv;results/P5_1B/pair_distances.csv
P5_CAXIS_DN,denovo,ame_self_rmsd_max,knockon,X-UNDEF-COV,0,26,15,a_distance_strata,all_pairs,,,26,15,1.1572,0.5792,3.5407,0.6104,3.0812,1.2165,0.5425,5.2075,0.816,0.7052,,,,,results/P5/caxis_deltas.csv;results/P5_1B/pair_distances.csv
P5_CAXIS_DN,denovo,ame_self_rmsd_mean,knockon,X-UNDEF-COV,0,26,15,a_distance_strata,all_pairs_original_gate,,,26,15,0.8653,0.3958,3.7307,0.4355,3.3218,2.1925,1.0016,7.1031,0.4194,0.4847,,,,,results/P5/caxis_deltas.csv;results/P5_1B/pair_distances.csv
P5_CAXIS_DN,denovo,ame_self_rmsd_mean,knockon,X-UNDEF-COV,0,26,15,a_distance_strata,all_pairs,,,26,15,0.8653,0.3958,3.7307,0.4355,3.3218,2.1925,1.0016,7.1031,0.4194,0.4847,,,,,results/P5/caxis_deltas.csv;results/P5_1B/pair_distances.csv
P5_CAXIS_DN,denovo,ame_self_rmsd_min,knockon,X-UNDEF-COV,1,26,15,a_distance_strata,all_pairs_original_gate,,,26,15,0.7292,0.2486,3.4963,0.2919,2.9668,2.1742,0.4181,6.1746,0.2828,0.3878,,,,,results/P5/caxis_deltas.csv;results/P5_1B/pair_distances.csv
P5_CAXIS_DN,denovo,ame_self_rmsd_min,knockon,X-UNDEF-COV,1,26,15,a_distance_strata,all_pairs,,,26,15,0.7292,0.2486,3.4963,0.2919,2.9668,2.1742,0.4181,6.1746,0.2828,0.3878,,,,,results/P5/caxis_deltas.csv;results/P5_1B/pair_distances.csv
P5_CAXIS_DN,denovo,ame_self_rmsd_naive_min,knockon,X-UNDEF-COV,0,26,15,a_distance_strata,all_pairs_original_gate,,,26,15,0.7292,0.2486,3.4963,0.2919,2.9668,2.1742,0.4181,6.1746,0.2828,0.3878,,,,,results/P5/caxis_deltas.csv;results/P5_1B/pair_distances.csv
P5_CAXIS_DN,denovo,ame_self_rmsd_naive_min,knockon,X-UNDEF-COV,0,26,15,a_distance_strata,all_pairs,,,26,15,0.7292,0.2486,3.4963,0.2919,2.9668,2.1742,0.4181,6.1746,0.2828,0.3878,,,,,results/P5/caxis_deltas.csv;results/P5_1B/pair_distances.csv
P5_CAXIS_DN,denovo,ame_self_rmsd_std,knockon,X-UNDEF-COV,0,26,15,a_distance_strata,all_pairs_original_gate,,,26,15,1.721,0.9233,3.635,1.0193,3.1683,2.7547,0.3865,12.2642,0.3277,0.1904,,,,,results/P5/caxis_deltas.csv;results/P5_1B/pair_distances.csv
P5_CAXIS_DN,denovo,ame_self_rmsd_std,knockon,X-UNDEF-COV,0,26,15,a_distance_strata,all_pairs,,,26,15,1.721,0.9233,3.635,1.0193,3.1683,2.7547,0.3865,12.2642,0.3277,0.1904,,,,,results/P5/caxis_deltas.csv;results/P5_1B/pair_distances.csv
P5_CAXIS_DN,denovo,chai_aggregate_score_max,interface,X-UNDEF-COV,0,26,15,a_distance_strata,all_pairs_original_gate,,,26,15,1.1526,0.5866,4.4738,0.63,3.8311,1.66,0.8494,4.7494,0.0813,0.0705,,,,,results/P5/caxis_deltas.csv;results/P5_1B/pair_distances.csv
P5_CAXIS_DN,denovo,chai_aggregate_score_max,interface,X-UNDEF-COV,0,26,15,a_distance_strata,all_pairs,,,26,15,1.1526,0.5866,4.4738,0.63,3.8311,1.66,0.8494,4.7494,0.0813,0.0705,,,,,results/P5/caxis_deltas.csv;results/P5_1B/pair_distances.csv
P5_CAXIS_DN,denovo,chai_aggregate_score_mean,interface,X-UNDEF-COV,1,26,15,a_distance_strata,all_pairs_original_gate,,,26,15,1.1337,0.5879,4.3388,0.6328,3.7172,1.265,0.6638,4.1798,0.0826,0.0728,,,,,results/P5/caxis_deltas.csv;results/P5_1B/pair_distances.csv
P5_CAXIS_DN,denovo,chai_aggregate_score_mean,interface,X-UNDEF-COV,1,26,15,a_distance_strata,all_pairs,,,26,15,1.1337,0.5879,4.3388,0.6328,3.7172,1.265,0.6638,4.1798,0.0826,0.0728,,,,,results/P5/caxis_deltas.csv;results/P5_1B/pair_distances.csv
P5_CAXIS_DN,denovo,chai_aggregate_score_std,interface,X-UNDEF-COV,0,26,15,a_distance_strata,all_pairs_original_gate,,,26,15,1.0532,0.5477,2.1924,0.6256,1.8819,1.8585,1.212,6.1567,0.0125,0.0119,,,,,results/P5/caxis_deltas.csv;results/P5_1B/pair_distances.csv
P5_CAXIS_DN,denovo,chai_aggregate_score_std,interface,X-UNDEF-COV,0,26,15,a_distance_strata,all_pairs,,,26,15,1.0532,0.5477,2.1924,0.6256,1.8819,1.8585,1.212,6.1567,0.0125,0.0119,,,,,results/P5/caxis_deltas.csv;results/P5_1B/pair_distances.csv
P5_CAXIS_DN,denovo,chai_has_inter_chain_clashes_max,global,X-UNDEF-COV,0,26,15,a_distance_strata,all_pairs_original_gate,,,26,15,,,,,,,,,0.0,0.0,,,,,results/P5/caxis_deltas.csv;results/P5_1B/pair_distances.csv
P5_CAXIS_DN,denovo,chai_has_inter_chain_clashes_max,global,X-UNDEF-COV,0,26,15,a_distance_strata,all_pairs,,,26,15,,,,,,,,,0.0,0.0,,,,,results/P5/caxis_deltas.csv;results/P5_1B/pair_distances.csv
P5_CAXIS_DN,denovo,chai_has_inter_chain_clashes_mean,global,X-UNDEF-COV,0,26,15,a_distance_strata,all_pairs_original_gate,,,26,15,,,,,,,,,0.0,0.0,,,,,results/P5/caxis_deltas.csv;results/P5_1B/pair_distances.csv
P5_CAXIS_DN,denovo,chai_has_inter_chain_clashes_mean,global,X-UNDEF-COV,0,26,15,a_distance_strata,all_pairs,,,26,15,,,,,,,,,0.0,0.0,,,,,results/P5/caxis_deltas.csv;results/P5_1B/pair_distances.csv
P5_CAXIS_DN,denovo,chai_has_inter_chain_clashes_std,global,X-UNDEF-COV,0,26,15,a_distance_strata,all_pairs_original_gate,,,26,15,,,,,,,,,0.0,0.0,,,,,results/P5/caxis_deltas.csv;results/P5_1B/pair_distances.csv
P5_CAXIS_DN,denovo,chai_has_inter_chain_clashes_std,global,X-UNDEF-COV,0,26,15,a_distance_strata,all_pairs,,,26,15,,,,,,,,,0.0,0.0,,,,,results/P5/caxis_deltas.csv;results/P5_1B/pair_distances.csv
P5_CAXIS_DN,denovo,chai_iptm_max,interface,X-UNDEF-COV,0,26,15,a_distance_strata,all_pairs_original_gate,,,26,15,1.2815,0.6747,4.5847,0.7226,3.931,1.5999,0.8884,5.1039,0.0963,0.0751,,,,,results/P5/caxis_deltas.csv;results/P5_1B/pair_distances.csv
P5_CAXIS_DN,denovo,chai_iptm_max,interface,X-UNDEF-COV,0,26,15,a_distance_strata,all_pairs,,,26,15,1.2815,0.6747,4.5847,0.7226,3.931,1.5999,0.8884,5.1039,0.0963,0.0751,,,,,results/P5/caxis_deltas.csv;results/P5_1B/pair_distances.csv
P5_CAXIS_DN,denovo,chai_iptm_mean,interface,X-UNDEF-COV,1,26,15,a_distance_strata,all_pairs_original_gate,,,26,15,1.2541,0.6713,4.4542,0.7169,3.7896,1.2534,0.7454,4.3337,0.0978,0.078,,,,,results/P5/caxis_deltas.csv;results/P5_1B/pair_distances.csv
P5_CAXIS_DN,denovo,chai_iptm_mean,interface,X-UNDEF-COV,1,26,15,a_distance_strata,all_pairs,,,26,15,1.2541,0.6713,4.4542,0.7169,3.7896,1.2534,0.7454,4.3337,0.0978,0.078,,,,,results/P5/caxis_deltas.csv;results/P5_1B/pair_distances.csv
P5_CAXIS_DN,denovo,chai_iptm_std,interface,X-UNDEF-COV,0,26,15,a_distance_strata,all_pairs_original_gate,,,26,15,1.0521,0.5445,2.1922,0.6215,1.8776,1.9638,0.821,6.7022,0.0154,0.0146,,,,,results/P5/caxis_deltas.csv;results/P5_1B/pair_distances.csv
P5_CAXIS_DN,denovo,chai_iptm_std,interface,X-UNDEF-COV,0,26,15,a_distance_strata,all_pairs,,,26,15,1.0521,0.5445,2.1922,0.6215,1.8776,1.9638,0.821,6.7022,0.0154,0.0146,,,,,results/P5/caxis_deltas.csv;results/P5_1B/pair_distances.csv
P5_CAXIS_DN,denovo,chai_per_chain_ptm_min_max,interface,X-UNDEF-COV,0,26,15,a_distance_strata,all_pairs_original_gate,,,26,15,0.6338,0.3255,2.6864,0.3513,2.2841,1.5118,0.6221,6.8975,0.0232,0.0365,,,,,results/P5/caxis_deltas.csv;results/P5_1B/pair_distances.csv
P5_CAXIS_DN,denovo,chai_per_chain_ptm_min_max,interface,X-UNDEF-COV,0,26,15,a_distance_strata,all_pairs,,,26,15,0.6338,0.3255,2.6864,0.3513,2.2841,1.5118,0.6221,6.8975,0.0232,0.0365,,,,,results/P5/caxis_deltas.csv;results/P5_1B/pair_distances.csv
P5_CAXIS_DN,denovo,chai_per_chain_ptm_min_mean,interface,X-UNDEF-COV,1,26,15,a_distance_strata,all_pairs_original_gate,,,26,15,0.6134,0.3081,2.7992,0.3335,2.3913,1.1911,0.49,5.6122,0.022,0.0358,,,,,results/P5/caxis_deltas.csv;results/P5_1B/pair_distances.csv
P5_CAXIS_DN,denovo,chai_per_chain_ptm_min_mean,interface,X-UNDEF-COV,1,26,15,a_distance_strata,all_pairs,,,26,15,0.6134,0.3081,2.7992,0.3335,2.3913,1.1911,0.49,5.6122,0.022,0.0358,,,,,results/P5/caxis_deltas.csv;results/P5_1B/pair_distances.csv
P5_CAXIS_DN,denovo,chai_per_chain_ptm_min_std,interface,X-UNDEF-COV,0,26,15,a_distance_strata,all_pairs_original_gate,,,26,15,1.6011,1.1176,2.4163,1.1792,2.2549,1.3667,0.7147,2.8903,0.0025,0.0015,,,,,results/P5/caxis_deltas.csv;results/P5_1B/pair_distances.csv
P5_CAXIS_DN,denovo,chai_per_chain_ptm_min_std,interface,X-UNDEF-COV,0,26,15,a_distance_strata,all_pairs,,,26,15,1.6011,1.1176,2.4163,1.1792,2.2549,1.3667,0.7147,2.8903,0.0025,0.0015,,,,,results/P5/caxis_deltas.csv;results/P5_1B/pair_distances.csv
P5_CAXIS_DN,denovo,chai_per_chain_ptm_protein_max,global,X-UNDEF-COV,0,26,15,a_distance_strata,all_pairs_original_gate,,,26,15,0.3809,0.1371,2.8243,0.1488,2.4405,0.8842,0.393,2.7424,0.0209,0.0548,,,,,results/P5/caxis_deltas.csv;results/P5_1B/pair_distances.csv
P5_CAXIS_DN,denovo,chai_per_chain_ptm_protein_max,global,X-UNDEF-COV,0,26,15,a_distance_strata,all_pairs,,,26,15,0.3809,0.1371,2.8243,0.1488,2.4405,0.8842,0.393,2.7424,0.0209,0.0548,,,,,results/P5/caxis_deltas.csv;results/P5_1B/pair_distances.csv
P5_CAXIS_DN,denovo,chai_per_chain_ptm_protein_mean,global,X-UNDEF-COV,0,26,15,a_distance_strata,all_pairs_original_gate,,,26,15,0.3811,0.1356,2.8242,0.1477,2.429,0.8852,0.4198,2.8385,0.0209,0.055,,,,,results/P5/caxis_deltas.csv;results/P5_1B/pair_distances.csv
P5_CAXIS_DN,denovo,chai_per_chain_ptm_protein_mean,global,X-UNDEF-COV,0,26,15,a_distance_strata,all_pairs,,,26,15,0.3811,0.1356,2.8242,0.1477,2.429,0.8852,0.4198,2.8385,0.0209,0.055,,,,,results/P5/caxis_deltas.csv;results/P5_1B/pair_distances.csv
P5_CAXIS_DN,denovo,chai_per_chain_ptm_protein_std,global,X-UNDEF-COV,0,26,15,a_distance_strata,all_pairs_original_gate,,,26,15,1.4329,0.9591,3.6951,1.0007,2.9321,1.7951,0.7266,3.7228,0.0006,0.0004,,,,,results/P5/caxis_deltas.csv;results/P5_1B/pair_distances.csv
P5_CAXIS_DN,denovo,chai_per_chain_ptm_protein_std,global,X-UNDEF-COV,0,26,15,a_distance_strata,all_pairs,,,26,15,1.4329,0.9591,3.6951,1.0007,2.9321,1.7951,0.7266,3.7228,0.0006,0.0004,,,,,results/P5/caxis_deltas.csv;results/P5_1B/pair_distances.csv
P5_CAXIS_DN,denovo,chai_plddt_best_model,global,X-UNDEF-COV,0,26,15,a_distance_strata,all_pairs_original_gate,,,26,15,0.442,0.2088,1.6837,0.2256,1.4106,1.0857,0.3176,4.6197,1.4587,3.3005,,,,,results/P5/caxis_deltas.csv;results/P5_1B/pair_distances.csv
P5_CAXIS_DN,denovo,chai_plddt_best_model,global,X-UNDEF-COV,0,26,15,a_distance_strata,all_pairs,,,26,15,0.442,0.2088,1.6837,0.2256,1.4106,1.0857,0.3176,4.6197,1.4587,3.3005,,,,,results/P5/caxis_deltas.csv;results/P5_1B/pair_distances.csv
P5_CAXIS_DN,denovo,chai_plddt_mean,global,X-UNDEF-COV,1,26,15,a_distance_strata,all_pairs_original_gate,,,26,15,0.4426,0.2059,1.6778,0.2229,1.4063,1.0777,0.3253,5.1186,1.468,3.317,,,,,results/P5/caxis_deltas.csv;results/P5_1B/pair_distances.csv
P5_CAXIS_DN,denovo,chai_plddt_mean,global,X-UNDEF-COV,1,26,15,a_distance_strata,all_pairs,,,26,15,0.4426,0.2059,1.6778,0.2229,1.4063,1.0777,0.3253,5.1186,1.468,3.317,,,,,results/P5/caxis_deltas.csv;results/P5_1B/pair_distances.csv
P5_CAXIS_DN,denovo,chai_plddt_min,global,X-UNDEF-COV,0,26,15,a_distance_strata,all_pairs_original_gate,,,26,15,0.4606,0.2131,1.1507,0.2385,1.0359,0.8742,0.3824,1.8343,1.4721,3.1963,,,,,results/P5/caxis_deltas.csv;results/P5_1B/pair_distances.csv
P5_CAXIS_DN,denovo,chai_plddt_min,global,X-UNDEF-COV,0,26,15,a_distance_strata,all_pairs,,,26,15,0.4606,0.2131,1.1507,0.2385,1.0359,0.8742,0.3824,1.8343,1.4721,3.1963,,,,,results/P5/caxis_deltas.csv;results/P5_1B/pair_distances.csv
P5_CAXIS_DN,denovo,chai_plddt_std_across_models,global,X-UNDEF-COV,0,26,15,a_distance_strata,all_pairs_original_gate,,,26,15,1.3448,0.7554,2.8913,0.818,2.379,1.9205,0.7144,3.1381,0.0581,0.0432,,,,,results/P5/caxis_deltas.csv;results/P5_1B/pair_distances.csv
P5_CAXIS_DN,denovo,chai_plddt_std_across_models,global,X-UNDEF-COV,0,26,15,a_distance_strata,all_pairs,,,26,15,1.3448,0.7554,2.8913,0.818,2.379,1.9205,0.7144,3.1381,0.0581,0.0432,,,,,results/P5/caxis_deltas.csv;results/P5_1B/pair_distances.csv
P5_CAXIS_DN,denovo,chai_ptm_max,global,X-UNDEF-COV,0,26,15,a_distance_strata,all_pairs_original_gate,,,26,15,0.4267,0.1544,3.2836,0.1684,2.8521,0.9878,0.3352,3.333,0.0229,0.0536,,,,,results/P5/caxis_deltas.csv;results/P5_1B/pair_distances.csv
P5_CAXIS_DN,denovo,chai_ptm_max,global,X-UNDEF-COV,0,26,15,a_distance_strata,all_pairs,,,26,15,0.4267,0.1544,3.2836,0.1684,2.8521,0.9878,0.3352,3.333,0.0229,0.0536,,,,,results/P5/caxis_deltas.csv;results/P5_1B/pair_distances.csv
P5_CAXIS_DN,denovo,chai_ptm_mean,global,X-UNDEF-COV,1,26,15,a_distance_strata,all_pairs_original_gate,,,26,15,0.4265,0.1538,3.1435,0.1683,2.7836,0.9282,0.4317,3.3264,0.023,0.0539,,,,,results/P5/caxis_deltas.csv;results/P5_1B/pair_distances.csv
P5_CAXIS_DN,denovo,chai_ptm_mean,global,X-UNDEF-COV,1,26,15,a_distance_strata,all_pairs,,,26,15,0.4265,0.1538,3.1435,0.1683,2.7836,0.9282,0.4317,3.3264,0.023,0.0539,,,,,results/P5/caxis_deltas.csv;results/P5_1B/pair_distances.csv
P5_CAXIS_DN,denovo,chai_ptm_std,global,X-UNDEF-COV,0,26,15,a_distance_strata,all_pairs_original_gate,,,26,15,1.0793,0.6363,1.822,0.7184,1.6241,2.4185,0.6147,5.8223,0.0012,0.0011,,,,,results/P5/caxis_deltas.csv;results/P5_1B/pair_distances.csv
P5_CAXIS_DN,denovo,chai_ptm_std,global,X-UNDEF-COV,0,26,15,a_distance_strata,all_pairs,,,26,15,1.0793,0.6363,1.822,0.7184,1.6241,2.4185,0.6147,5.8223,0.0012,0.0011,,,,,results/P5/caxis_deltas.csv;results/P5_1B/pair_distances.csv
P5_CAXIS_NAT,natural,ame_crystal_clash_max,interface,OK-PROVISIONAL,1,286,59,a_distance_strata,all_pairs_original_gate,,,281,58,1.5425,1.2646,1.8819,1.3001,1.8272,1.2987,1.0369,1.6627,0.1511,0.0979,,,,,results/P5/caxis_deltas.csv;results/P5_1B/pair_distances.csv
P5_CAXIS_NAT,natural,ame_crystal_clash_max,interface,OK-PROVISIONAL,1,286,59,a_distance_strata,all_pairs,,,281,58,1.5425,1.2646,1.8819,1.3001,1.8272,1.2987,1.0369,1.6627,0.1511,0.0979,,,,,results/P5/caxis_deltas.csv;results/P5_1B/pair_distances.csv
P5_CAXIS_NAT,natural,ame_crystal_clash_max,interface,OK-PROVISIONAL,1,286,59,a_distance_strata,T1_near,2.7333,3.66,89,27,1.4895,1.1183,1.7732,1.1646,1.74,1.7008,1.1102,2.6246,0.1599,0.1073,,2.338,13.477,11.321,results/P5/caxis_deltas.csv;results/P5_1B/pair_distances.csv
P5_CAXIS_NAT,natural,ame_crystal_clash_max,interface,OK-PROVISIONAL,1,286,59,a_distance_strata,T2_mid,2.7333,3.66,88,27,2.0333,1.2616,3.3386,1.3476,3.0767,1.2351,0.8295,2.23,0.1725,0.0848,,3.084,13.091,9.9435,results/P5/caxis_deltas.csv;results/P5_1B/pair_distances.csv
P5_CAXIS_NAT,natural,ame_crystal_clash_max,interface,OK-PROVISIONAL,1,286,59,a_distance_strata,T3_far,2.7333,3.66,84,27,1.2364,0.9598,1.5408,0.9902,1.4897,0.9564,0.7046,1.4302,0.0893,0.0722,,5.225,13.7075,7.9985,results/P5/caxis_deltas.csv;results/P5_1B/pair_distances.csv
P5_CAXIS_NAT,natural,ame_crystal_pass,knockon,OK-KNOCKON,1,286,59,a_distance_strata,all_pairs_original_gate,,,286,59,1.4286,0.6667,2.5,0.8571,2.5,,,,0.035,0.0245,,,,,results/P5/caxis_deltas.csv;results/P5_1B/pair_distances.csv
P5_CAXIS_NAT,natural,ame_crystal_pass,knockon,OK-KNOCKON,1,286,59,a_distance_strata,all_pairs,,,281,58,1.4286,0.6667,2.5,0.875,2.5,,,,0.0356,0.0249,,,,,results/P5/caxis_deltas.csv;results/P5_1B/pair_distances.csv
P5_CAXIS_NAT,natural,ame_crystal_pass,knockon,OK-KNOCKON,1,286,59,a_distance_strata,T1_near,2.7333,3.66,89,27,,,,,,,,,0.0112,0.0,,2.338,13.477,11.321,results/P5/caxis_deltas.csv;results/P5_1B/pair_distances.csv
P5_CAXIS_NAT,natural,ame_crystal_pass,knockon,OK-KNOCKON,1,286,59,a_distance_strata,T2_mid,2.7333,3.66,88,27,1.75,1.5,2.0,1.5,2.0,,,,0.0795,0.0455,,3.084,13.091,9.9435,results/P5/caxis_deltas.csv;results/P5_1B/pair_distances.csv
P5_CAXIS_NAT,natural,ame_crystal_pass,knockon,OK-KNOCKON,1,286,59,a_distance_strata,T3_far,2.7333,3.66,84,27,0.6667,0.6667,0.6667,0.6667,0.6667,,,,0.0238,0.0357,,5.225,13.7075,7.9985,results/P5/caxis_deltas.csv;results/P5_1B/pair_distances.csv
P5_CAXIS_NAT,natural,ame_crystal_rmsd_max,knockon,OK-KNOCKON,0,286,59,a_distance_strata,all_pairs_original_gate,,,286,59,2.1094,1.6326,2.4828,1.7212,2.4009,1.985,1.4967,2.6188,0.2873,0.1362,,,,,results/P5/caxis_deltas.csv;results/P5_1B/pair_distances.csv
P5_CAXIS_NAT,natural,ame_crystal_rmsd_max,knockon,OK-KNOCKON,0,286,59,a_distance_strata,all_pairs,,,286,59,2.1094,1.6326,2.4828,1.7212,2.4009,1.985,1.4967,2.6188,0.2873,0.1362,,,,,results/P5/caxis_deltas.csv;results/P5_1B/pair_distances.csv
P5_CAXIS_NAT,natural,ame_crystal_rmsd_max,knockon,OK-KNOCKON,0,286,59,a_distance_strata,T1_near,2.7333,3.66,89,27,2.1174,1.5698,2.3246,1.6479,2.2822,2.1332,1.2321,3.3087,0.6046,0.2856,,2.338,13.477,11.321,results/P5/caxis_deltas.csv;results/P5_1B/pair_distances.csv
P5_CAXIS_NAT,natural,ame_crystal_rmsd_max,knockon,OK-KNOCKON,0,286,59,a_distance_strata,T2_mid,2.7333,3.66,88,27,2.0087,1.1782,3.4071,1.2753,3.1185,2.1571,1.4675,3.3509,0.1306,0.065,,3.084,13.091,9.9435,results/P5/caxis_deltas.csv;results/P5_1B/pair_distances.csv
P5_CAXIS_NAT,natural,ame_crystal_rmsd_max,knockon,OK-KNOCKON,0,286,59,a_distance_strata,T3_far,2.7333,3.66,89,28,2.8229,1.3155,5.1304,1.5287,4.6662,2.0877,1.2686,4.1708,0.1519,0.0538,,6.015,13.272,7.558,results/P5/caxis_deltas.csv;results/P5_1B/pair_distances.csv
P5_CAXIS_NAT,natural,ame_crystal_rmsd_mean,knockon,OK-KNOCKON,0,286,59,a_distance_strata,all_pairs_original_gate,,,286,59,2.0522,1.5056,2.5559,1.5856,2.4817,2.5015,1.7092,3.0261,0.1852,0.0903,,,,,results/P5/caxis_deltas.csv;results/P5_1B/pair_distances.csv
P5_CAXIS_NAT,natural,ame_crystal_rmsd_mean,knockon,OK-KNOCKON,0,286,59,a_distance_strata,all_pairs,,,286,59,2.0522,1.5056,2.5559,1.5856,2.4817,2.5015,1.7092,3.0261,0.1852,0.0903,,,,,results/P5/caxis_deltas.csv;results/P5_1B/pair_distances.csv
P5_CAXIS_NAT,natural,ame_crystal_rmsd_mean,knockon,OK-KNOCKON,0,286,59,a_distance_strata,T1_near,2.7333,3.66,89,27,2.5232,1.8097,3.2228,1.8993,3.082,2.7353,1.6998,5.8632,0.3792,0.1503,,2.338,13.477,11.321,results/P5/caxis_deltas.csv;results/P5_1B/pair_distances.csv
P5_CAXIS_NAT,natural,ame_crystal_rmsd_mean,knockon,OK-KNOCKON,0,286,59,a_distance_strata,T2_mid,2.7333,3.66,88,27,1.1326,0.8038,1.6942,0.843,1.5958,2.0399,1.2258,3.1681,0.0734,0.0648,,3.084,13.091,9.9435,results/P5/caxis_deltas.csv;results/P5_1B/pair_distances.csv
P5_CAXIS_NAT,natural,ame_crystal_rmsd_mean,knockon,OK-KNOCKON,0,286,59,a_distance_strata,T3_far,2.7333,3.66,89,28,2.232,1.3994,4.9056,1.4783,4.2957,1.8226,1.1687,3.2155,0.1277,0.0572,,6.015,13.272,7.558,results/P5/caxis_deltas.csv;results/P5_1B/pair_distances.csv
P5_CAXIS_NAT,natural,ame_crystal_rmsd_min,knockon,OK-KNOCKON,1,286,59,a_distance_strata,all_pairs_original_gate,,,286,59,1.7732,1.3717,2.5936,1.431,2.4026,1.7216,1.2171,2.3245,0.2096,0.1182,,,,,results/P5/caxis_deltas.csv;results/P5_1B/pair_distances.csv
P5_CAXIS_NAT,natural,ame_crystal_rmsd_min,knockon,OK-KNOCKON,1,286,59,a_distance_strata,all_pairs,,,286,59,1.7732,1.3717,2.5936,1.431,2.4026,1.7216,1.2171,2.3245,0.2096,0.1182,,,,,results/P5/caxis_deltas.csv;results/P5_1B/pair_distances.csv
P5_CAXIS_NAT,natural,ame_crystal_rmsd_min,knockon,OK-KNOCKON,1,286,59,a_distance_strata,T1_near,2.7333,3.66,89,27,2.0172,1.5484,4.5858,1.5809,4.2066,2.1024,1.0332,4.0655,0.4336,0.215,,2.338,13.477,11.321,results/P5/caxis_deltas.csv;results/P5_1B/pair_distances.csv
P5_CAXIS_NAT,natural,ame_crystal_rmsd_min,knockon,OK-KNOCKON,1,286,59,a_distance_strata,T2_mid,2.7333,3.66,88,27,1.236,0.9226,1.6926,0.98,1.5835,1.4658,0.6829,2.4386,0.1071,0.0866,,3.084,13.091,9.9435,results/P5/caxis_deltas.csv;results/P5_1B/pair_distances.csv
P5_CAXIS_NAT,natural,ame_crystal_rmsd_min,knockon,OK-KNOCKON,1,286,59,a_distance_strata,T3_far,2.7333,3.66,89,28,1.8278,1.0661,4.832,1.13,4.1884,2.3851,1.3021,3.4011,0.1198,0.0655,,6.015,13.272,7.558,results/P5/caxis_deltas.csv;results/P5_1B/pair_distances.csv
P5_CAXIS_NAT,natural,ame_crystal_rmsd_naive_min,knockon,OK-KNOCKON,0,286,59,a_distance_strata,all_pairs_original_gate,,,286,59,1.7616,1.3623,2.5488,1.4185,2.3635,1.6016,1.1869,2.2686,0.2114,0.12,,,,,results/P5/caxis_deltas.csv;results/P5_1B/pair_distances.csv
P5_CAXIS_NAT,natural,ame_crystal_rmsd_naive_min,knockon,OK-KNOCKON,0,286,59,a_distance_strata,all_pairs,,,286,59,1.7616,1.3623,2.5488,1.4185,2.3635,1.6016,1.1869,2.2686,0.2114,0.12,,,,,results/P5/caxis_deltas.csv;results/P5_1B/pair_distances.csv
P5_CAXIS_NAT,natural,ame_crystal_rmsd_naive_min,knockon,OK-KNOCKON,0,286,59,a_distance_strata,T1_near,2.7333,3.66,89,27,2.0029,1.5363,4.4755,1.5727,4.098,1.7654,1.0221,4.1066,0.4354,0.2174,,2.338,13.477,11.321,results/P5/caxis_deltas.csv;results/P5_1B/pair_distances.csv
P5_CAXIS_NAT,natural,ame_crystal_rmsd_naive_min,knockon,OK-KNOCKON,0,286,59,a_distance_strata,T2_mid,2.7333,3.66,88,27,1.2711,0.9377,1.8003,0.9952,1.6742,1.6424,0.7065,2.578,0.1076,0.0846,,3.084,13.091,9.9435,results/P5/caxis_deltas.csv;results/P5_1B/pair_distances.csv
P5_CAXIS_NAT,natural,ame_crystal_rmsd_naive_min,knockon,OK-KNOCKON,0,286,59,a_distance_strata,T3_far,2.7333,3.66,89,28,1.7678,1.0407,4.3673,1.0956,3.8028,2.2542,1.1589,3.5842,0.1236,0.0699,,6.015,13.272,7.558,results/P5/caxis_deltas.csv;results/P5_1B/pair_distances.csv
P5_CAXIS_NAT,natural,ame_crystal_rmsd_std,knockon,OK-KNOCKON,0,286,59,a_distance_strata,all_pairs_original_gate,,,286,59,1.7126,1.3581,1.9805,1.4111,1.9357,1.9129,1.3215,2.2805,0.1511,0.0883,,,,,results/P5/caxis_deltas.csv;results/P5_1B/pair_distances.csv
P5_CAXIS_NAT,natural,ame_crystal_rmsd_std,knockon,OK-KNOCKON,0,286,59,a_distance_strata,all_pairs,,,286,59,1.7126,1.3581,1.9805,1.4111,1.9357,1.9129,1.3215,2.2805,0.1511,0.0883,,,,,results/P5/caxis_deltas.csv;results/P5_1B/pair_distances.csv
P5_CAXIS_NAT,natural,ame_crystal_rmsd_std,knockon,OK-KNOCKON,0,286,59,a_distance_strata,T1_near,2.7333,3.66,89,27,1.8264,1.5099,2.092,1.5453,2.0644,2.9627,1.411,4.6661,0.3623,0.1984,,2.338,13.477,11.321,results/P5/caxis_deltas.csv;results/P5_1B/pair_distances.csv
P5_CAXIS_NAT,natural,ame_crystal_rmsd_std,knockon,OK-KNOCKON,0,286,59,a_distance_strata,T2_mid,2.7333,3.66,88,27,1.5388,0.9567,2.7552,1.0164,2.4756,1.7157,1.001,2.4423,0.0635,0.0413,,3.084,13.091,9.9435,results/P5/caxis_deltas.csv;results/P5_1B/pair_distances.csv
P5_CAXIS_NAT,natural,ame_crystal_rmsd_std,knockon,OK-KNOCKON,0,286,59,a_distance_strata,T3_far,2.7333,3.66,89,28,1.4172,0.9186,2.7097,0.9631,2.4667,1.5405,0.8265,2.3132,0.0423,0.0298,,6.015,13.272,7.558,results/P5/caxis_deltas.csv;results/P5_1B/pair_distances.csv
P5_CAXIS_NAT,natural,chai_aggregate_score_max,interface,OK-PROVISIONAL,0,286,59,a_distance_strata,all_pairs_original_gate,,,286,59,1.7545,1.2186,2.5381,1.2972,2.3956,2.4194,1.5845,3.4068,0.0149,0.0085,,,,,results/P5/caxis_deltas.csv;results/P5_1B/pair_distances.csv
P5_CAXIS_NAT,natural,chai_aggregate_score_max,interface,OK-PROVISIONAL,0,286,59,a_distance_strata,all_pairs,,,281,58,1.7556,1.2019,2.5454,1.288,2.3974,2.4275,1.6171,3.3686,0.0151,0.0086,,,,,results/P5/caxis_deltas.csv;results/P5_1B/pair_distances.csv
P5_CAXIS_NAT,natural,chai_aggregate_score_max,interface,OK-PROVISIONAL,0,286,59,a_distance_strata,T1_near,2.7333,3.66,89,27,2.4299,1.1336,4.6834,1.2902,4.4186,2.9776,1.4096,4.3545,0.0189,0.0078,,2.338,13.477,11.321,results/P5/caxis_deltas.csv;results/P5_1B/pair_distances.csv
P5_CAXIS_NAT,natural,chai_aggregate_score_max,interface,OK-PROVISIONAL,0,286,59,a_distance_strata,T2_mid,2.7333,3.66,88,27,1.6128,1.0054,2.4625,1.097,2.3069,2.8286,1.7556,4.9801,0.0144,0.0089,,3.084,13.091,9.9435,results/P5/caxis_deltas.csv;results/P5_1B/pair_distances.csv
P5_CAXIS_NAT,natural,chai_aggregate_score_max,interface,OK-PROVISIONAL,0,286,59,a_distance_strata,T3_far,2.7333,3.66,84,27,1.315,0.822,2.3164,0.8874,2.0897,1.2636,0.7181,2.8616,0.0118,0.009,,5.225,13.7075,7.9985,results/P5/caxis_deltas.csv;results/P5_1B/pair_distances.csv
P5_CAXIS_NAT,natural,chai_aggregate_score_mean,interface,OK-PROVISIONAL,1,286,59,a_distance_strata,all_pairs_original_gate,,,286,59,2.0205,1.4584,2.774,1.5395,2.6385,2.4634,1.5612,3.7546,0.0153,0.0076,,,,,results/P5/caxis_deltas.csv;results/P5_1B/pair_distances.csv
P5_CAXIS_NAT,natural,chai_aggregate_score_mean,interface,OK-PROVISIONAL,1,286,59,a_distance_strata,all_pairs,,,281,58,2.0218,1.4439,2.7993,1.5252,2.6414,2.417,1.593,3.7724,0.0156,0.0077,,,,,results/P5/caxis_deltas.csv;results/P5_1B/pair_distances.csv
P5_CAXIS_NAT,natural,chai_aggregate_score_mean,interface,OK-PROVISIONAL,1,286,59,a_distance_strata,T1_near,2.7333,3.66,89,27,2.4821,1.2139,4.6839,1.3623,4.3384,3.5485,1.5631,5.6278,0.021,0.0085,,2.338,13.477,11.321,results/P5/caxis_deltas.csv;results/P5_1B/pair_distances.csv
P5_CAXIS_NAT,natural,chai_aggregate_score_mean,interface,OK-PROVISIONAL,1,286,59,a_distance_strata,T2_mid,2.7333,3.66,88,27,1.9269,1.3439,2.7151,1.4256,2.5774,2.7755,1.3191,4.4429,0.0151,0.0078,,3.084,13.091,9.9435,results/P5/caxis_deltas.csv;results/P5_1B/pair_distances.csv
P5_CAXIS_NAT,natural,chai_aggregate_score_mean,interface,OK-PROVISIONAL,1,286,59,a_distance_strata,T3_far,2.7333,3.66,84,27,1.7189,1.1834,2.3887,1.264,2.2712,1.3655,0.943,3.2231,0.01,0.0058,,5.225,13.7075,7.9985,results/P5/caxis_deltas.csv;results/P5_1B/pair_distances.csv
P5_CAXIS_NAT,natural,chai_aggregate_score_std,interface,OK-PROVISIONAL,0,286,59,a_distance_strata,all_pairs_original_gate,,,286,59,1.0133,0.7315,1.4843,0.7708,1.3926,1.6794,1.1243,2.3419,0.0032,0.0031,,,,,results/P5/caxis_deltas.csv;results/P5_1B/pair_distances.csv
P5_CAXIS_NAT,natural,chai_aggregate_score_std,interface,OK-PROVISIONAL,0,286,59,a_distance_strata,all_pairs,,,281,58,1.0135,0.7238,1.5249,0.7629,1.4049,1.4777,1.117,2.3268,0.0032,0.0032,,,,,results/P5/caxis_deltas.csv;results/P5_1B/pair_distances.csv
P5_CAXIS_NAT,natural,chai_aggregate_score_std,interface,OK-PROVISIONAL,0,286,59,a_distance_strata,T1_near,2.7333,3.66,89,27,1.3875,0.8843,3.2223,0.9266,2.9503,1.7233,1.0355,3.1475,0.0036,0.0026,,2.338,13.477,11.321,results/P5/caxis_deltas.csv;results/P5_1B/pair_distances.csv
P5_CAXIS_NAT,natural,chai_aggregate_score_std,interface,OK-PROVISIONAL,0,286,59,a_distance_strata,T2_mid,2.7333,3.66,88,27,0.9545,0.5173,1.8534,0.5808,1.6409,1.468,0.7988,2.8024,0.003,0.0032,,3.084,13.091,9.9435,results/P5/caxis_deltas.csv;results/P5_1B/pair_distances.csv
P5_CAXIS_NAT,natural,chai_aggregate_score_std,interface,OK-PROVISIONAL,0,286,59,a_distance_strata,T3_far,2.7333,3.66,84,27,0.7678,0.3761,1.2193,0.4211,1.1272,1.3766,0.7127,2.2027,0.0025,0.0033,,5.225,13.7075,7.9985,results/P5/caxis_deltas.csv;results/P5_1B/pair_distances.csv
P5_CAXIS_NAT,natural,chai_has_inter_chain_clashes_max,global,GLOBAL,0,286,59,a_distance_strata,all_pairs_original_gate,,,286,59,,,,,,,,,0.0,0.0,,,,,results/P5/caxis_deltas.csv;results/P5_1B/pair_distances.csv
P5_CAXIS_NAT,natural,chai_has_inter_chain_clashes_max,global,GLOBAL,0,286,59,a_distance_strata,all_pairs,,,286,59,,,,,,,,,0.0,0.0,,,,,results/P5/caxis_deltas.csv;results/P5_1B/pair_distances.csv
P5_CAXIS_NAT,natural,chai_has_inter_chain_clashes_max,global,GLOBAL,0,286,59,a_distance_strata,T1_near,2.7333,3.66,89,27,,,,,,,,,0.0,0.0,,2.338,13.477,11.321,results/P5/caxis_deltas.csv;results/P5_1B/pair_distances.csv
P5_CAXIS_NAT,natural,chai_has_inter_chain_clashes_max,global,GLOBAL,0,286,59,a_distance_strata,T2_mid,2.7333,3.66,88,27,,,,,,,,,0.0,0.0,,3.084,13.091,9.9435,results/P5/caxis_deltas.csv;results/P5_1B/pair_distances.csv
P5_CAXIS_NAT,natural,chai_has_inter_chain_clashes_max,global,GLOBAL,0,286,59,a_distance_strata,T3_far,2.7333,3.66,89,28,,,,,,,,,0.0,0.0,,6.015,13.272,7.558,results/P5/caxis_deltas.csv;results/P5_1B/pair_distances.csv
P5_CAXIS_NAT,natural,chai_has_inter_chain_clashes_mean,global,GLOBAL,0,286,59,a_distance_strata,all_pairs_original_gate,,,286,59,,,,,,,,,0.0,0.0,,,,,results/P5/caxis_deltas.csv;results/P5_1B/pair_distances.csv
P5_CAXIS_NAT,natural,chai_has_inter_chain_clashes_mean,global,GLOBAL,0,286,59,a_distance_strata,all_pairs,,,286,59,,,,,,,,,0.0,0.0,,,,,results/P5/caxis_deltas.csv;results/P5_1B/pair_distances.csv
P5_CAXIS_NAT,natural,chai_has_inter_chain_clashes_mean,global,GLOBAL,0,286,59,a_distance_strata,T1_near,2.7333,3.66,89,27,,,,,,,,,0.0,0.0,,2.338,13.477,11.321,results/P5/caxis_deltas.csv;results/P5_1B/pair_distances.csv
P5_CAXIS_NAT,natural,chai_has_inter_chain_clashes_mean,global,GLOBAL,0,286,59,a_distance_strata,T2_mid,2.7333,3.66,88,27,,,,,,,,,0.0,0.0,,3.084,13.091,9.9435,results/P5/caxis_deltas.csv;results/P5_1B/pair_distances.csv
P5_CAXIS_NAT,natural,chai_has_inter_chain_clashes_mean,global,GLOBAL,0,286,59,a_distance_strata,T3_far,2.7333,3.66,89,28,,,,,,,,,0.0,0.0,,6.015,13.272,7.558,results/P5/caxis_deltas.csv;results/P5_1B/pair_distances.csv
P5_CAXIS_NAT,natural,chai_has_inter_chain_clashes_std,global,GLOBAL,0,286,59,a_distance_strata,all_pairs_original_gate,,,286,59,,,,,,,,,0.0,0.0,,,,,results/P5/caxis_deltas.csv;results/P5_1B/pair_distances.csv
P5_CAXIS_NAT,natural,chai_has_inter_chain_clashes_std,global,GLOBAL,0,286,59,a_distance_strata,all_pairs,,,286,59,,,,,,,,,0.0,0.0,,,,,results/P5/caxis_deltas.csv;results/P5_1B/pair_distances.csv
P5_CAXIS_NAT,natural,chai_has_inter_chain_clashes_std,global,GLOBAL,0,286,59,a_distance_strata,T1_near,2.7333,3.66,89,27,,,,,,,,,0.0,0.0,,2.338,13.477,11.321,results/P5/caxis_deltas.csv;results/P5_1B/pair_distances.csv
P5_CAXIS_NAT,natural,chai_has_inter_chain_clashes_std,global,GLOBAL,0,286,59,a_distance_strata,T2_mid,2.7333,3.66,88,27,,,,,,,,,0.0,0.0,,3.084,13.091,9.9435,results/P5/caxis_deltas.csv;results/P5_1B/pair_distances.csv
P5_CAXIS_NAT,natural,chai_has_inter_chain_clashes_std,global,GLOBAL,0,286,59,a_distance_strata,T3_far,2.7333,3.66,89,28,,,,,,,,,0.0,0.0,,6.015,13.272,7.558,results/P5/caxis_deltas.csv;results/P5_1B/pair_distances.csv
P5_CAXIS_NAT,natural,chai_iptm_max,interface,OK-PROVISIONAL,0,286,59,a_distance_strata,all_pairs_original_gate,,,286,59,1.7697,1.2293,2.5655,1.3077,2.4163,2.4119,1.6131,3.4656,0.0183,0.0104,,,,,results/P5/caxis_deltas.csv;results/P5_1B/pair_distances.csv
P5_CAXIS_NAT,natural,chai_iptm_max,interface,OK-PROVISIONAL,0,286,59,a_distance_strata,all_pairs,,,281,58,1.7697,1.211,2.5722,1.2975,2.4165,2.55,1.6529,3.4888,0.0186,0.0105,,,,,results/P5/caxis_deltas.csv;results/P5_1B/pair_distances.csv
P5_CAXIS_NAT,natural,chai_iptm_max,interface,OK-PROVISIONAL,0,286,59,a_distance_strata,T1_near,2.7333,3.66,89,27,2.4322,1.1341,4.7449,1.289,4.4465,2.6577,1.4316,4.5462,0.0233,0.0096,,2.338,13.477,11.321,results/P5/caxis_deltas.csv;results/P5_1B/pair_distances.csv
P5_CAXIS_NAT,natural,chai_iptm_max,interface,OK-PROVISIONAL,0,286,59,a_distance_strata,T2_mid,2.7333,3.66,88,27,1.6298,1.019,2.4848,1.1092,2.326,2.5896,1.8601,5.0128,0.0178,0.0109,,3.084,13.091,9.9435,results/P5/caxis_deltas.csv;results/P5_1B/pair_distances.csv
P5_CAXIS_NAT,natural,chai_iptm_max,interface,OK-PROVISIONAL,0,286,59,a_distance_strata,T3_far,2.7333,3.66,84,27,1.331,0.8339,2.3421,0.8976,2.1218,1.2868,0.6571,3.5198,0.0145,0.0109,,5.225,13.7075,7.9985,results/P5/caxis_deltas.csv;results/P5_1B/pair_distances.csv
P5_CAXIS_NAT,natural,chai_iptm_mean,interface,OK-PROVISIONAL,1,286,59,a_distance_strata,all_pairs_original_gate,,,286,59,2.0359,1.4653,2.8031,1.545,2.6679,2.6259,1.5455,3.9191,0.0189,0.0093,,,,,results/P5/caxis_deltas.csv;results/P5_1B/pair_distances.csv
P5_CAXIS_NAT,natural,chai_iptm_mean,interface,OK-PROVISIONAL,1,286,59,a_distance_strata,all_pairs,,,281,58,2.0359,1.4532,2.833,1.5351,2.6679,2.5255,1.5689,3.9328,0.0192,0.0094,,,,,results/P5/caxis_deltas.csv;results/P5_1B/pair_distances.csv
P5_CAXIS_NAT,natural,chai_iptm_mean,interface,OK-PROVISIONAL,1,286,59,a_distance_strata,T1_near,2.7333,3.66,89,27,2.4894,1.2129,4.7288,1.3643,4.3819,3.302,1.5624,5.9599,0.0259,0.0104,,2.338,13.477,11.321,results/P5/caxis_deltas.csv;results/P5_1B/pair_distances.csv
P5_CAXIS_NAT,natural,chai_iptm_mean,interface,OK-PROVISIONAL,1,286,59,a_distance_strata,T2_mid,2.7333,3.66,88,27,1.9399,1.3427,2.7582,1.4294,2.6057,2.8135,1.376,4.5767,0.0187,0.0096,,3.084,13.091,9.9435,results/P5/caxis_deltas.csv;results/P5_1B/pair_distances.csv
P5_CAXIS_NAT,natural,chai_iptm_mean,interface,OK-PROVISIONAL,1,286,59,a_distance_strata,T3_far,2.7333,3.66,84,27,1.7455,1.2038,2.4291,1.2854,2.3029,1.3186,0.8852,3.2564,0.0122,0.007,,5.225,13.7075,7.9985,results/P5/caxis_deltas.csv;results/P5_1B/pair_distances.csv
P5_CAXIS_NAT,natural,chai_iptm_std,interface,OK-PROVISIONAL,0,286,59,a_distance_strata,all_pairs_original_gate,,,286,59,1.0153,0.7347,1.486,0.7733,1.3943,1.7284,1.0933,2.1839,0.0039,0.0039,,,,,results/P5/caxis_deltas.csv;results/P5_1B/pair_distances.csv
P5_CAXIS_NAT,natural,chai_iptm_std,interface,OK-PROVISIONAL,0,286,59,a_distance_strata,all_pairs,,,281,58,1.0153,0.7274,1.5232,0.7665,1.4048,1.7379,1.1032,2.1867,0.004,0.0039,,,,,results/P5/caxis_deltas.csv;results/P5_1B/pair_distances.csv
P5_CAXIS_NAT,natural,chai_iptm_std,interface,OK-PROVISIONAL,0,286,59,a_distance_strata,T1_near,2.7333,3.66,89,27,1.3852,0.8818,3.201,0.9219,2.93,1.5435,0.9394,3.1849,0.0045,0.0033,,2.338,13.477,11.321,results/P5/caxis_deltas.csv;results/P5_1B/pair_distances.csv
P5_CAXIS_NAT,natural,chai_iptm_std,interface,OK-PROVISIONAL,0,286,59,a_distance_strata,T2_mid,2.7333,3.66,88,27,0.9612,0.5211,1.8663,0.5875,1.6524,1.5906,0.8072,2.7639,0.0037,0.0039,,3.084,13.091,9.9435,results/P5/caxis_deltas.csv;results/P5_1B/pair_distances.csv
P5_CAXIS_NAT,natural,chai_iptm_std,interface,OK-PROVISIONAL,0,286,59,a_distance_strata,T3_far,2.7333,3.66,84,27,0.7701,0.375,1.2144,0.4214,1.1222,1.2126,0.7312,2.2204,0.0031,0.0041,,5.225,13.7075,7.9985,results/P5/caxis_deltas.csv;results/P5_1B/pair_distances.csv
P5_CAXIS_NAT,natural,chai_per_chain_ptm_min_max,interface,OK-PROVISIONAL,0,286,59,a_distance_strata,all_pairs_original_gate,,,286,59,1.8709,1.251,2.9294,1.3361,2.7282,2.29,1.7037,3.2121,0.0043,0.0023,,,,,results/P5/caxis_deltas.csv;results/P5_1B/pair_distances.csv
P5_CAXIS_NAT,natural,chai_per_chain_ptm_min_max,interface,OK-PROVISIONAL,0,286,59,a_distance_strata,all_pairs,,,281,58,1.8927,1.2554,2.9444,1.344,2.7803,2.3762,1.7686,3.321,0.0044,0.0023,,,,,results/P5/caxis_deltas.csv;results/P5_1B/pair_distances.csv
P5_CAXIS_NAT,natural,chai_per_chain_ptm_min_max,interface,OK-PROVISIONAL,0,286,59,a_distance_strata,T1_near,2.7333,3.66,89,27,2.1294,0.9434,4.6603,1.0692,4.4088,3.85,2.1409,5.949,0.0053,0.0025,,2.338,13.477,11.321,results/P5/caxis_deltas.csv;results/P5_1B/pair_distances.csv
P5_CAXIS_NAT,natural,chai_per_chain_ptm_min_max,interface,OK-PROVISIONAL,0,286,59,a_distance_strata,T2_mid,2.7333,3.66,88,27,1.987,1.0456,5.5729,1.1334,4.837,2.9694,1.8983,6.0457,0.005,0.0025,,3.084,13.091,9.9435,results/P5/caxis_deltas.csv;results/P5_1B/pair_distances.csv
P5_CAXIS_NAT,natural,chai_per_chain_ptm_min_max,interface,OK-PROVISIONAL,0,286,59,a_distance_strata,T3_far,2.7333,3.66,84,27,1.6238,1.0666,2.4005,1.1515,2.2557,1.4996,0.7998,2.4239,0.0033,0.002,,5.225,13.7075,7.9985,results/P5/caxis_deltas.csv;results/P5_1B/pair_distances.csv
P5_CAXIS_NAT,natural,chai_per_chain_ptm_min_mean,interface,OK-PROVISIONAL,1,286,59,a_distance_strata,all_pairs_original_gate,,,286,59,1.5305,1.2172,2.5488,1.2647,2.3477,2.6674,2.0839,3.7269,0.0072,0.0047,,,,,results/P5/caxis_deltas.csv;results/P5_1B/pair_distances.csv
P5_CAXIS_NAT,natural,chai_per_chain_ptm_min_mean,interface,OK-PROVISIONAL,1,286,59,a_distance_strata,all_pairs,,,281,58,1.5383,1.2257,2.5703,1.268,2.387,2.8603,2.1655,3.8158,0.0073,0.0047,,,,,results/P5/caxis_deltas.csv;results/P5_1B/pair_distances.csv
P5_CAXIS_NAT,natural,chai_per_chain_ptm_min_mean,interface,OK-PROVISIONAL,1,286,59,a_distance_strata,T1_near,2.7333,3.66,89,27,2.1066,0.9728,4.5945,1.1043,4.2929,4.4096,2.9352,6.1256,0.0056,0.0026,,2.338,13.477,11.321,results/P5/caxis_deltas.csv;results/P5_1B/pair_distances.csv
P5_CAXIS_NAT,natural,chai_per_chain_ptm_min_mean,interface,OK-PROVISIONAL,1,286,59,a_distance_strata,T2_mid,2.7333,3.66,88,27,1.7678,0.9715,4.7867,1.0585,3.9588,4.1239,2.0694,7.3411,0.0057,0.0032,,3.084,13.091,9.9435,results/P5/caxis_deltas.csv;results/P5_1B/pair_distances.csv
P5_CAXIS_NAT,natural,chai_per_chain_ptm_min_mean,interface,OK-PROVISIONAL,1,286,59,a_distance_strata,T3_far,2.7333,3.66,84,27,1.2961,1.1701,2.3319,1.1869,2.1627,1.5266,0.8382,2.3144,0.0119,0.0092,,5.225,13.7075,7.9985,results/P5/caxis_deltas.csv;results/P5_1B/pair_distances.csv
P5_CAXIS_NAT,natural,chai_per_chain_ptm_min_std,interface,OK-PROVISIONAL,0,286,59,a_distance_strata,all_pairs_original_gate,,,286,59,1.0536,0.8336,1.397,0.8768,1.2846,1.5723,1.0797,2.0625,0.0042,0.004,,,,,results/P5/caxis_deltas.csv;results/P5_1B/pair_distances.csv
P5_CAXIS_NAT,natural,chai_per_chain_ptm_min_std,interface,OK-PROVISIONAL,0,286,59,a_distance_strata,all_pairs,,,281,58,1.0545,0.8386,1.4052,0.8792,1.2885,1.6252,1.1227,2.161,0.0043,0.0041,,,,,results/P5/caxis_deltas.csv;results/P5_1B/pair_distances.csv
P5_CAXIS_NAT,natural,chai_per_chain_ptm_min_std,interface,OK-PROVISIONAL,0,286,59,a_distance_strata,T1_near,2.7333,3.66,89,27,0.998,0.7462,2.0759,0.7722,1.9139,1.6599,1.0323,3.0233,0.0008,0.0008,,2.338,13.477,11.321,results/P5/caxis_deltas.csv;results/P5_1B/pair_distances.csv
P5_CAXIS_NAT,natural,chai_per_chain_ptm_min_std,interface,OK-PROVISIONAL,0,286,59,a_distance_strata,T2_mid,2.7333,3.66,88,27,1.1379,0.8208,2.1168,0.8522,1.9926,1.3321,0.7356,2.8096,0.0011,0.001,,3.084,13.091,9.9435,results/P5/caxis_deltas.csv;results/P5_1B/pair_distances.csv
P5_CAXIS_NAT,natural,chai_per_chain_ptm_min_std,interface,OK-PROVISIONAL,0,286,59,a_distance_strata,T3_far,2.7333,3.66,84,27,1.0455,0.3943,1.5179,0.4627,1.3601,1.3416,0.9057,1.8882,0.0121,0.0116,,5.225,13.7075,7.9985,results/P5/caxis_deltas.csv;results/P5_1B/pair_distances.csv
P5_CAXIS_NAT,natural,chai_per_chain_ptm_protein_max,global,GLOBAL,0,286,59,a_distance_strata,all_pairs_original_gate,,,286,59,0.9613,0.7336,1.2663,0.7671,1.2123,1.3525,0.92,1.8174,0.0016,0.0017,,,,,results/P5/caxis_deltas.csv;results/P5_1B/pair_distances.csv
P5_CAXIS_NAT,natural,chai_per_chain_ptm_protein_max,global,GLOBAL,0,286,59,a_distance_strata,all_pairs,,,286,59,0.9613,0.7336,1.2663,0.7671,1.2123,1.3525,0.92,1.8174,0.0016,0.0017,,,,,results/P5/caxis_deltas.csv;results/P5_1B/pair_distances.csv
P5_CAXIS_NAT,natural,chai_per_chain_ptm_protein_max,global,GLOBAL,0,286,59,a_distance_strata,T1_near,2.7333,3.66,89,27,1.5911,0.8788,2.5631,0.9423,2.3844,1.194,0.8311,2.0394,0.0017,0.0011,,2.338,13.477,11.321,results/P5/caxis_deltas.csv;results/P5_1B/pair_distances.csv
P5_CAXIS_NAT,natural,chai_per_chain_ptm_protein_max,global,GLOBAL,0,286,59,a_distance_strata,T2_mid,2.7333,3.66,88,27,0.7674,0.5009,1.2267,0.5336,1.137,0.9887,0.645,1.8202,0.0012,0.0015,,3.084,13.091,9.9435,results/P5/caxis_deltas.csv;results/P5_1B/pair_distances.csv
P5_CAXIS_NAT,natural,chai_per_chain_ptm_protein_max,global,GLOBAL,0,286,59,a_distance_strata,T3_far,2.7333,3.66,89,28,0.7465,0.5531,1.086,0.5803,1.019,1.1558,0.6647,3.2532,0.0017,0.0023,,6.015,13.272,7.558,results/P5/caxis_deltas.csv;results/P5_1B/pair_distances.csv
P5_CAXIS_NAT,natural,chai_per_chain_ptm_protein_mean,global,GLOBAL,0,286,59,a_distance_strata,all_pairs_original_gate,,,286,59,0.9674,0.7379,1.2723,0.7741,1.2173,1.4229,0.9355,1.804,0.0016,0.0017,,,,,results/P5/caxis_deltas.csv;results/P5_1B/pair_distances.csv
P5_CAXIS_NAT,natural,chai_per_chain_ptm_protein_mean,global,GLOBAL,0,286,59,a_distance_strata,all_pairs,,,286,59,0.9674,0.7379,1.2723,0.7741,1.2173,1.4229,0.9355,1.804,0.0016,0.0017,,,,,results/P5/caxis_deltas.csv;results/P5_1B/pair_distances.csv
P5_CAXIS_NAT,natural,chai_per_chain_ptm_protein_mean,global,GLOBAL,0,286,59,a_distance_strata,T1_near,2.7333,3.66,89,27,1.615,0.8768,2.5231,0.9556,2.3667,1.3364,0.6163,2.2076,0.0017,0.0011,,2.338,13.477,11.321,results/P5/caxis_deltas.csv;results/P5_1B/pair_distances.csv
P5_CAXIS_NAT,natural,chai_per_chain_ptm_protein_mean,global,GLOBAL,0,286,59,a_distance_strata,T2_mid,2.7333,3.66,88,27,0.7383,0.4808,1.1819,0.513,1.0943,1.112,0.6031,1.5943,0.0011,0.0015,,3.084,13.091,9.9435,results/P5/caxis_deltas.csv;results/P5_1B/pair_distances.csv
P5_CAXIS_NAT,natural,chai_per_chain_ptm_protein_mean,global,GLOBAL,0,286,59,a_distance_strata,T3_far,2.7333,3.66,89,28,0.7628,0.5628,1.1138,0.5895,1.0415,1.1378,0.6292,2.8526,0.0018,0.0023,,6.015,13.272,7.558,results/P5/caxis_deltas.csv;results/P5_1B/pair_distances.csv
P5_CAXIS_NAT,natural,chai_per_chain_ptm_protein_std,global,GLOBAL,0,286,59,a_distance_strata,all_pairs_original_gate,,,286,59,1.2691,0.9525,1.6745,1.0012,1.5968,1.0534,0.7836,1.3371,0.0003,0.0002,,,,,results/P5/caxis_deltas.csv;results/P5_1B/pair_distances.csv
P5_CAXIS_NAT,natural,chai_per_chain_ptm_protein_std,global,GLOBAL,0,286,59,a_distance_strata,all_pairs,,,286,59,1.2691,0.9525,1.6745,1.0012,1.5968,1.0534,0.7836,1.3371,0.0003,0.0002,,,,,results/P5/caxis_deltas.csv;results/P5_1B/pair_distances.csv
P5_CAXIS_NAT,natural,chai_per_chain_ptm_protein_std,global,GLOBAL,0,286,59,a_distance_strata,T1_near,2.7333,3.66,89,27,1.6071,1.0436,2.5909,1.1063,2.3961,1.5778,0.8285,2.6966,0.0004,0.0002,,2.338,13.477,11.321,results/P5/caxis_deltas.csv;results/P5_1B/pair_distances.csv
P5_CAXIS_NAT,natural,chai_per_chain_ptm_protein_std,global,GLOBAL,0,286,59,a_distance_strata,T2_mid,2.7333,3.66,88,27,0.8909,0.6381,1.3492,0.6694,1.2674,1.155,0.6843,1.6883,0.0002,0.0002,,3.084,13.091,9.9435,results/P5/caxis_deltas.csv;results/P5_1B/pair_distances.csv
P5_CAXIS_NAT,natural,chai_per_chain_ptm_protein_std,global,GLOBAL,0,286,59,a_distance_strata,T3_far,2.7333,3.66,89,28,1.2388,0.6929,2.0032,0.7437,1.8749,0.7204,0.596,1.0438,0.0002,0.0002,,6.015,13.272,7.558,results/P5/caxis_deltas.csv;results/P5_1B/pair_distances.csv
P5_CAXIS_NAT,natural,chai_plddt_best_model,global,GLOBAL,0,286,59,a_distance_strata,all_pairs_original_gate,,,286,59,0.9638,0.7751,1.1991,0.8021,1.1564,1.2127,0.919,1.6761,0.2621,0.2719,,,,,results/P5/caxis_deltas.csv;results/P5_1B/pair_distances.csv
P5_CAXIS_NAT,natural,chai_plddt_best_model,global,GLOBAL,0,286,59,a_distance_strata,all_pairs,,,286,59,0.9638,0.7751,1.1991,0.8021,1.1564,1.2127,0.919,1.6761,0.2621,0.2719,,,,,results/P5/caxis_deltas.csv;results/P5_1B/pair_distances.csv
P5_CAXIS_NAT,natural,chai_plddt_best_model,global,GLOBAL,0,286,59,a_distance_strata,T1_near,2.7333,3.66,89,27,1.3891,0.9179,2.0516,0.9831,1.9324,1.2823,0.7301,2.9854,0.2916,0.2099,,2.338,13.477,11.321,results/P5/caxis_deltas.csv;results/P5_1B/pair_distances.csv
P5_CAXIS_NAT,natural,chai_plddt_best_model,global,GLOBAL,0,286,59,a_distance_strata,T2_mid,2.7333,3.66,88,27,0.8556,0.5933,1.2195,0.6327,1.1553,1.0726,0.6615,1.864,0.2053,0.2399,,3.084,13.091,9.9435,results/P5/caxis_deltas.csv;results/P5_1B/pair_distances.csv
P5_CAXIS_NAT,natural,chai_plddt_best_model,global,GLOBAL,0,286,59,a_distance_strata,T3_far,2.7333,3.66,89,28,0.8472,0.5768,1.2549,0.6109,1.1756,1.2384,0.6819,2.2986,0.2835,0.3346,,6.015,13.272,7.558,results/P5/caxis_deltas.csv;results/P5_1B/pair_distances.csv
P5_CAXIS_NAT,natural,chai_plddt_mean,global,GLOBAL,1,286,59,a_distance_strata,all_pairs_original_gate,,,286,59,0.9787,0.7921,1.2168,0.8167,1.1733,1.1468,0.8595,1.5708,0.2643,0.2701,,,,,results/P5/caxis_deltas.csv;results/P5_1B/pair_distances.csv
P5_CAXIS_NAT,natural,chai_plddt_mean,global,GLOBAL,1,286,59,a_distance_strata,all_pairs,,,286,59,0.9787,0.7921,1.2168,0.8167,1.1733,1.1468,0.8595,1.5708,0.2643,0.2701,,,,,results/P5/caxis_deltas.csv;results/P5_1B/pair_distances.csv
P5_CAXIS_NAT,natural,chai_plddt_mean,global,GLOBAL,1,286,59,a_distance_strata,T1_near,2.7333,3.66,89,27,1.4555,0.9684,2.1362,1.0327,2.0079,1.3414,0.6942,3.0312,0.3015,0.2071,,2.338,13.477,11.321,results/P5/caxis_deltas.csv;results/P5_1B/pair_distances.csv
P5_CAXIS_NAT,natural,chai_plddt_mean,global,GLOBAL,1,286,59,a_distance_strata,T2_mid,2.7333,3.66,88,27,0.8272,0.5786,1.1776,0.6153,1.1176,0.9476,0.6135,1.5761,0.1984,0.2398,,3.084,13.091,9.9435,results/P5/caxis_deltas.csv;results/P5_1B/pair_distances.csv
P5_CAXIS_NAT,natural,chai_plddt_mean,global,GLOBAL,1,286,59,a_distance_strata,T3_far,2.7333,3.66,89,28,0.8646,0.6005,1.2712,0.6305,1.1918,1.1134,0.7352,2.143,0.284,0.3285,,6.015,13.272,7.558,results/P5/caxis_deltas.csv;results/P5_1B/pair_distances.csv
P5_CAXIS_NAT,natural,chai_plddt_min,global,GLOBAL,0,286,59,a_distance_strata,all_pairs_original_gate,,,286,59,0.9274,0.726,1.1766,0.7562,1.1348,1.1621,0.9128,1.4634,0.9477,1.0219,,,,,results/P5/caxis_deltas.csv;results/P5_1B/pair_distances.csv
P5_CAXIS_NAT,natural,chai_plddt_min,global,GLOBAL,0,286,59,a_distance_strata,all_pairs,,,286,59,0.9274,0.726,1.1766,0.7562,1.1348,1.1621,0.9128,1.4634,0.9477,1.0219,,,,,results/P5/caxis_deltas.csv;results/P5_1B/pair_distances.csv
P5_CAXIS_NAT,natural,chai_plddt_min,global,GLOBAL,0,286,59,a_distance_strata,T1_near,2.7333,3.66,89,27,0.8994,0.6836,1.2367,0.7115,1.1728,1.1278,0.8014,1.6023,1.13,1.2564,,2.338,13.477,11.321,results/P5/caxis_deltas.csv;results/P5_1B/pair_distances.csv
P5_CAXIS_NAT,natural,chai_plddt_min,global,GLOBAL,0,286,59,a_distance_strata,T2_mid,2.7333,3.66,88,27,0.8238,0.4475,1.5964,0.4937,1.422,1.0807,0.6584,1.5741,0.9569,1.1615,,3.084,13.091,9.9435,results/P5/caxis_deltas.csv;results/P5_1B/pair_distances.csv
P5_CAXIS_NAT,natural,chai_plddt_min,global,GLOBAL,0,286,59,a_distance_strata,T3_far,2.7333,3.66,89,28,1.0291,0.7837,1.4103,0.8172,1.353,1.1684,0.7458,1.9748,0.8198,0.7967,,6.015,13.272,7.558,results/P5/caxis_deltas.csv;results/P5_1B/pair_distances.csv
P5_CAXIS_NAT,natural,chai_plddt_std_across_models,global,GLOBAL,0,286,59,a_distance_strata,all_pairs_original_gate,,,286,59,1.0479,0.8426,1.2828,0.8712,1.2463,1.1159,0.8117,1.3611,0.0325,0.031,,,,,results/P5/caxis_deltas.csv;results/P5_1B/pair_distances.csv
P5_CAXIS_NAT,natural,chai_plddt_std_across_models,global,GLOBAL,0,286,59,a_distance_strata,all_pairs,,,286,59,1.0479,0.8426,1.2828,0.8712,1.2463,1.1159,0.8117,1.3611,0.0325,0.031,,,,,results/P5/caxis_deltas.csv;results/P5_1B/pair_distances.csv
P5_CAXIS_NAT,natural,chai_plddt_std_across_models,global,GLOBAL,0,286,59,a_distance_strata,T1_near,2.7333,3.66,89,27,1.0521,0.7505,1.2749,0.8045,1.2443,1.396,0.8577,2.1427,0.0461,0.0438,,2.338,13.477,11.321,results/P5/caxis_deltas.csv;results/P5_1B/pair_distances.csv
P5_CAXIS_NAT,natural,chai_plddt_std_across_models,global,GLOBAL,0,286,59,a_distance_strata,T2_mid,2.7333,3.66,88,27,0.7383,0.5373,1.0063,0.5636,0.9618,0.8825,0.4875,1.4346,0.0226,0.0306,,3.084,13.091,9.9435,results/P5/caxis_deltas.csv;results/P5_1B/pair_distances.csv
P5_CAXIS_NAT,natural,chai_plddt_std_across_models,global,GLOBAL,0,286,59,a_distance_strata,T3_far,2.7333,3.66,89,28,1.5536,0.9255,2.6065,0.9971,2.4068,1.1199,0.6849,1.6245,0.0314,0.0202,,6.015,13.272,7.558,results/P5/caxis_deltas.csv;results/P5_1B/pair_distances.csv
P5_CAXIS_NAT,natural,chai_ptm_max,global,GLOBAL,0,286,59,a_distance_strata,all_pairs_original_gate,,,286,59,1.0377,0.7773,1.3903,0.8173,1.3222,1.5836,1.1262,2.02,0.0018,0.0017,,,,,results/P5/caxis_deltas.csv;results/P5_1B/pair_distances.csv
P5_CAXIS_NAT,natural,chai_ptm_max,global,GLOBAL,0,286,59,a_distance_strata,all_pairs,,,286,59,1.0377,0.7773,1.3903,0.8173,1.3222,1.5836,1.1262,2.02,0.0018,0.0017,,,,,results/P5/caxis_deltas.csv;results/P5_1B/pair_distances.csv
P5_CAXIS_NAT,natural,chai_ptm_max,global,GLOBAL,0,286,59,a_distance_strata,T1_near,2.7333,3.66,89,27,1.9255,1.1666,2.9462,1.2427,2.7725,1.9234,1.354,3.0672,0.002,0.0011,,2.338,13.477,11.321,results/P5/caxis_deltas.csv;results/P5_1B/pair_distances.csv
P5_CAXIS_NAT,natural,chai_ptm_max,global,GLOBAL,0,286,59,a_distance_strata,T2_mid,2.7333,3.66,88,27,0.7935,0.4941,1.2179,0.5367,1.1523,0.954,0.6179,1.7463,0.0013,0.0016,,3.084,13.091,9.9435,results/P5/caxis_deltas.csv;results/P5_1B/pair_distances.csv
P5_CAXIS_NAT,natural,chai_ptm_max,global,GLOBAL,0,286,59,a_distance_strata,T3_far,2.7333,3.66,89,28,0.7623,0.559,1.1248,0.5851,1.0513,1.1144,0.7015,2.6764,0.0017,0.0023,,6.015,13.272,7.558,results/P5/caxis_deltas.csv;results/P5_1B/pair_distances.csv
P5_CAXIS_NAT,natural,chai_ptm_mean,global,GLOBAL,1,286,59,a_distance_strata,all_pairs_original_gate,,,286,59,1.1048,0.8624,1.4243,0.8952,1.36,1.537,1.1761,2.0137,0.0018,0.0016,,,,,results/P5/caxis_deltas.csv;results/P5_1B/pair_distances.csv
P5_CAXIS_NAT,natural,chai_ptm_mean,global,GLOBAL,1,286,59,a_distance_strata,all_pairs,,,286,59,1.1048,0.8624,1.4243,0.8952,1.36,1.537,1.1761,2.0137,0.0018,0.0016,,,,,results/P5/caxis_deltas.csv;results/P5_1B/pair_distances.csv
P5_CAXIS_NAT,natural,chai_ptm_mean,global,GLOBAL,1,286,59,a_distance_strata,T1_near,2.7333,3.66,89,27,1.8042,1.0763,2.7166,1.1609,2.5708,1.7557,1.1397,2.7774,0.0021,0.0011,,2.338,13.477,11.321,results/P5/caxis_deltas.csv;results/P5_1B/pair_distances.csv
P5_CAXIS_NAT,natural,chai_ptm_mean,global,GLOBAL,1,286,59,a_distance_strata,T2_mid,2.7333,3.66,88,27,0.8395,0.5482,1.232,0.5948,1.1578,1.161,0.6904,1.7087,0.0013,0.0015,,3.084,13.091,9.9435,results/P5/caxis_deltas.csv;results/P5_1B/pair_distances.csv
P5_CAXIS_NAT,natural,chai_ptm_mean,global,GLOBAL,1,286,59,a_distance_strata,T3_far,2.7333,3.66,89,28,0.8698,0.6283,1.2948,0.6584,1.1979,1.423,0.7308,3.1585,0.0018,0.0021,,6.015,13.272,7.558,results/P5/caxis_deltas.csv;results/P5_1B/pair_distances.csv
P5_CAXIS_NAT,natural,chai_ptm_std,global,GLOBAL,0,286,59,a_distance_strata,all_pairs_original_gate,,,286,59,0.9355,0.637,1.378,0.6745,1.2983,1.0039,0.8299,1.3653,0.0003,0.0003,,,,,results/P5/caxis_deltas.csv;results/P5_1B/pair_distances.csv
P5_CAXIS_NAT,natural,chai_ptm_std,global,GLOBAL,0,286,59,a_distance_strata,all_pairs,,,286,59,0.9355,0.637,1.378,0.6745,1.2983,1.0039,0.8299,1.3653,0.0003,0.0003,,,,,results/P5/caxis_deltas.csv;results/P5_1B/pair_distances.csv
P5_CAXIS_NAT,natural,chai_ptm_std,global,GLOBAL,0,286,59,a_distance_strata,T1_near,2.7333,3.66,89,27,1.1906,0.7334,2.0244,0.7839,1.8397,1.2914,0.7569,2.5903,0.0003,0.0002,,2.338,13.477,11.321,results/P5/caxis_deltas.csv;results/P5_1B/pair_distances.csv
P5_CAXIS_NAT,natural,chai_ptm_std,global,GLOBAL,0,286,59,a_distance_strata,T2_mid,2.7333,3.66,88,27,0.6753,0.3573,1.1884,0.4008,1.101,1.1431,0.7263,2.1588,0.0002,0.0003,,3.084,13.091,9.9435,results/P5/caxis_deltas.csv;results/P5_1B/pair_distances.csv
P5_CAXIS_NAT,natural,chai_ptm_std,global,GLOBAL,0,286,59,a_distance_strata,T3_far,2.7333,3.66,89,28,0.9428,0.5158,1.8094,0.5643,1.6253,0.8379,0.6427,1.2888,0.0003,0.0003,,6.015,13.272,7.558,results/P5/caxis_deltas.csv;results/P5_1B/pair_distances.csv
