input_id,metric_name,stored,rerun,abs_diff,source_artifact
M0112_3dfr_a1__cognate__s101,ame_crystal_clash_max,2.722023482253466,2.7283907338623012,0.006367251608835112,results/P5_1B/canary_drift.csv
M0112_3dfr_a1__cognate__s101,ame_crystal_pass,1.0,1.0,0.0,results/P5_1B/canary_drift.csv
M0112_3dfr_a1__cognate__s101,ame_crystal_rmsd_max,0.8037266483021169,0.8055451295594687,0.001818481257351734,results/P5_1B/canary_drift.csv
M0112_3dfr_a1__cognate__s101,ame_crystal_rmsd_mean,0.7869744145209525,0.7866721856177215,0.000302228903231061,results/P5_1B/canary_drift.csv
M0112_3dfr_a1__cognate__s101,ame_crystal_rmsd_min,0.7771912580685395,0.7757047735605906,0.0014864845079488598,results/P5_1B/canary_drift.csv
M0112_3dfr_a1__cognate__s101,ame_crystal_rmsd_naive_min,1.0055483650023083,1.0044517649764095,0.0010966000258987307,results/P5_1B/canary_drift.csv
M0112_3dfr_a1__cognate__s101,ame_crystal_rmsd_std,0.009964721796707692,0.011212397199587814,0.0012476754028801218,results/P5_1B/canary_drift.csv
M0112_3dfr_a1__cognate__s101,chai_aggregate_score_max,0.9088476300239563,0.9084755778312683,0.0003720521926879883,results/P5_1B/canary_drift.csv
M0112_3dfr_a1__cognate__s101,chai_aggregate_score_mean,0.9077038764953613,0.9077766299247741,7.275342941281959e-05,results/P5_1B/canary_drift.csv
M0112_3dfr_a1__cognate__s101,chai_aggregate_score_std,0.0010522263697479806,0.0007518741021470132,0.00030035226760096736,results/P5_1B/canary_drift.csv
M0112_3dfr_a1__cognate__s101,chai_has_inter_chain_clashes_max,0.0,0.0,0.0,results/P5_1B/canary_drift.csv
M0112_3dfr_a1__cognate__s101,chai_has_inter_chain_clashes_mean,0.0,0.0,0.0,results/P5_1B/canary_drift.csv
M0112_3dfr_a1__cognate__s101,chai_has_inter_chain_clashes_std,0.0,0.0,0.0,results/P5_1B/canary_drift.csv
M0112_3dfr_a1__cognate__s101,chai_iptm_max,0.8989095687866211,0.8984317779541016,0.00047779083251953125,results/P5_1B/canary_drift.csv
M0112_3dfr_a1__cognate__s101,chai_iptm_mean,0.8975192189216614,0.8976150512695312,9.583234786980643e-05,results/P5_1B/canary_drift.csv
M0112_3dfr_a1__cognate__s101,chai_iptm_std,0.0013078176162038054,0.0009286856357168896,0.00037913198048691583,results/P5_1B/canary_drift.csv
M0112_3dfr_a1__cognate__s101,chai_per_chain_ptm_min_max,0.890256941318512,0.8904459476470947,0.00018900632858276367,results/P5_1B/canary_drift.csv
M0112_3dfr_a1__cognate__s101,chai_per_chain_ptm_min_mean,0.889648723602295,0.8898448348045349,0.00019611120223994583,results/P5_1B/canary_drift.csv
M0112_3dfr_a1__cognate__s101,chai_per_chain_ptm_min_std,0.0005372635147479364,0.0004730324256085574,6.423108913937897e-05,results/P5_1B/canary_drift.csv
M0112_3dfr_a1__cognate__s101,chai_per_chain_ptm_protein_max,0.9339133501052856,0.933966875076294,5.352497100830078e-05,results/P5_1B/canary_drift.csv
M0112_3dfr_a1__cognate__s101,chai_per_chain_ptm_protein_mean,0.9337170124053955,0.9336743950843811,4.26173210144043e-05,results/P5_1B/canary_drift.csv
M0112_3dfr_a1__cognate__s101,chai_per_chain_ptm_protein_std,0.0001640700268688976,0.00020082874250201222,3.675871563311463e-05,results/P5_1B/canary_drift.csv
M0112_3dfr_a1__cognate__s101,chai_plddt_best_model,94.77859136468776,94.78289051657673,0.004299151888972119,results/P5_1B/canary_drift.csv
M0112_3dfr_a1__cognate__s101,chai_plddt_mean,94.75664286815729,94.76842945258288,0.011786584425593105,results/P5_1B/canary_drift.csv
M0112_3dfr_a1__cognate__s101,chai_plddt_min,59.272,58.363,0.9089999999999989,results/P5_1B/canary_drift.csv
M0112_3dfr_a1__cognate__s101,chai_plddt_std_across_models,0.02344338137234992,0.018618261316951837,0.004825120055398084,results/P5_1B/canary_drift.csv
M0112_3dfr_a1__cognate__s101,chai_ptm_max,0.9485998153686523,0.9486508965492249,5.1081180572509766e-05,results/P5_1B/canary_drift.csv
M0112_3dfr_a1__cognate__s101,chai_ptm_mean,0.948442542552948,0.9484228730201721,1.9669532775878906e-05,results/P5_1B/canary_drift.csv
M0112_3dfr_a1__cognate__s101,chai_ptm_std,0.0001306732747867837,0.00019537517286514968,6.470189807836598e-05,results/P5_1B/canary_drift.csv
M0112_3dfr_a1__cognate__s101,npz_aggregate_score_model0,0.907971978187561,0.9080451726913452,7.319450378417969e-05,results/P5_1B/canary_drift.csv
M0112_3dfr_a1__cognate__s101,npz_ptm_model0,0.94829261302948,0.948373019695282,8.040666580200195e-05,results/P5_1B/canary_drift.csv
M0112_3dfr_a1__cognate__s101,npz_iptm_model0,0.8978918194770813,0.8979631662368774,7.134675979614258e-05,results/P5_1B/canary_drift.csv
M0112_3dfr_a1__cognate__s101,npz_aggregate_score_model1,0.9079375267028809,0.90788334608078,5.418062210083008e-05,results/P5_1B/canary_drift.csv
M0112_3dfr_a1__cognate__s101,npz_ptm_model1,0.9485350251197815,0.9485602378845215,2.5212764739990234e-05,results/P5_1B/canary_drift.csv
M0112_3dfr_a1__cognate__s101,npz_iptm_model1,0.8977881669998169,0.8977141380310059,7.402896881103516e-05,results/P5_1B/canary_drift.csv
M0112_3dfr_a1__cognate__s101,npz_aggregate_score_model2,0.9059755206108093,0.9064937829971313,0.0005182623863220215,results/P5_1B/canary_drift.csv
M0112_3dfr_a1__cognate__s101,npz_ptm_model2,0.9484540820121765,0.9483866691589355,6.74128532409668e-05,results/P5_1B/canary_drift.csv
M0112_3dfr_a1__cognate__s101,npz_iptm_model2,0.8953558802604675,0.8960205316543579,0.0006646513938903809,results/P5_1B/canary_drift.csv
M0112_3dfr_a1__cognate__s101,npz_aggregate_score_model3,0.9077867269515991,0.907985270023346,0.00019854307174682617,results/P5_1B/canary_drift.csv
M0112_3dfr_a1__cognate__s101,npz_ptm_model3,0.9483311772346497,0.9481435418128967,0.0001876354217529297,results/P5_1B/canary_drift.csv
M0112_3dfr_a1__cognate__s101,npz_iptm_model3,0.8976506590843201,0.8979456424713135,0.0002949833869934082,results/P5_1B/canary_drift.csv
M0112_3dfr_a1__cognate__s101,npz_aggregate_score_model4,0.9088476300239563,0.9084755778312683,0.0003720521926879883,results/P5_1B/canary_drift.csv
M0112_3dfr_a1__cognate__s101,npz_ptm_model4,0.9485998153686523,0.9486508965492249,5.1081180572509766e-05,results/P5_1B/canary_drift.csv
M0112_3dfr_a1__cognate__s101,npz_iptm_model4,0.8989095687866211,0.8984317779541016,0.00047779083251953125,results/P5_1B/canary_drift.csv
M0432_1bvv_a1__cognate__s101,ame_crystal_clash_max,3.553525342616914,3.588068648470482,0.03454330585356802,results/P5_1B/canary_drift.csv
M0432_1bvv_a1__cognate__s101,ame_crystal_pass,1.0,1.0,0.0,results/P5_1B/canary_drift.csv
M0432_1bvv_a1__cognate__s101,ame_crystal_rmsd_max,0.3978565905321011,0.39307528776199385,0.004781302770107243,results/P5_1B/canary_drift.csv
M0432_1bvv_a1__cognate__s101,ame_crystal_rmsd_mean,0.36066896412031013,0.35319608807485464,0.00747287604545549,results/P5_1B/canary_drift.csv
M0432_1bvv_a1__cognate__s101,ame_crystal_rmsd_min,0.30533866115249353,0.29501897440756486,0.010319686744928669,results/P5_1B/canary_drift.csv
M0432_1bvv_a1__cognate__s101,ame_crystal_rmsd_naive_min,0.7432934966496987,0.7391934092536754,0.0041000873960233,results/P5_1B/canary_drift.csv
M0432_1bvv_a1__cognate__s101,ame_crystal_rmsd_std,0.036858396257684695,0.03796989873820204,0.0011115024805173485,results/P5_1B/canary_drift.csv
M0432_1bvv_a1__cognate__s101,chai_aggregate_score_max,0.3083495497703552,0.30847638845443726,0.00012683868408203125,results/P5_1B/canary_drift.csv
M0432_1bvv_a1__cognate__s101,chai_aggregate_score_mean,0.3073123633861542,0.30751560926437377,0.00020324587821957119,results/P5_1B/canary_drift.csv
M0432_1bvv_a1__cognate__s101,chai_aggregate_score_std,0.0010906347313188371,0.001036313924746093,5.4320806572744204e-05,results/P5_1B/canary_drift.csv
M0432_1bvv_a1__cognate__s101,chai_has_inter_chain_clashes_max,0.0,0.0,0.0,results/P5_1B/canary_drift.csv
M0432_1bvv_a1__cognate__s101,chai_has_inter_chain_clashes_mean,0.0,0.0,0.0,results/P5_1B/canary_drift.csv
M0432_1bvv_a1__cognate__s101,chai_has_inter_chain_clashes_std,0.0,0.0,0.0,results/P5_1B/canary_drift.csv
M0432_1bvv_a1__cognate__s101,chai_iptm_max,0.15516965091228485,0.15443891286849976,0.0007307380437850952,results/P5_1B/canary_drift.csv
M0432_1bvv_a1__cognate__s101,chai_iptm_mean,0.153853377699852,0.15327222347259523,0.0005811542272567694,results/P5_1B/canary_drift.csv
M0432_1bvv_a1__cognate__s101,chai_iptm_std,0.0013417706483648828,0.0012706959833586732,7.107466500620957e-05,results/P5_1B/canary_drift.csv
M0432_1bvv_a1__cognate__s101,chai_per_chain_ptm_min_max,0.3062725067138672,0.3062850534915924,1.2546777725219727e-05,results/P5_1B/canary_drift.csv
M0432_1bvv_a1__cognate__s101,chai_per_chain_ptm_min_mean,0.30559408068656924,0.30560155510902404,7.474422454800678e-06,results/P5_1B/canary_drift.csv
M0432_1bvv_a1__cognate__s101,chai_per_chain_ptm_min_std,0.000559327956158333,0.0004518978437447114,0.00010743011241362164,results/P5_1B/canary_drift.csv
M0432_1bvv_a1__cognate__s101,chai_per_chain_ptm_protein_max,0.9529256820678711,0.9561114311218262,0.003185749053955078,results/P5_1B/canary_drift.csv
M0432_1bvv_a1__cognate__s101,chai_per_chain_ptm_protein_mean,0.9527132630348205,0.9560221433639526,0.0033088803291321245,results/P5_1B/canary_drift.csv
M0432_1bvv_a1__cognate__s101,chai_per_chain_ptm_protein_std,0.00016938113367611404,7.346238011439917e-05,9.591875356171487e-05,results/P5_1B/canary_drift.csv
M0432_1bvv_a1__cognate__s101,chai_plddt_best_model,93.82767380787836,94.38784450587423,0.560170697995872,results/P5_1B/canary_drift.csv
M0432_1bvv_a1__cognate__s101,chai_plddt_mean,93.76650946786455,94.37416392536282,0.6076544574982705,results/P5_1B/canary_drift.csv
M0432_1bvv_a1__cognate__s101,chai_plddt_min,61.846,62.013,0.1670000000000016,results/P5_1B/canary_drift.csv
M0432_1bvv_a1__cognate__s101,chai_plddt_std_across_models,0.049751703284482605,0.009011587045590309,0.040740116238892295,results/P5_1B/canary_drift.csv
M0432_1bvv_a1__cognate__s101,chai_ptm_max,0.9214794635772705,0.9246413111686707,0.0031618475914001465,results/P5_1B/canary_drift.csv
M0432_1bvv_a1__cognate__s101,chai_ptm_mean,0.9211482524871826,0.9244891047477722,0.0033408522605896662,results/P5_1B/canary_drift.csv
M0432_1bvv_a1__cognate__s101,chai_ptm_std,0.00020314433573825726,0.00014248032850278897,6.066400723546829e-05,results/P5_1B/canary_drift.csv
M0432_1bvv_a1__cognate__s101,npz_aggregate_score_model0,0.3056052029132843,0.30577608942985535,0.00017088651657104492,results/P5_1B/canary_drift.csv
M0432_1bvv_a1__cognate__s101,npz_ptm_model0,0.9209458231925964,0.9243119359016418,0.00336611270904541,results/P5_1B/canary_drift.csv
M0432_1bvv_a1__cognate__s101,npz_iptm_model0,0.15177004039287567,0.15114213526248932,0.0006279051303863525,results/P5_1B/canary_drift.csv
M0432_1bvv_a1__cognate__s101,npz_aggregate_score_model1,0.3083495497703552,0.30807262659072876,0.00027692317962646484,results/P5_1B/canary_drift.csv
M0432_1bvv_a1__cognate__s101,npz_ptm_model1,0.9210690855979919,0.9244608879089355,0.0033918023109436035,results/P5_1B/canary_drift.csv
M0432_1bvv_a1__cognate__s101,npz_iptm_model1,0.15516965091228485,0.15397554636001587,0.001194104552268982,results/P5_1B/canary_drift.csv
M0432_1bvv_a1__cognate__s101,npz_aggregate_score_model2,0.30689388513565063,0.30754929780960083,0.0006554126739501953,results/P5_1B/canary_drift.csv
M0432_1bvv_a1__cognate__s101,npz_ptm_model2,0.9211821556091309,0.9246413111686707,0.003459155559539795,results/P5_1B/canary_drift.csv
M0432_1bvv_a1__cognate__s101,npz_iptm_model2,0.1533217877149582,0.153276264667511,4.552304744720459e-05,results/P5_1B/canary_drift.csv
M0432_1bvv_a1__cognate__s101,npz_aggregate_score_model3,0.30786874890327454,0.30847638845443726,0.0006076395511627197,results/P5_1B/canary_drift.csv
M0432_1bvv_a1__cognate__s101,npz_ptm_model3,0.9214794635772705,0.9246262311935425,0.0031467676162719727,results/P5_1B/canary_drift.csv
M0432_1bvv_a1__cognate__s101,npz_iptm_model3,0.15446606278419495,0.15443891286849976,2.714991569519043e-05,results/P5_1B/canary_drift.csv
M0432_1bvv_a1__cognate__s101,npz_aggregate_score_model4,0.3078444302082062,0.3077036440372467,0.00014078617095947266,results/P5_1B/canary_drift.csv
M0432_1bvv_a1__cognate__s101,npz_ptm_model4,0.9210647344589233,0.9244051575660706,0.003340423107147217,results/P5_1B/canary_drift.csv
M0432_1bvv_a1__cognate__s101,npz_iptm_model4,0.1545393466949463,0.15352825820446014,0.001011088490486145,results/P5_1B/canary_drift.csv
C_M0732_1xs1_a1__ctl_ala_R115A__s101,ame_crystal_clash_max,3.0059473717580287,3.0236942755430736,0.017746903785044843,results/P5_1B/canary_drift.csv
C_M0732_1xs1_a1__ctl_ala_R115A__s101,ame_crystal_pass,0.0,0.0,0.0,results/P5_1B/canary_drift.csv
C_M0732_1xs1_a1__ctl_ala_R115A__s101,ame_crystal_rmsd_max,2.1302647203916067,1.9068741905872868,0.22339052980431995,results/P5_1B/canary_drift.csv
C_M0732_1xs1_a1__ctl_ala_R115A__s101,ame_crystal_rmsd_mean,1.9116104204022424,1.823541592613531,0.08806882778871139,results/P5_1B/canary_drift.csv
C_M0732_1xs1_a1__ctl_ala_R115A__s101,ame_crystal_rmsd_min,1.8194319508344303,1.7548679456354956,0.06456400519893468,results/P5_1B/canary_drift.csv
C_M0732_1xs1_a1__ctl_ala_R115A__s101,ame_crystal_rmsd_naive_min,1.8194319508344303,1.7548679456354956,0.06456400519893468,results/P5_1B/canary_drift.csv
C_M0732_1xs1_a1__ctl_ala_R115A__s101,ame_crystal_rmsd_std,0.12474481566301128,0.06377235751068204,0.06097245815232924,results/P5_1B/canary_drift.csv
C_M0732_1xs1_a1__ctl_ala_R115A__s101,chai_aggregate_score_max,0.6777247190475464,0.67633455991745,0.0013901591300964355,results/P5_1B/canary_drift.csv
C_M0732_1xs1_a1__ctl_ala_R115A__s101,chai_aggregate_score_mean,0.6751224279403687,0.6738990187644959,0.001223409175872825,results/P5_1B/canary_drift.csv
C_M0732_1xs1_a1__ctl_ala_R115A__s101,chai_aggregate_score_std,0.0018978630669590818,0.0015932982507448732,0.00030456481621420864,results/P5_1B/canary_drift.csv
C_M0732_1xs1_a1__ctl_ala_R115A__s101,chai_has_inter_chain_clashes_max,0.0,0.0,0.0,results/P5_1B/canary_drift.csv
C_M0732_1xs1_a1__ctl_ala_R115A__s101,chai_has_inter_chain_clashes_mean,0.0,0.0,0.0,results/P5_1B/canary_drift.csv
C_M0732_1xs1_a1__ctl_ala_R115A__s101,chai_has_inter_chain_clashes_std,0.0,0.0,0.0,results/P5_1B/canary_drift.csv
C_M0732_1xs1_a1__ctl_ala_R115A__s101,chai_iptm_max,0.6288785338401794,0.6273218393325806,0.001556694507598877,results/P5_1B/canary_drift.csv
C_M0732_1xs1_a1__ctl_ala_R115A__s101,chai_iptm_mean,0.6257339477539062,0.6244043827056884,0.0013295650482177956,results/P5_1B/canary_drift.csv
C_M0732_1xs1_a1__ctl_ala_R115A__s101,chai_iptm_std,0.0022931623534819616,0.0019085838717605784,0.00038457848172138327,results/P5_1B/canary_drift.csv
C_M0732_1xs1_a1__ctl_ala_R115A__s101,chai_per_chain_ptm_min_max,0.704185962677002,0.7062252163887024,0.0020392537117004395,results/P5_1B/canary_drift.csv
C_M0732_1xs1_a1__ctl_ala_R115A__s101,chai_per_chain_ptm_min_mean,0.7032403349876404,0.7040363430976868,0.0007960081100464311,results/P5_1B/canary_drift.csv
C_M0732_1xs1_a1__ctl_ala_R115A__s101,chai_per_chain_ptm_min_std,0.0008575539610317238,0.0015509775202186607,0.000693423559186937,results/P5_1B/canary_drift.csv
C_M0732_1xs1_a1__ctl_ala_R115A__s101,chai_per_chain_ptm_protein_max,0.8818108439445496,0.8812329769134521,0.0005778670310974121,results/P5_1B/canary_drift.csv
C_M0732_1xs1_a1__ctl_ala_R115A__s101,chai_per_chain_ptm_protein_mean,0.881097412109375,0.8808149814605712,0.00028243064880373314,results/P5_1B/canary_drift.csv
C_M0732_1xs1_a1__ctl_ala_R115A__s101,chai_per_chain_ptm_protein_std,0.0006683862307771174,0.00033384651035998675,0.0003345397204171307,results/P5_1B/canary_drift.csv
C_M0732_1xs1_a1__ctl_ala_R115A__s101,chai_plddt_best_model,90.05810073875084,90.04354398925453,0.014556749496307475,results/P5_1B/canary_drift.csv
C_M0732_1xs1_a1__ctl_ala_R115A__s101,chai_plddt_mean,90.03735701813297,89.98512572196104,0.05223129617192512,results/P5_1B/canary_drift.csv
C_M0732_1xs1_a1__ctl_ala_R115A__s101,chai_plddt_min,52.426,52.556,0.12999999999999545,results/P5_1B/canary_drift.csv
C_M0732_1xs1_a1__ctl_ala_R115A__s101,chai_plddt_std_across_models,0.020714917805548044,0.049642181044388466,0.02892726323884042,results/P5_1B/canary_drift.csv
C_M0732_1xs1_a1__ctl_ala_R115A__s101,chai_ptm_max,0.8731094598770142,0.872385561466217,0.0007238984107971191,results/P5_1B/canary_drift.csv
C_M0732_1xs1_a1__ctl_ala_R115A__s101,chai_ptm_mean,0.8726763248443603,0.8718775629997253,0.0007987618446350098,results/P5_1B/canary_drift.csv
C_M0732_1xs1_a1__ctl_ala_R115A__s101,chai_ptm_std,0.000348628605199284,0.0003339881513730624,1.464045382622162e-05,results/P5_1B/canary_drift.csv
C_M0732_1xs1_a1__ctl_ala_R115A__s101,npz_aggregate_score_model0,0.6765490770339966,0.6747034192085266,0.0018456578254699707,results/P5_1B/canary_drift.csv
C_M0732_1xs1_a1__ctl_ala_R115A__s101,npz_ptm_model0,0.872883141040802,0.872054934501648,0.0008282065391540527,results/P5_1B/canary_drift.csv
C_M0732_1xs1_a1__ctl_ala_R115A__s101,npz_iptm_model0,0.627465546131134,0.6253654956817627,0.002100050449371338,results/P5_1B/canary_drift.csv
C_M0732_1xs1_a1__ctl_ala_R115A__s101,npz_aggregate_score_model1,0.6737409830093384,0.673041820526123,0.000699162483215332,results/P5_1B/canary_drift.csv
C_M0732_1xs1_a1__ctl_ala_R115A__s101,npz_ptm_model1,0.8725743889808655,0.8716412782669067,0.0009331107139587402,results/P5_1B/canary_drift.csv
C_M0732_1xs1_a1__ctl_ala_R115A__s101,npz_iptm_model1,0.6240326166152954,0.6233919858932495,0.0006406307220458984,results/P5_1B/canary_drift.csv
C_M0732_1xs1_a1__ctl_ala_R115A__s101,npz_aggregate_score_model2,0.6741046905517578,0.6727389097213745,0.0013657808303833008,results/P5_1B/canary_drift.csv
C_M0732_1xs1_a1__ctl_ala_R115A__s101,npz_ptm_model2,0.8726316690444946,0.8716530203819275,0.0009786486625671387,results/P5_1B/canary_drift.csv
C_M0732_1xs1_a1__ctl_ala_R115A__s101,npz_iptm_model2,0.624472975730896,0.6230103969573975,0.0014625787734985352,results/P5_1B/canary_drift.csv
C_M0732_1xs1_a1__ctl_ala_R115A__s101,npz_aggregate_score_model3,0.6734926700592041,0.6726763844490051,0.0008162856101989746,results/P5_1B/canary_drift.csv
C_M0732_1xs1_a1__ctl_ala_R115A__s101,npz_ptm_model3,0.8721829652786255,0.8716530203819275,0.000529944896697998,results/P5_1B/canary_drift.csv
C_M0732_1xs1_a1__ctl_ala_R115A__s101,npz_iptm_model3,0.6238200664520264,0.6229321956634521,0.0008878707885742188,results/P5_1B/canary_drift.csv
C_M0732_1xs1_a1__ctl_ala_R115A__s101,npz_aggregate_score_model4,0.6777247190475464,0.67633455991745,0.0013901591300964355,results/P5_1B/canary_drift.csv
C_M0732_1xs1_a1__ctl_ala_R115A__s101,npz_ptm_model4,0.8731094598770142,0.872385561466217,0.0007238984107971191,results/P5_1B/canary_drift.csv
C_M0732_1xs1_a1__ctl_ala_R115A__s101,npz_iptm_model4,0.6288785338401794,0.6273218393325806,0.001556694507598877,results/P5_1B/canary_drift.csv
C_M0934_3cla_a1__ctl_isosteric_H138N__s101,ame_crystal_clash_max,4.461316140597533,4.479781577433554,0.01846543683602153,results/P5_1B/canary_drift.csv
C_M0934_3cla_a1__ctl_isosteric_H138N__s101,ame_crystal_pass,1.0,1.0,0.0,results/P5_1B/canary_drift.csv
C_M0934_3cla_a1__ctl_isosteric_H138N__s101,ame_crystal_rmsd_max,0.8263956603714065,0.7471140468093871,0.07928161356201946,results/P5_1B/canary_drift.csv
C_M0934_3cla_a1__ctl_isosteric_H138N__s101,ame_crystal_rmsd_mean,0.663209663467417,0.6400380293777342,0.023171634089682813,results/P5_1B/canary_drift.csv
C_M0934_3cla_a1__ctl_isosteric_H138N__s101,ame_crystal_rmsd_min,0.568627174910602,0.5597951816898302,0.008831993220771772,results/P5_1B/canary_drift.csv
C_M0934_3cla_a1__ctl_isosteric_H138N__s101,ame_crystal_rmsd_naive_min,0.8104874320950465,0.5918078321208843,0.2186795999741622,results/P5_1B/canary_drift.csv
C_M0934_3cla_a1__ctl_isosteric_H138N__s101,ame_crystal_rmsd_std,0.11918140896441408,0.08742548796603332,0.03175592099838076,results/P5_1B/canary_drift.csv
C_M0934_3cla_a1__ctl_isosteric_H138N__s101,chai_aggregate_score_max,0.5671412348747253,0.5648292303085327,0.002312004566192627,results/P5_1B/canary_drift.csv
C_M0934_3cla_a1__ctl_isosteric_H138N__s101,chai_aggregate_score_mean,0.563889992237091,0.5595679521560669,0.004322040081024103,results/P5_1B/canary_drift.csv
C_M0934_3cla_a1__ctl_isosteric_H138N__s101,chai_aggregate_score_std,0.005061164205837341,0.0062885342936676875,0.0012273700878303465,results/P5_1B/canary_drift.csv
C_M0934_3cla_a1__ctl_isosteric_H138N__s101,chai_has_inter_chain_clashes_max,0.0,0.0,0.0,results/P5_1B/canary_drift.csv
C_M0934_3cla_a1__ctl_isosteric_H138N__s101,chai_has_inter_chain_clashes_mean,0.0,0.0,0.0,results/P5_1B/canary_drift.csv
C_M0934_3cla_a1__ctl_isosteric_H138N__s101,chai_has_inter_chain_clashes_std,0.0,0.0,0.0,results/P5_1B/canary_drift.csv
C_M0934_3cla_a1__ctl_isosteric_H138N__s101,chai_iptm_max,0.4738862216472626,0.4710620641708374,0.002824157476425171,results/P5_1B/canary_drift.csv
C_M0934_3cla_a1__ctl_isosteric_H138N__s101,chai_iptm_mean,0.46990195512771604,0.46459912061691283,0.0053028345108032116,results/P5_1B/canary_drift.csv
C_M0934_3cla_a1__ctl_isosteric_H138N__s101,chai_iptm_std,0.006263492808857721,0.007718283374915365,0.0014547905660576435,results/P5_1B/canary_drift.csv
C_M0934_3cla_a1__ctl_isosteric_H138N__s101,chai_per_chain_ptm_min_max,0.391143262386322,0.39132291078567505,0.00017964839935302734,results/P5_1B/canary_drift.csv
C_M0934_3cla_a1__ctl_isosteric_H138N__s101,chai_per_chain_ptm_min_mean,0.38948983550071714,0.38857719898223875,0.0009126365184783936,results/P5_1B/canary_drift.csv
C_M0934_3cla_a1__ctl_isosteric_H138N__s101,chai_per_chain_ptm_min_std,0.0026529982703079047,0.003052178231620153,0.0003991799613122485,results/P5_1B/canary_drift.csv
C_M0934_3cla_a1__ctl_isosteric_H138N__s101,chai_per_chain_ptm_protein_max,0.9537341594696045,0.9535425305366516,0.00019162893295288086,results/P5_1B/canary_drift.csv
C_M0934_3cla_a1__ctl_isosteric_H138N__s101,chai_per_chain_ptm_protein_mean,0.9534858822822571,0.9533745884895325,0.00011129379272456497,results/P5_1B/canary_drift.csv
C_M0934_3cla_a1__ctl_isosteric_H138N__s101,chai_per_chain_ptm_protein_std,0.0002069522218397194,0.00015249543234009138,5.4456789499628035e-05,results/P5_1B/canary_drift.csv
C_M0934_3cla_a1__ctl_isosteric_H138N__s101,chai_plddt_best_model,92.33765871663827,92.37258091993185,0.03492220329357565,results/P5_1B/canary_drift.csv
C_M0934_3cla_a1__ctl_isosteric_H138N__s101,chai_plddt_mean,92.31327132311188,92.34008222600795,0.026810902896073685,results/P5_1B/canary_drift.csv
C_M0934_3cla_a1__ctl_isosteric_H138N__s101,chai_plddt_min,49.575,49.886,0.31099999999999994,results/P5_1B/canary_drift.csv
C_M0934_3cla_a1__ctl_isosteric_H138N__s101,chai_plddt_std_across_models,0.02152068540828508,0.022150144768975623,0.0006294593606905423,results/P5_1B/canary_drift.csv
C_M0934_3cla_a1__ctl_isosteric_H138N__s101,chai_ptm_max,0.9401612281799316,0.9400104284286499,0.00015079975128173828,results/P5_1B/canary_drift.csv
C_M0934_3cla_a1__ctl_isosteric_H138N__s101,chai_ptm_mean,0.939842140674591,0.9394432783126831,0.00039886236190789237,results/P5_1B/canary_drift.csv
C_M0934_3cla_a1__ctl_isosteric_H138N__s101,chai_ptm_std,0.0003006764402439121,0.0006194396676519285,0.00031876322740801637,results/P5_1B/canary_drift.csv
C_M0934_3cla_a1__ctl_isosteric_H138N__s101,npz_aggregate_score_model0,0.554912805557251,0.553611159324646,0.0013016462326049805,results/P5_1B/canary_drift.csv
C_M0934_3cla_a1__ctl_isosteric_H138N__s101,npz_ptm_model0,0.9394261240959167,0.9392350912094116,0.00019103288650512695,results/P5_1B/canary_drift.csv
C_M0934_3cla_a1__ctl_isosteric_H138N__s101,npz_iptm_model0,0.4587845206260681,0.4572051763534546,0.0015793442726135254,results/P5_1B/canary_drift.csv
C_M0934_3cla_a1__ctl_isosteric_H138N__s101,npz_aggregate_score_model1,0.5653882622718811,0.5631964802742004,0.002191781997680664,results/P5_1B/canary_drift.csv
C_M0934_3cla_a1__ctl_isosteric_H138N__s101,npz_ptm_model1,0.9396386742591858,0.939598560333252,4.011392593383789e-05,results/P5_1B/canary_drift.csv
C_M0934_3cla_a1__ctl_isosteric_H138N__s101,npz_iptm_model1,0.47182565927505493,0.46909594535827637,0.0027297139167785645,results/P5_1B/canary_drift.csv
C_M0934_3cla_a1__ctl_isosteric_H138N__s101,npz_aggregate_score_model2,0.5657592415809631,0.5643284320831299,0.001430809497833252,results/P5_1B/canary_drift.csv
C_M0934_3cla_a1__ctl_isosteric_H138N__s101,npz_ptm_model2,0.9399818181991577,0.9400104284286499,2.86102294921875e-05,results/P5_1B/canary_drift.csv
C_M0934_3cla_a1__ctl_isosteric_H138N__s101,npz_iptm_model2,0.4722035825252533,0.4704079329967499,0.001795649528503418,results/P5_1B/canary_drift.csv
C_M0934_3cla_a1__ctl_isosteric_H138N__s101,npz_aggregate_score_model3,0.5671412348747253,0.5518744587898254,0.015266776084899902,results/P5_1B/canary_drift.csv
C_M0934_3cla_a1__ctl_isosteric_H138N__s101,npz_ptm_model3,0.9401612281799316,0.9384742975234985,0.0016869306564331055,results/P5_1B/canary_drift.csv
C_M0934_3cla_a1__ctl_isosteric_H138N__s101,npz_iptm_model3,0.4738862216472626,0.45522448420524597,0.0186617374420166,results/P5_1B/canary_drift.csv
C_M0934_3cla_a1__ctl_isosteric_H138N__s101,npz_aggregate_score_model4,0.5662484169006348,0.5648292303085327,0.0014191865921020508,results/P5_1B/canary_drift.csv
C_M0934_3cla_a1__ctl_isosteric_H138N__s101,npz_ptm_model4,0.9400028586387634,0.9398980140686035,0.00010484457015991211,results/P5_1B/canary_drift.csv
C_M0934_3cla_a1__ctl_isosteric_H138N__s101,npz_iptm_model4,0.4728097915649414,0.4710620641708374,0.001747727394104004,results/P5_1B/canary_drift.csv
