test_id,claim_type,source_artifacts,source_sha256,unit,n_units,n_clusters,cluster_def,k,N,k_of_N,denominator_def,headline_ok,status,licence_flag,metric,canonical_key,input_class,in_main_set,rho,rho_lo,rho_hi,auc_signed,auc_signed_lo,auc_signed_hi,auc_dirfree,auc_mag,auc_mag_lo,auc_mag_hi,diff_vs_neg_d_cat_lo,beats_all_baselines,status_a3
D4_BGLB_M1,ranking,results/D4_bglb/metric_table.csv,708f0595c3b680e0,variant,432,175,mutated position,,,,one metric,0,complete,D2DCure_aggregate,catalytic_frac_buried,catalytic_frac_buried,struct_site,1,-0.1909,-0.3048,-0.057,0.4688,0.4333,0.4963,0.5312,0.5312,0.5037,0.5667,-0.2951,0,OK
D4_BGLB_M1,ranking,results/D4_bglb/metric_table.csv,708f0595c3b680e0,variant,432,175,mutated position,,,,one metric,0,complete,D2DCure_aggregate,catalytic_n_atoms,catalytic_n_atoms,bookkeeping,0,-0.0636,-0.1238,-0.0554,0.497,0.4896,0.5,0.503,0.503,0.5,0.5104,-0.322,0,X-BOOKKEEP
D4_BGLB_M1,ranking,results/D4_bglb/metric_table.csv,708f0595c3b680e0,variant,432,175,mutated position,,,,one metric,0,complete,D2DCure_aggregate,catalytic_n_atoms_used,catalytic_n_atoms_used,bookkeeping,0,-0.0636,-0.1238,-0.0554,0.497,0.4896,0.5,0.503,0.503,0.5,0.5104,-0.322,0,X-BOOKKEEP
D4_BGLB_M1,ranking,results/D4_bglb/metric_table.csv,708f0595c3b680e0,variant,432,175,mutated position,,,,one metric,0,complete,D2DCure_aggregate,catalytic_pairwise_dist_max,catalytic_pairwise_dist_max,struct_site,1,0.0431,-0.1841,0.2709,0.5149,0.4185,0.6101,0.5149,0.6785,0.602,0.7459,-0.1428,0,OK
D4_BGLB_M1,ranking,results/D4_bglb/metric_table.csv,708f0595c3b680e0,variant,432,175,mutated position,,,,one metric,0,complete,D2DCure_aggregate,catalytic_pairwise_dist_mean,catalytic_pairwise_dist_mean,struct_site,1,0.09,-0.074,0.2468,0.5534,0.468,0.6332,0.5534,0.6926,0.6162,0.7598,-0.1145,0,OK
D4_BGLB_M1,ranking,results/D4_bglb/metric_table.csv,708f0595c3b680e0,variant,432,175,mutated position,,,,one metric,0,complete,D2DCure_aggregate,catalytic_polar_contacts,catalytic_polar_contacts,struct_site,1,-0.1121,-0.2158,-0.02,0.4906,0.4658,0.5158,0.5094,0.5235,0.503,0.548,-0.3012,0,OK
D4_BGLB_M1,ranking,results/D4_bglb/metric_table.csv,708f0595c3b680e0,variant,432,175,mutated position,,,,one metric,0,complete,D2DCure_aggregate,catalytic_polar_contacts_per_residue,catalytic_polar_contacts_per_residue,struct_site,0,-0.1121,-0.2158,-0.02,0.4906,0.4658,0.5158,0.5094,0.5235,0.503,0.548,-0.3012,0,OK
D4_BGLB_M1,ranking,results/D4_bglb/metric_table.csv,708f0595c3b680e0,variant,432,175,mutated position,,,,one metric,0,complete,D2DCure_aggregate,catalytic_polar_dist_mean,catalytic_polar_dist_mean,struct_site,0,-0.0494,-0.2728,0.1758,0.491,0.3891,0.5976,0.509,0.6931,0.613,0.762,-0.1236,0,OK
D4_BGLB_M1,ranking,results/D4_bglb/metric_table.csv,708f0595c3b680e0,variant,432,175,mutated position,,,,one metric,0,complete,D2DCure_aggregate,catalytic_polar_dist_min,catalytic_polar_dist_min,struct_site,0,-0.0494,-0.2728,0.1758,0.491,0.3891,0.5976,0.509,0.6931,0.613,0.762,-0.1236,0,OK
D4_BGLB_M1,ranking,results/D4_bglb/metric_table.csv,708f0595c3b680e0,variant,432,175,mutated position,,,,one metric,0,complete,D2DCure_aggregate,catalytic_radius_of_gyration,catalytic_radius_of_gyration,struct_site,1,0.0316,-0.1479,0.202,0.5235,0.4336,0.6089,0.5235,0.6936,0.6163,0.7613,-0.1138,0,OK
D4_BGLB_M1,ranking,results/D4_bglb/metric_table.csv,708f0595c3b680e0,variant,432,175,mutated position,,,,one metric,0,complete,D2DCure_aggregate,catalytic_rel_sasa_max,catalytic_rel_sasa_max,struct_site,1,0.255,0.0799,0.4082,0.6217,0.5314,0.7049,0.6217,0.7317,0.6586,0.7951,-0.071,0,OK
D4_BGLB_M1,ranking,results/D4_bglb/metric_table.csv,708f0595c3b680e0,variant,432,175,mutated position,,,,one metric,0,complete,D2DCure_aggregate,catalytic_rel_sasa_mean,catalytic_rel_sasa_mean,struct_site,1,0.2515,0.0848,0.4016,0.6217,0.5331,0.6998,0.6217,0.7512,0.6799,0.8102,-0.0512,0,OK
D4_BGLB_M1,ranking,results/D4_bglb/metric_table.csv,708f0595c3b680e0,variant,432,175,mutated position,,,,one metric,0,complete,D2DCure_aggregate,catalytic_sasa_mean,catalytic_sasa_mean,struct_site,0,0.2481,0.0804,0.3978,0.6206,0.5323,0.6992,0.6206,0.7501,0.6789,0.8092,-0.0524,0,OK
D4_BGLB_M1,ranking,results/D4_bglb/metric_table.csv,708f0595c3b680e0,variant,432,175,mutated position,,,,one metric,0,complete,D2DCure_aggregate,catalytic_sasa_total,catalytic_sasa_total,struct_site,1,0.2481,0.0804,0.3978,0.6206,0.5323,0.6992,0.6206,0.7501,0.6789,0.8092,-0.0524,0,OK
D4_BGLB_M1,ranking,results/D4_bglb/metric_table.csv,708f0595c3b680e0,variant,432,175,mutated position,,,,one metric,0,complete,D2DCure_aggregate,frac_A,frac_A,seq_only,0,0.025,-0.0603,0.1057,0.4846,0.4499,0.5196,0.5154,0.4672,0.4335,0.5004,-0.3665,0,GLOBAL
D4_BGLB_M1,ranking,results/D4_bglb/metric_table.csv,708f0595c3b680e0,variant,432,175,mutated position,,,,one metric,0,complete,D2DCure_aggregate,frac_C,frac_C,seq_only,0,0.0058,-0.0869,0.1105,0.5137,0.4931,0.5355,0.5137,0.5045,0.4828,0.5268,-0.3249,0,GLOBAL
D4_BGLB_M1,ranking,results/D4_bglb/metric_table.csv,708f0595c3b680e0,variant,432,175,mutated position,,,,one metric,0,complete,D2DCure_aggregate,frac_D,frac_D,seq_only,0,-0.0833,-0.2305,0.069,0.479,0.4317,0.5181,0.521,0.5336,0.4965,0.5792,-0.3106,0,GLOBAL
D4_BGLB_M1,ranking,results/D4_bglb/metric_table.csv,708f0595c3b680e0,variant,432,175,mutated position,,,,one metric,0,complete,D2DCure_aggregate,frac_E,frac_E,seq_only,0,0.0262,-0.0812,0.1331,0.4927,0.4562,0.5306,0.5073,0.4732,0.4374,0.509,-0.3659,0,GLOBAL
D4_BGLB_M1,ranking,results/D4_bglb/metric_table.csv,708f0595c3b680e0,variant,432,175,mutated position,,,,one metric,0,complete,D2DCure_aggregate,frac_F,frac_F,seq_only,0,-0.0561,-0.1456,0.0359,0.5012,0.4749,0.5265,0.5012,0.5155,0.4896,0.5447,-0.3177,0,GLOBAL
D4_BGLB_M1,ranking,results/D4_bglb/metric_table.csv,708f0595c3b680e0,variant,432,175,mutated position,,,,one metric,0,complete,D2DCure_aggregate,frac_G,frac_G,seq_only,0,0.0467,-0.0665,0.1481,0.51,0.488,0.5313,0.51,0.5104,0.4892,0.5314,-0.3195,0,GLOBAL
D4_BGLB_M1,ranking,results/D4_bglb/metric_table.csv,708f0595c3b680e0,variant,432,175,mutated position,,,,one metric,0,complete,D2DCure_aggregate,frac_H,frac_H,seq_only,0,-0.0044,-0.135,0.1228,0.5088,0.4546,0.5609,0.5088,0.5063,0.4577,0.5568,-0.3336,0,GLOBAL
D4_BGLB_M1,ranking,results/D4_bglb/metric_table.csv,708f0595c3b680e0,variant,432,175,mutated position,,,,one metric,0,complete,D2DCure_aggregate,frac_I,frac_I,seq_only,0,0.0728,-0.014,0.158,0.5143,0.4871,0.5432,0.5143,0.4798,0.4508,0.5072,-0.3512,0,GLOBAL
D4_BGLB_M1,ranking,results/D4_bglb/metric_table.csv,708f0595c3b680e0,variant,432,175,mutated position,,,,one metric,0,complete,D2DCure_aggregate,frac_K,frac_K,seq_only,0,0.0766,-0.0575,0.1896,0.5403,0.4912,0.5994,0.5403,0.47,0.4108,0.518,-0.3899,0,GLOBAL
D4_BGLB_M1,ranking,results/D4_bglb/metric_table.csv,708f0595c3b680e0,variant,432,175,mutated position,,,,one metric,0,complete,D2DCure_aggregate,frac_L,frac_L,seq_only,0,0.0714,-0.0135,0.1572,0.5251,0.4931,0.5636,0.5251,0.4627,0.4276,0.4925,-0.3633,0,GLOBAL
D4_BGLB_M1,ranking,results/D4_bglb/metric_table.csv,708f0595c3b680e0,variant,432,175,mutated position,,,,one metric,0,complete,D2DCure_aggregate,frac_M,frac_M,seq_only,0,0.0275,-0.0468,0.0971,0.5011,0.4813,0.5195,0.5011,0.4954,0.4778,0.5119,-0.3306,0,GLOBAL
D4_BGLB_M1,ranking,results/D4_bglb/metric_table.csv,708f0595c3b680e0,variant,432,175,mutated position,,,,one metric,0,complete,D2DCure_aggregate,frac_N,frac_N,seq_only,0,-0.0876,-0.2561,0.0878,0.4518,0.3845,0.5144,0.5482,0.5591,0.5039,0.62,-0.276,0,GLOBAL
D4_BGLB_M1,ranking,results/D4_bglb/metric_table.csv,708f0595c3b680e0,variant,432,175,mutated position,,,,one metric,0,complete,D2DCure_aggregate,frac_P,frac_P,seq_only,0,0.0207,-0.0398,0.0854,0.499,0.4878,0.5128,0.501,0.4872,0.475,0.4994,-0.3395,0,GLOBAL
D4_BGLB_M1,ranking,results/D4_bglb/metric_table.csv,708f0595c3b680e0,variant,432,175,mutated position,,,,one metric,0,complete,D2DCure_aggregate,frac_Q,frac_Q,seq_only,0,0.0632,-0.0389,0.1587,0.5188,0.4837,0.5619,0.5188,0.4708,0.4301,0.5059,-0.3596,0,GLOBAL
D4_BGLB_M1,ranking,results/D4_bglb/metric_table.csv,708f0595c3b680e0,variant,432,175,mutated position,,,,one metric,0,complete,D2DCure_aggregate,frac_R,frac_R,seq_only,0,-0.1043,-0.193,-0.0061,0.4965,0.4665,0.5248,0.5035,0.517,0.4903,0.5493,-0.3166,0,GLOBAL
D4_BGLB_M1,ranking,results/D4_bglb/metric_table.csv,708f0595c3b680e0,variant,432,175,mutated position,,,,one metric,0,complete,D2DCure_aggregate,frac_S,frac_S,seq_only,0,0.0665,-0.0374,0.1566,0.5131,0.4774,0.5474,0.5131,0.487,0.4508,0.5182,-0.3493,0,GLOBAL
D4_BGLB_M1,ranking,results/D4_bglb/metric_table.csv,708f0595c3b680e0,variant,432,175,mutated position,,,,one metric,0,complete,D2DCure_aggregate,frac_T,frac_T,seq_only,0,0.0375,-0.0567,0.1318,0.5035,0.4659,0.5407,0.5035,0.5146,0.478,0.5518,-0.3208,0,GLOBAL
D4_BGLB_M1,ranking,results/D4_bglb/metric_table.csv,708f0595c3b680e0,variant,432,175,mutated position,,,,one metric,0,complete,D2DCure_aggregate,frac_V,frac_V,seq_only,0,0.0291,-0.1373,0.1792,0.5211,0.4876,0.5642,0.5211,0.4716,0.4292,0.5034,-0.3678,0,GLOBAL
D4_BGLB_M1,ranking,results/D4_bglb/metric_table.csv,708f0595c3b680e0,variant,432,175,mutated position,,,,one metric,0,complete,D2DCure_aggregate,frac_W,frac_W,seq_only,0,-0.113,-0.3085,0.0975,0.4501,0.3754,0.5204,0.5499,0.5757,0.5061,0.6486,-0.2716,0,GLOBAL
D4_BGLB_M1,ranking,results/D4_bglb/metric_table.csv,708f0595c3b680e0,variant,432,175,mutated position,,,,one metric,0,complete,D2DCure_aggregate,frac_Y,frac_Y,seq_only,0,-0.0851,-0.1898,0.0228,0.4733,0.4411,0.5012,0.5267,0.4967,0.4689,0.5296,-0.3369,0,REF
D4_BGLB_M1,ranking,results/D4_bglb/metric_table.csv,708f0595c3b680e0,variant,432,175,mutated position,,,,one metric,0,complete,D2DCure_aggregate,frac_aromatic,frac_aromatic,seq_only,0,-0.1788,-0.3399,-0.0126,0.4284,0.3535,0.4995,0.5716,0.5864,0.5195,0.6578,-0.2598,0,GLOBAL
D4_BGLB_M1,ranking,results/D4_bglb/metric_table.csv,708f0595c3b680e0,variant,432,175,mutated position,,,,one metric,0,complete,D2DCure_aggregate,frac_catalytic_present,frac_catalytic_present,bookkeeping,0,-0.0636,-0.1238,-0.0554,0.497,0.4896,0.5,0.503,0.503,0.5,0.5104,-0.322,0,X-BOOKKEEP
D4_BGLB_M1,ranking,results/D4_bglb/metric_table.csv,708f0595c3b680e0,variant,432,175,mutated position,,,,one metric,0,complete,D2DCure_aggregate,frac_charged,frac_charged,seq_only,0,-0.035,-0.174,0.0998,0.5075,0.4383,0.574,0.5075,0.4861,0.4233,0.5532,-0.3845,0,GLOBAL
D4_BGLB_M1,ranking,results/D4_bglb/metric_table.csv,708f0595c3b680e0,variant,432,175,mutated position,,,,one metric,0,complete,D2DCure_aggregate,frac_ivywrel,frac_ivywrel,seq_only,0,-0.0518,-0.1885,0.0791,0.4804,0.4058,0.5517,0.5196,0.4812,0.4184,0.5444,-0.3608,0,GLOBAL
D4_BGLB_M1,ranking,results/D4_bglb/metric_table.csv,708f0595c3b680e0,variant,432,175,mutated position,,,,one metric,0,complete,D2DCure_aggregate,glu_fraction,frac_E,seq_only,0,0.0262,-0.0812,0.1331,0.4927,0.4562,0.5306,0.5073,0.4732,0.4374,0.509,-0.3659,0,GLOBAL
D4_BGLB_M1,ranking,results/D4_bglb/metric_table.csv,708f0595c3b680e0,variant,432,175,mutated position,,,,one metric,0,complete,D2DCure_aggregate,lys_fraction,frac_K,seq_only,0,0.0766,-0.0575,0.1896,0.5403,0.4912,0.5994,0.5403,0.47,0.4108,0.518,-0.3899,0,GLOBAL
D4_BGLB_M1,ranking,results/D4_bglb/metric_table.csv,708f0595c3b680e0,variant,432,175,mutated position,,,,one metric,0,complete,D2DCure_aggregate,mean_hydropathy,mean_hydropathy,seq_only,0,0.0985,-0.0235,0.2161,0.5566,0.4798,0.6312,0.5566,0.5099,0.4556,0.5671,-0.3374,0,GLOBAL
D4_BGLB_M1,ranking,results/D4_bglb/metric_table.csv,708f0595c3b680e0,variant,432,175,mutated position,,,,one metric,0,complete,D2DCure_aggregate,net_charge,net_charge,seq_only,0,0.0073,-0.1251,0.1294,0.5474,0.4807,0.6145,0.5474,0.4907,0.4293,0.5551,-0.3772,0,REF
D4_BGLB_M1,ranking,results/D4_bglb/metric_table.csv,708f0595c3b680e0,variant,432,175,mutated position,,,,one metric,0,complete,D2DCure_aggregate,net_charge_per_residue,net_charge_per_residue,seq_only,0,0.0073,-0.1251,0.1294,0.5474,0.4807,0.6145,0.5474,0.4978,0.4356,0.5624,-0.3712,0,GLOBAL
D4_BGLB_M1,ranking,results/D4_bglb/metric_table.csv,708f0595c3b680e0,variant,432,175,mutated position,,,,one metric,0,complete,D2DCure_aggregate,propka_catalytic_pka_max,propka_catalytic_pka_max,struct_site,1,0.1416,-0.0454,0.324,0.5434,0.44,0.6471,0.5434,0.7603,0.6847,0.822,-0.0417,0,OK
D4_BGLB_M1,ranking,results/D4_bglb/metric_table.csv,708f0595c3b680e0,variant,432,175,mutated position,,,,one metric,0,complete,D2DCure_aggregate,propka_catalytic_pka_mean,propka_catalytic_pka_mean,struct_site,1,0.0795,-0.0906,0.2438,0.5263,0.4293,0.6244,0.5263,0.759,0.6847,0.82,-0.0431,0,OK
D4_BGLB_M1,ranking,results/D4_bglb/metric_table.csv,708f0595c3b680e0,variant,432,175,mutated position,,,,one metric,0,complete,D2DCure_aggregate,propka_catalytic_pka_min,propka_catalytic_pka_min,struct_site,1,-0.1195,-0.2964,0.0628,0.4315,0.3328,0.5413,0.5685,0.7515,0.6787,0.8105,-0.0501,0,OK
D4_BGLB_M1,ranking,results/D4_bglb/metric_table.csv,708f0595c3b680e0,variant,432,175,mutated position,,,,one metric,0,complete,D2DCure_aggregate,propka_catalytic_pka_range,propka_catalytic_pka_range,struct_site,1,0.107,-0.0914,0.2981,0.5505,0.4376,0.6577,0.5505,0.773,0.701,0.8314,-0.0271,0,OK
D4_BGLB_M1,ranking,results/D4_bglb/metric_table.csv,708f0595c3b680e0,variant,432,175,mutated position,,,,one metric,0,complete,D2DCure_aggregate,propka_catalytic_shift_absmax,propka_catalytic_shift_absmax,struct_site,1,0.1423,-0.0451,0.3249,0.5441,0.4408,0.6475,0.5441,0.7607,0.6853,0.8224,-0.0413,0,OK
D4_BGLB_M1,ranking,results/D4_bglb/metric_table.csv,708f0595c3b680e0,variant,432,175,mutated position,,,,one metric,0,complete,D2DCure_aggregate,propka_catalytic_shift_mean,propka_catalytic_shift_mean,struct_site,1,0.0697,-0.1012,0.2329,0.523,0.4248,0.6203,0.523,0.76,0.6833,0.8227,-0.0428,0,OK
D4_BGLB_M1,ranking,results/D4_bglb/metric_table.csv,708f0595c3b680e0,variant,432,175,mutated position,,,,one metric,0,complete,D2DCure_aggregate,rosetta_cat_fa_atr,rosetta_cat_fa_atr,struct_site,1,0.1214,-0.0644,0.2915,0.5578,0.4536,0.6512,0.5578,0.7584,0.6777,0.8239,-0.042,0,OK
D4_BGLB_M1,ranking,results/D4_bglb/metric_table.csv,708f0595c3b680e0,variant,432,175,mutated position,,,,one metric,0,complete,D2DCure_aggregate,rosetta_cat_fa_dun,rosetta_cat_fa_dun,struct_site,1,0.0577,-0.1414,0.2469,0.5212,0.4233,0.613,0.5212,0.6982,0.6194,0.767,-0.1115,0,OK
D4_BGLB_M1,ranking,results/D4_bglb/metric_table.csv,708f0595c3b680e0,variant,432,175,mutated position,,,,one metric,0,complete,D2DCure_aggregate,rosetta_cat_fa_elec,rosetta_cat_fa_elec,struct_site,1,0.1141,-0.069,0.2951,0.5354,0.4341,0.6388,0.5354,0.7469,0.6665,0.8145,-0.0539,0,OK
D4_BGLB_M1,ranking,results/D4_bglb/metric_table.csv,708f0595c3b680e0,variant,432,175,mutated position,,,,one metric,0,complete,D2DCure_aggregate,rosetta_cat_fa_intra_rep,rosetta_cat_fa_intra_rep,struct_site,1,0.2155,0.0253,0.3746,0.5949,0.5018,0.6774,0.5949,0.7073,0.6275,0.7743,-0.1031,0,OK
D4_BGLB_M1,ranking,results/D4_bglb/metric_table.csv,708f0595c3b680e0,variant,432,175,mutated position,,,,one metric,0,complete,D2DCure_aggregate,rosetta_cat_fa_rep,rosetta_cat_fa_rep,struct_site,1,0.1698,0.0099,0.3099,0.5925,0.5078,0.6724,0.5925,0.7497,0.6719,0.8148,-0.0502,0,OK
D4_BGLB_M1,ranking,results/D4_bglb/metric_table.csv,708f0595c3b680e0,variant,432,175,mutated position,,,,one metric,0,complete,D2DCure_aggregate,rosetta_cat_fa_sol,rosetta_cat_fa_sol,struct_site,1,-0.0766,-0.2479,0.0994,0.4691,0.3759,0.5677,0.5309,0.7373,0.6617,0.8015,-0.0606,0,OK
D4_BGLB_M1,ranking,results/D4_bglb/metric_table.csv,708f0595c3b680e0,variant,432,175,mutated position,,,,one metric,0,complete,D2DCure_aggregate,rosetta_cat_hbond_bb_sc,rosetta_cat_hbond_bb_sc,struct_site,1,-0.0748,-0.1435,-0.0689,0.497,0.4899,0.5,0.503,0.503,0.5,0.5101,-0.3212,0,OK
D4_BGLB_M1,ranking,results/D4_bglb/metric_table.csv,708f0595c3b680e0,variant,432,175,mutated position,,,,one metric,0,complete,D2DCure_aggregate,rosetta_cat_hbond_sc,rosetta_cat_hbond_sc,struct_site,1,0.0908,-0.0895,0.2636,0.5387,0.4536,0.6241,0.5387,0.6424,0.5643,0.717,-0.1856,0,OK
D4_BGLB_M1,ranking,results/D4_bglb/metric_table.csv,708f0595c3b680e0,variant,432,175,mutated position,,,,one metric,0,complete,D2DCure_aggregate,rosetta_cat_lk_ball_wtd,rosetta_cat_lk_ball_wtd,struct_site,1,0.0743,-0.1046,0.2511,0.5392,0.4369,0.6418,0.5392,0.7486,0.6774,0.8093,-0.0508,0,OK
D4_BGLB_M1,ranking,results/D4_bglb/metric_table.csv,708f0595c3b680e0,variant,432,175,mutated position,,,,one metric,0,complete,D2DCure_aggregate,rosetta_cat_p_aa_pp,rosetta_cat_p_aa_pp,struct_site,1,-0.0636,-0.1238,-0.0554,0.497,0.4896,0.5,0.503,0.503,0.5,0.5104,-0.322,0,OK
D4_BGLB_M1,ranking,results/D4_bglb/metric_table.csv,708f0595c3b680e0,variant,432,175,mutated position,,,,one metric,0,complete,D2DCure_aggregate,rosetta_cat_rama_prepro,rosetta_cat_rama_prepro,struct_site,1,-0.0164,-0.1067,0.0507,0.499,0.4884,0.5099,0.501,0.517,0.4979,0.5471,-0.3096,0,OK
D4_BGLB_M1,ranking,results/D4_bglb/metric_table.csv,708f0595c3b680e0,variant,432,175,mutated position,,,,one metric,0,complete,D2DCure_aggregate,rosetta_cat_ref,rosetta_cat_ref,bookkeeping,0,0.0636,0.0554,0.1238,0.503,0.5,0.5104,0.503,0.503,0.5,0.5104,-0.322,0,X-BOOKKEEP
D4_BGLB_M1,ranking,results/D4_bglb/metric_table.csv,708f0595c3b680e0,variant,432,175,mutated position,,,,one metric,0,complete,D2DCure_aggregate,rosetta_cat_total,rosetta_cat_total,struct_site,1,0.1927,0.0428,0.3353,0.6086,0.5178,0.6939,0.6086,0.752,0.6691,0.822,-0.0507,0,OK
D4_BGLB_M1,ranking,results/D4_bglb/metric_table.csv,708f0595c3b680e0,variant,432,175,mutated position,,,,one metric,0,complete,D2DCure_aggregate,rosetta_cat_total_mean,rosetta_cat_total_mean,struct_site,0,0.1927,0.0428,0.3353,0.6086,0.5178,0.6939,0.6086,0.752,0.6691,0.822,-0.0507,0,OK
D4_BGLB_M1,ranking,results/D4_bglb/metric_table.csv,708f0595c3b680e0,variant,432,175,mutated position,,,,one metric,0,complete,D2DCure_aggregate,rosetta_cat_worst_residue,rosetta_cat_worst_residue,struct_site,1,0.1453,-0.016,0.2938,0.5671,0.4703,0.6579,0.5671,0.7456,0.6634,0.8141,-0.0579,0,OK
D4_BGLB_M1,ranking,results/D4_bglb/metric_table.csv,708f0595c3b680e0,variant,432,175,mutated position,,,,one metric,0,complete,D2DCure_aggregate,rosetta_catalytic_vdw_atr,rosetta_cat_fa_atr,struct_site,1,0.1214,-0.0644,0.2915,0.5578,0.4536,0.6512,0.5578,0.7584,0.6777,0.8239,-0.042,0,OK
D4_BGLB_M1,ranking,results/D4_bglb/metric_table.csv,708f0595c3b680e0,variant,432,175,mutated position,,,,one metric,0,complete,D2DCure_aggregate,rosetta_catalytic_vdw_net,rosetta_catalytic_vdw_net,struct_site,1,0.2107,0.0483,0.3576,0.6101,0.5154,0.6965,0.6101,0.7533,0.6696,0.822,-0.0469,0,OK
D4_BGLB_M1,ranking,results/D4_bglb/metric_table.csv,708f0595c3b680e0,variant,432,175,mutated position,,,,one metric,0,complete,D2DCure_aggregate,rosetta_catalytic_vdw_rep,rosetta_cat_fa_rep,struct_site,1,0.1698,0.0099,0.3099,0.5925,0.5078,0.6724,0.5925,0.7497,0.6719,0.8148,-0.0502,0,OK
D4_BGLB_M1,ranking,results/D4_bglb/metric_table.csv,708f0595c3b680e0,variant,432,175,mutated position,,,,one metric,0,complete,D2DCure_aggregate,rosetta_catalytic_vdw_rep_per_res,rosetta_catalytic_vdw_rep_per_res,struct_site,0,0.1698,0.0099,0.3099,0.5925,0.5078,0.6724,0.5925,0.7497,0.6719,0.8148,-0.0502,0,OK
D4_BGLB_M1,ranking,results/D4_bglb/metric_table.csv,708f0595c3b680e0,variant,432,175,mutated position,,,,one metric,0,complete,D2DCure_aggregate,rosetta_fa_atr,rosetta_fa_atr,struct_whole,0,0.1952,0.0535,0.3283,0.5752,0.495,0.6501,0.5752,0.5879,0.5175,0.6558,-0.2503,0,GLOBAL
D4_BGLB_M1,ranking,results/D4_bglb/metric_table.csv,708f0595c3b680e0,variant,432,175,mutated position,,,,one metric,0,complete,D2DCure_aggregate,rosetta_fa_dun,rosetta_fa_dun,struct_whole,0,-0.005,-0.0993,0.0856,0.5237,0.4673,0.5799,0.5237,0.5374,0.4847,0.5898,-0.3077,0,GLOBAL
D4_BGLB_M1,ranking,results/D4_bglb/metric_table.csv,708f0595c3b680e0,variant,432,175,mutated position,,,,one metric,0,complete,D2DCure_aggregate,rosetta_fa_elec,rosetta_fa_elec,struct_whole,0,0.1119,-0.0376,0.2675,0.5465,0.4588,0.6369,0.5465,0.529,0.4529,0.6077,-0.3423,0,GLOBAL
D4_BGLB_M1,ranking,results/D4_bglb/metric_table.csv,708f0595c3b680e0,variant,432,175,mutated position,,,,one metric,0,complete,D2DCure_aggregate,rosetta_fa_intra_rep,rosetta_fa_intra_rep,struct_whole,0,-0.0336,-0.1272,0.0635,0.5119,0.4571,0.5669,0.5119,0.5325,0.4724,0.5905,-0.3133,0,GLOBAL
D4_BGLB_M1,ranking,results/D4_bglb/metric_table.csv,708f0595c3b680e0,variant,432,175,mutated position,,,,one metric,0,complete,D2DCure_aggregate,rosetta_fa_rep,rosetta_fa_rep,struct_whole,0,0.0688,-0.0563,0.1955,0.5628,0.4932,0.633,0.5628,0.5935,0.5211,0.6619,-0.253,0,GLOBAL
D4_BGLB_M1,ranking,results/D4_bglb/metric_table.csv,708f0595c3b680e0,variant,432,175,mutated position,,,,one metric,0,complete,D2DCure_aggregate,rosetta_fa_sol,rosetta_fa_sol,struct_whole,0,-0.1457,-0.2622,-0.0232,0.4305,0.3666,0.5013,0.5695,0.5622,0.4983,0.6243,-0.2777,0,GLOBAL
D4_BGLB_M1,ranking,results/D4_bglb/metric_table.csv,708f0595c3b680e0,variant,432,175,mutated position,,,,one metric,0,complete,D2DCure_aggregate,rosetta_hbond_bb_sc,rosetta_hbond_bb_sc,struct_whole,0,0.0598,-0.0901,0.2086,0.5193,0.4328,0.604,0.5193,0.6381,0.5718,0.7052,-0.2068,0,GLOBAL
D4_BGLB_M1,ranking,results/D4_bglb/metric_table.csv,708f0595c3b680e0,variant,432,175,mutated position,,,,one metric,0,complete,D2DCure_aggregate,rosetta_hbond_sc,rosetta_hbond_sc,struct_whole,0,0.0482,-0.0913,0.1994,0.5274,0.4414,0.6225,0.5274,0.5861,0.5166,0.6545,-0.2609,0,GLOBAL
D4_BGLB_M1,ranking,results/D4_bglb/metric_table.csv,708f0595c3b680e0,variant,432,175,mutated position,,,,one metric,0,complete,D2DCure_aggregate,rosetta_lk_ball_wtd,rosetta_lk_ball_wtd,struct_whole,0,0.0235,-0.105,0.1483,0.4951,0.4171,0.5731,0.5049,0.5256,0.4539,0.5934,-0.3189,0,GLOBAL
D4_BGLB_M1,ranking,results/D4_bglb/metric_table.csv,708f0595c3b680e0,variant,432,175,mutated position,,,,one metric,0,complete,D2DCure_aggregate,rosetta_omega,rosetta_omega,struct_whole,0,-0.1125,-0.2236,0.002,0.4488,0.4011,0.4936,0.5512,0.4662,0.4183,0.5129,-0.3772,0,GLOBAL
D4_BGLB_M1,ranking,results/D4_bglb/metric_table.csv,708f0595c3b680e0,variant,432,175,mutated position,,,,one metric,0,complete,D2DCure_aggregate,rosetta_p_aa_pp,rosetta_p_aa_pp,struct_whole,0,0.0997,-0.016,0.2174,0.5349,0.464,0.6059,0.5349,0.5132,0.4468,0.5787,-0.3276,0,GLOBAL
D4_BGLB_M1,ranking,results/D4_bglb/metric_table.csv,708f0595c3b680e0,variant,432,175,mutated position,,,,one metric,0,complete,D2DCure_aggregate,rosetta_rama_prepro,rosetta_rama_prepro,struct_whole,0,0.0781,-0.091,0.2401,0.5264,0.437,0.6195,0.5264,0.568,0.4877,0.6457,-0.2839,0,GLOBAL
D4_BGLB_M1,ranking,results/D4_bglb/metric_table.csv,708f0595c3b680e0,variant,432,175,mutated position,,,,one metric,0,complete,D2DCure_aggregate,rosetta_ref,rosetta_ref,bookkeeping,0,0.017,-0.1357,0.162,0.5263,0.4383,0.609,0.5263,0.5454,0.4868,0.6065,-0.301,0,X-BOOKKEEP
D4_BGLB_M1,ranking,results/D4_bglb/metric_table.csv,708f0595c3b680e0,variant,432,175,mutated position,,,,one metric,0,complete,D2DCure_aggregate,rosetta_score_per_residue,rosetta_score_per_residue,struct_whole,0,0.0356,-0.0711,0.143,0.5394,0.4782,0.6005,0.5394,0.5604,0.4999,0.6181,-0.2838,0,GLOBAL
D4_BGLB_M1,ranking,results/D4_bglb/metric_table.csv,708f0595c3b680e0,variant,432,175,mutated position,,,,one metric,0,complete,D2DCure_aggregate,rosetta_total_score,rosetta_total_score,struct_whole,0,0.0356,-0.0711,0.143,0.5394,0.4782,0.6005,0.5394,0.5604,0.4999,0.6181,-0.2838,0,GLOBAL
D4_BGLB_M1,ranking,results/D4_bglb/metric_table.csv,708f0595c3b680e0,variant,432,175,mutated position,,,,one metric,0,complete,D2DCure_aggregate,total_sasa,total_sasa,struct_whole,0,0.2128,0.0581,0.3551,0.6182,0.5236,0.7028,0.6182,0.6004,0.5152,0.6791,-0.2718,0,GLOBAL
