test_id,claim_type,source_artifacts,source_sha256,unit,n_units,n_clusters,cluster_def,k,N,k_of_N,denominator_def,headline_ok,status,licence_flag,metric,canonical_key,input_class,in_main_set,direction,keep_fraction,n_kept,n_active_kept,n_active_total,expected_hits_per_plate,hits_lo90,hits_hi90,baseline_hits_per_plate,enrichment_vs_baseline,status_a3
P6_PLATES_M3,enrichment,results/P6_m3/enrichment.csv,30afc35a8b46c9c1,design,192,192,design,3,16,3 of 16,actives kept of 16,0,complete,public,chai_plddt_mean,chai_plddt,pred_global,0,high,0.05,10,3,16,28.8,0.0,48.0,8.0,3.6,REF
P6_PLATES_M3,enrichment,results/P6_m3/enrichment.csv,30afc35a8b46c9c1,design,192,192,design,5,16,5 of 16,actives kept of 16,0,complete,public,chai_plddt_mean,chai_plddt,pred_global,0,high,0.1,19,5,16,25.26,10.11,40.42,8.0,3.16,REF
P6_PLATES_M3,enrichment,results/P6_m3/enrichment.csv,30afc35a8b46c9c1,design,192,192,design,8,16,8 of 16,actives kept of 16,0,complete,public,chai_plddt_mean,chai_plddt,pred_global,0,high,0.25,48,8,16,16.0,8.0,24.0,8.0,2.0,REF
P6_PLATES_M3,enrichment,results/P6_m3/enrichment.csv,30afc35a8b46c9c1,design,192,192,design,14,16,14 of 16,actives kept of 16,0,complete,public,chai_plddt_mean,chai_plddt,pred_global,0,high,0.5,96,14,16,14.0,8.0,20.0,8.0,1.75,REF
P6_PLATES_M3,enrichment,results/P6_m3/enrichment.csv,30afc35a8b46c9c1,design,192,192,design,1,16,1 of 16,actives kept of 16,0,complete,public,chai_plddt_mean,chai_plddt,pred_global,0,low,0.05,10,1,16,9.6,0.0,19.2,8.0,1.2,REF
P6_PLATES_M3,enrichment,results/P6_m3/enrichment.csv,30afc35a8b46c9c1,design,192,192,design,1,16,1 of 16,actives kept of 16,0,complete,public,chai_plddt_mean,chai_plddt,pred_global,0,low,0.1,19,1,16,5.05,0.0,15.16,8.0,0.63,REF
P6_PLATES_M3,enrichment,results/P6_m3/enrichment.csv,30afc35a8b46c9c1,design,192,192,design,1,16,1 of 16,actives kept of 16,0,complete,public,chai_plddt_mean,chai_plddt,pred_global,0,low,0.25,48,1,16,2.0,0.0,6.0,8.0,0.25,REF
P6_PLATES_M3,enrichment,results/P6_m3/enrichment.csv,30afc35a8b46c9c1,design,192,192,design,2,16,2 of 16,actives kept of 16,0,complete,public,chai_plddt_mean,chai_plddt,pred_global,0,low,0.5,96,2,16,2.0,0.0,6.0,8.0,0.25,REF
P6_PLATES_M3,enrichment,results/P6_m3/enrichment.csv,30afc35a8b46c9c1,design,192,192,design,1,16,1 of 16,actives kept of 16,0,complete,public,chai_ptm_mean,chai_ptm,pred_global,0,high,0.05,10,1,16,9.6,0.0,19.2,8.0,1.2,REF
P6_PLATES_M3,enrichment,results/P6_m3/enrichment.csv,30afc35a8b46c9c1,design,192,192,design,1,16,1 of 16,actives kept of 16,0,complete,public,chai_ptm_mean,chai_ptm,pred_global,0,high,0.1,19,1,16,5.05,0.0,20.21,8.0,0.63,REF
P6_PLATES_M3,enrichment,results/P6_m3/enrichment.csv,30afc35a8b46c9c1,design,192,192,design,9,16,9 of 16,actives kept of 16,0,complete,public,chai_ptm_mean,chai_ptm,pred_global,0,high,0.25,48,9,16,18.0,10.0,28.0,8.0,2.25,REF
P6_PLATES_M3,enrichment,results/P6_m3/enrichment.csv,30afc35a8b46c9c1,design,192,192,design,14,16,14 of 16,actives kept of 16,0,complete,public,chai_ptm_mean,chai_ptm,pred_global,0,high,0.5,96,14,16,14.0,8.0,20.0,8.0,1.75,REF
P6_PLATES_M3,enrichment,results/P6_m3/enrichment.csv,30afc35a8b46c9c1,design,192,192,design,1,16,1 of 16,actives kept of 16,0,complete,public,chai_ptm_mean,chai_ptm,pred_global,0,low,0.05,10,1,16,9.6,0.0,28.8,8.0,1.2,REF
P6_PLATES_M3,enrichment,results/P6_m3/enrichment.csv,30afc35a8b46c9c1,design,192,192,design,1,16,1 of 16,actives kept of 16,0,complete,public,chai_ptm_mean,chai_ptm,pred_global,0,low,0.1,19,1,16,5.05,0.0,15.16,8.0,0.63,REF
P6_PLATES_M3,enrichment,results/P6_m3/enrichment.csv,30afc35a8b46c9c1,design,192,192,design,1,16,1 of 16,actives kept of 16,0,complete,public,chai_ptm_mean,chai_ptm,pred_global,0,low,0.25,48,1,16,2.0,0.0,6.0,8.0,0.25,REF
P6_PLATES_M3,enrichment,results/P6_m3/enrichment.csv,30afc35a8b46c9c1,design,192,192,design,2,16,2 of 16,actives kept of 16,0,complete,public,chai_ptm_mean,chai_ptm,pred_global,0,low,0.5,96,2,16,2.0,0.0,5.0,8.0,0.25,REF
P6_PLATES_M3,enrichment,results/P6_m3/enrichment.csv,30afc35a8b46c9c1,design,192,192,design,1,16,1 of 16,actives kept of 16,0,complete,public,frac_Y,frac_Y,seq_only,0,high,0.05,10,1,16,9.6,0.0,28.8,8.0,1.2,X-ARM
P6_PLATES_M3,enrichment,results/P6_m3/enrichment.csv,30afc35a8b46c9c1,design,192,192,design,2,16,2 of 16,actives kept of 16,0,complete,public,frac_Y,frac_Y,seq_only,0,high,0.1,19,2,16,10.11,0.0,25.26,8.0,1.26,X-ARM
P6_PLATES_M3,enrichment,results/P6_m3/enrichment.csv,30afc35a8b46c9c1,design,192,192,design,12,16,12 of 16,actives kept of 16,0,complete,public,frac_Y,frac_Y,seq_only,0,high,0.25,48,12,16,24.0,14.0,34.0,8.0,3.0,X-ARM
P6_PLATES_M3,enrichment,results/P6_m3/enrichment.csv,30afc35a8b46c9c1,design,192,192,design,13,16,13 of 16,actives kept of 16,0,complete,public,frac_Y,frac_Y,seq_only,0,high,0.5,96,13,16,13.0,8.0,19.0,8.0,1.62,X-ARM
P6_PLATES_M3,enrichment,results/P6_m3/enrichment.csv,30afc35a8b46c9c1,design,192,192,design,0,16,0 of 16,actives kept of 16,0,complete,public,frac_Y,frac_Y,seq_only,0,low,0.05,10,0,16,0.0,0.0,0.0,8.0,0.0,X-ARM
P6_PLATES_M3,enrichment,results/P6_m3/enrichment.csv,30afc35a8b46c9c1,design,192,192,design,0,16,0 of 16,actives kept of 16,0,complete,public,frac_Y,frac_Y,seq_only,0,low,0.1,19,0,16,0.0,0.0,5.05,8.0,0.0,X-ARM
P6_PLATES_M3,enrichment,results/P6_m3/enrichment.csv,30afc35a8b46c9c1,design,192,192,design,1,16,1 of 16,actives kept of 16,0,complete,public,frac_Y,frac_Y,seq_only,0,low,0.25,48,1,16,2.0,0.0,6.0,8.0,0.25,X-ARM
P6_PLATES_M3,enrichment,results/P6_m3/enrichment.csv,30afc35a8b46c9c1,design,192,192,design,3,16,3 of 16,actives kept of 16,0,complete,public,frac_Y,frac_Y,seq_only,0,low,0.5,96,3,16,3.0,1.0,6.0,8.0,0.38,X-ARM
P6_PLATES_M3,enrichment,results/P6_m3/enrichment.csv,30afc35a8b46c9c1,design,192,192,design,0,16,0 of 16,actives kept of 16,0,complete,public,net_charge,net_charge,seq_only,0,high,0.05,10,0,16,0.0,0.0,19.2,8.0,0.0,X-ARM
P6_PLATES_M3,enrichment,results/P6_m3/enrichment.csv,30afc35a8b46c9c1,design,192,192,design,3,16,3 of 16,actives kept of 16,0,complete,public,net_charge,net_charge,seq_only,0,high,0.1,19,3,16,15.16,0.0,25.26,8.0,1.89,X-ARM
P6_PLATES_M3,enrichment,results/P6_m3/enrichment.csv,30afc35a8b46c9c1,design,192,192,design,8,16,8 of 16,actives kept of 16,0,complete,public,net_charge,net_charge,seq_only,0,high,0.25,48,8,16,16.0,8.0,24.0,8.0,2.0,X-ARM
P6_PLATES_M3,enrichment,results/P6_m3/enrichment.csv,30afc35a8b46c9c1,design,192,192,design,9,16,9 of 16,actives kept of 16,0,complete,public,net_charge,net_charge,seq_only,0,high,0.5,96,9,16,9.0,5.0,14.0,8.0,1.12,X-ARM
P6_PLATES_M3,enrichment,results/P6_m3/enrichment.csv,30afc35a8b46c9c1,design,192,192,design,0,16,0 of 16,actives kept of 16,0,complete,public,net_charge,net_charge,seq_only,0,low,0.05,10,0,16,0.0,0.0,0.0,8.0,0.0,X-ARM
P6_PLATES_M3,enrichment,results/P6_m3/enrichment.csv,30afc35a8b46c9c1,design,192,192,design,0,16,0 of 16,actives kept of 16,0,complete,public,net_charge,net_charge,seq_only,0,low,0.1,19,0,16,0.0,0.0,15.16,8.0,0.0,X-ARM
P6_PLATES_M3,enrichment,results/P6_m3/enrichment.csv,30afc35a8b46c9c1,design,192,192,design,6,16,6 of 16,actives kept of 16,0,complete,public,net_charge,net_charge,seq_only,0,low,0.25,48,6,16,12.0,4.0,18.0,8.0,1.5,X-ARM
P6_PLATES_M3,enrichment,results/P6_m3/enrichment.csv,30afc35a8b46c9c1,design,192,192,design,7,16,7 of 16,actives kept of 16,0,complete,public,net_charge,net_charge,seq_only,0,low,0.5,96,7,16,7.0,3.0,12.0,8.0,0.88,X-ARM
P6_PLATES_M3,enrichment,results/P6_m3/enrichment.csv,30afc35a8b46c9c1,design,192,192,design,0,16,0 of 16,actives kept of 16,0,complete,public,seq_length,seq_length,seq_only,0,high,0.05,10,0,16,0.0,0.0,0.0,8.0,0.0,X-ARM
P6_PLATES_M3,enrichment,results/P6_m3/enrichment.csv,30afc35a8b46c9c1,design,192,192,design,0,16,0 of 16,actives kept of 16,0,complete,public,seq_length,seq_length,seq_only,0,high,0.1,19,0,16,0.0,0.0,0.0,8.0,0.0,X-ARM
P6_PLATES_M3,enrichment,results/P6_m3/enrichment.csv,30afc35a8b46c9c1,design,192,192,design,0,16,0 of 16,actives kept of 16,0,complete,public,seq_length,seq_length,seq_only,0,high,0.25,48,0,16,0.0,0.0,4.0,8.0,0.0,X-ARM
P6_PLATES_M3,enrichment,results/P6_m3/enrichment.csv,30afc35a8b46c9c1,design,192,192,design,3,16,3 of 16,actives kept of 16,0,complete,public,seq_length,seq_length,seq_only,0,high,0.5,96,3,16,3.0,1.0,9.0,8.0,0.38,X-ARM
P6_PLATES_M3,enrichment,results/P6_m3/enrichment.csv,30afc35a8b46c9c1,design,192,192,design,2,16,2 of 16,actives kept of 16,0,complete,public,seq_length,seq_length,seq_only,0,low,0.05,10,2,16,19.2,0.0,48.0,8.0,2.4,X-ARM
P6_PLATES_M3,enrichment,results/P6_m3/enrichment.csv,30afc35a8b46c9c1,design,192,192,design,5,16,5 of 16,actives kept of 16,0,complete,public,seq_length,seq_length,seq_only,0,low,0.1,19,5,16,25.26,10.11,40.42,8.0,3.16,X-ARM
P6_PLATES_M3,enrichment,results/P6_m3/enrichment.csv,30afc35a8b46c9c1,design,192,192,design,6,16,6 of 16,actives kept of 16,0,complete,public,seq_length,seq_length,seq_only,0,low,0.25,48,6,16,12.0,4.0,20.0,8.0,1.5,X-ARM
P6_PLATES_M3,enrichment,results/P6_m3/enrichment.csv,30afc35a8b46c9c1,design,192,192,design,12,16,12 of 16,actives kept of 16,0,complete,public,seq_length,seq_length,seq_only,0,low,0.5,96,12,16,12.0,7.0,18.0,8.0,1.5,X-ARM
P6_PLATES_M3,enrichment,results/P6_m3/enrichment.csv,30afc35a8b46c9c1,design,192,192,design,0,16,0 of 16,actives kept of 16,0,complete,public,ame_self_clash_max,ame_self_clash_max,pred_interface,0,high,0.05,10,0,16,0.0,0.0,9.6,8.0,0.0,OK
P6_PLATES_M3,enrichment,results/P6_m3/enrichment.csv,30afc35a8b46c9c1,design,192,192,design,1,16,1 of 16,actives kept of 16,0,complete,public,ame_self_clash_max,ame_self_clash_max,pred_interface,0,high,0.1,19,1,16,5.05,0.0,15.16,8.0,0.63,OK
P6_PLATES_M3,enrichment,results/P6_m3/enrichment.csv,30afc35a8b46c9c1,design,192,192,design,5,16,5 of 16,actives kept of 16,0,complete,public,ame_self_clash_max,ame_self_clash_max,pred_interface,0,high,0.25,48,5,16,10.0,4.0,20.0,8.0,1.25,OK
P6_PLATES_M3,enrichment,results/P6_m3/enrichment.csv,30afc35a8b46c9c1,design,192,192,design,12,16,12 of 16,actives kept of 16,0,complete,public,ame_self_clash_max,ame_self_clash_max,pred_interface,0,high,0.5,96,12,16,12.0,7.0,17.0,8.0,1.5,OK
P6_PLATES_M3,enrichment,results/P6_m3/enrichment.csv,30afc35a8b46c9c1,design,192,192,design,0,16,0 of 16,actives kept of 16,0,complete,public,ame_self_clash_max,ame_self_clash_max,pred_interface,0,low,0.05,10,0,16,0.0,0.0,0.0,8.0,0.0,OK
P6_PLATES_M3,enrichment,results/P6_m3/enrichment.csv,30afc35a8b46c9c1,design,192,192,design,0,16,0 of 16,actives kept of 16,0,complete,public,ame_self_clash_max,ame_self_clash_max,pred_interface,0,low,0.1,19,0,16,0.0,0.0,0.0,8.0,0.0,OK
P6_PLATES_M3,enrichment,results/P6_m3/enrichment.csv,30afc35a8b46c9c1,design,192,192,design,1,16,1 of 16,actives kept of 16,0,complete,public,ame_self_clash_max,ame_self_clash_max,pred_interface,0,low,0.25,48,1,16,2.0,0.0,6.0,8.0,0.25,OK
P6_PLATES_M3,enrichment,results/P6_m3/enrichment.csv,30afc35a8b46c9c1,design,192,192,design,4,16,4 of 16,actives kept of 16,0,complete,public,ame_self_clash_max,ame_self_clash_max,pred_interface,0,low,0.5,96,4,16,4.0,1.0,8.0,8.0,0.5,OK
P6_PLATES_M3,enrichment,results/P6_m3/enrichment.csv,30afc35a8b46c9c1,design,192,192,design,0,16,0 of 16,actives kept of 16,0,complete,public,ame_self_pass,ame_self_pass,ame,0,high,0.05,10,0,16,0.0,0.0,19.2,8.0,0.0,OK
P6_PLATES_M3,enrichment,results/P6_m3/enrichment.csv,30afc35a8b46c9c1,design,192,192,design,1,16,1 of 16,actives kept of 16,0,complete,public,ame_self_pass,ame_self_pass,ame,0,high,0.1,19,1,16,5.05,0.0,20.21,8.0,0.63,OK
P6_PLATES_M3,enrichment,results/P6_m3/enrichment.csv,30afc35a8b46c9c1,design,192,192,design,2,16,2 of 16,actives kept of 16,0,complete,public,ame_self_pass,ame_self_pass,ame,0,high,0.25,48,2,16,4.0,4.0,16.0,8.0,0.5,OK
P6_PLATES_M3,enrichment,results/P6_m3/enrichment.csv,30afc35a8b46c9c1,design,192,192,design,5,16,5 of 16,actives kept of 16,0,complete,public,ame_self_pass,ame_self_pass,ame,0,high,0.5,96,5,16,5.0,5.0,14.0,8.0,0.63,OK
P6_PLATES_M3,enrichment,results/P6_m3/enrichment.csv,30afc35a8b46c9c1,design,192,192,design,1,16,1 of 16,actives kept of 16,0,complete,public,ame_self_pass,ame_self_pass,ame,0,low,0.05,10,1,16,9.6,0.0,19.2,8.0,1.2,OK
P6_PLATES_M3,enrichment,results/P6_m3/enrichment.csv,30afc35a8b46c9c1,design,192,192,design,2,16,2 of 16,actives kept of 16,0,complete,public,ame_self_pass,ame_self_pass,ame,0,low,0.1,19,2,16,10.11,0.0,15.16,8.0,1.26,OK
P6_PLATES_M3,enrichment,results/P6_m3/enrichment.csv,30afc35a8b46c9c1,design,192,192,design,3,16,3 of 16,actives kept of 16,0,complete,public,ame_self_pass,ame_self_pass,ame,0,low,0.25,48,3,16,6.0,0.0,10.0,8.0,0.75,OK
P6_PLATES_M3,enrichment,results/P6_m3/enrichment.csv,30afc35a8b46c9c1,design,192,192,design,4,16,4 of 16,actives kept of 16,0,complete,public,ame_self_pass,ame_self_pass,ame,0,low,0.5,96,4,16,4.0,3.0,11.0,8.0,0.5,OK
P6_PLATES_M3,enrichment,results/P6_m3/enrichment.csv,30afc35a8b46c9c1,design,192,192,design,0,16,0 of 16,actives kept of 16,0,complete,public,ame_self_rmsd_max,ame_self_rmsd,ame,0,high,0.05,10,0,16,0.0,0.0,0.0,8.0,0.0,OK
P6_PLATES_M3,enrichment,results/P6_m3/enrichment.csv,30afc35a8b46c9c1,design,192,192,design,0,16,0 of 16,actives kept of 16,0,complete,public,ame_self_rmsd_max,ame_self_rmsd,ame,0,high,0.1,19,0,16,0.0,0.0,0.0,8.0,0.0,OK
P6_PLATES_M3,enrichment,results/P6_m3/enrichment.csv,30afc35a8b46c9c1,design,192,192,design,3,16,3 of 16,actives kept of 16,0,complete,public,ame_self_rmsd_max,ame_self_rmsd,ame,0,high,0.25,48,3,16,6.0,2.0,12.0,8.0,0.75,OK
P6_PLATES_M3,enrichment,results/P6_m3/enrichment.csv,30afc35a8b46c9c1,design,192,192,design,6,16,6 of 16,actives kept of 16,0,complete,public,ame_self_rmsd_max,ame_self_rmsd,ame,0,high,0.5,96,6,16,6.0,2.0,10.0,8.0,0.75,OK
P6_PLATES_M3,enrichment,results/P6_m3/enrichment.csv,30afc35a8b46c9c1,design,192,192,design,3,16,3 of 16,actives kept of 16,0,complete,public,ame_self_rmsd_max,ame_self_rmsd,ame,0,low,0.05,10,3,16,28.8,0.0,48.0,8.0,3.6,OK
P6_PLATES_M3,enrichment,results/P6_m3/enrichment.csv,30afc35a8b46c9c1,design,192,192,design,5,16,5 of 16,actives kept of 16,0,complete,public,ame_self_rmsd_max,ame_self_rmsd,ame,0,low,0.1,19,5,16,25.26,10.11,45.47,8.0,3.16,OK
P6_PLATES_M3,enrichment,results/P6_m3/enrichment.csv,30afc35a8b46c9c1,design,192,192,design,10,16,10 of 16,actives kept of 16,0,complete,public,ame_self_rmsd_max,ame_self_rmsd,ame,0,low,0.25,48,10,16,20.0,10.0,30.0,8.0,2.5,OK
P6_PLATES_M3,enrichment,results/P6_m3/enrichment.csv,30afc35a8b46c9c1,design,192,192,design,10,16,10 of 16,actives kept of 16,0,complete,public,ame_self_rmsd_max,ame_self_rmsd,ame,0,low,0.5,96,10,16,10.0,6.0,15.05,8.0,1.25,OK
P6_PLATES_M3,enrichment,results/P6_m3/enrichment.csv,30afc35a8b46c9c1,design,192,192,design,0,16,0 of 16,actives kept of 16,0,complete,public,ame_self_rmsd_mean,ame_self_rmsd,ame,0,high,0.05,10,0,16,0.0,0.0,0.0,8.0,0.0,OK
P6_PLATES_M3,enrichment,results/P6_m3/enrichment.csv,30afc35a8b46c9c1,design,192,192,design,0,16,0 of 16,actives kept of 16,0,complete,public,ame_self_rmsd_mean,ame_self_rmsd,ame,0,high,0.1,19,0,16,0.0,0.0,5.05,8.0,0.0,OK
P6_PLATES_M3,enrichment,results/P6_m3/enrichment.csv,30afc35a8b46c9c1,design,192,192,design,3,16,3 of 16,actives kept of 16,0,complete,public,ame_self_rmsd_mean,ame_self_rmsd,ame,0,high,0.25,48,3,16,6.0,0.0,12.0,8.0,0.75,OK
P6_PLATES_M3,enrichment,results/P6_m3/enrichment.csv,30afc35a8b46c9c1,design,192,192,design,5,16,5 of 16,actives kept of 16,0,complete,public,ame_self_rmsd_mean,ame_self_rmsd,ame,0,high,0.5,96,5,16,5.0,2.0,9.0,8.0,0.63,OK
P6_PLATES_M3,enrichment,results/P6_m3/enrichment.csv,30afc35a8b46c9c1,design,192,192,design,2,16,2 of 16,actives kept of 16,0,complete,public,ame_self_rmsd_mean,ame_self_rmsd,ame,0,low,0.05,10,2,16,19.2,0.0,48.0,8.0,2.4,OK
P6_PLATES_M3,enrichment,results/P6_m3/enrichment.csv,30afc35a8b46c9c1,design,192,192,design,5,16,5 of 16,actives kept of 16,0,complete,public,ame_self_rmsd_mean,ame_self_rmsd,ame,0,low,0.1,19,5,16,25.26,10.11,45.47,8.0,3.16,OK
P6_PLATES_M3,enrichment,results/P6_m3/enrichment.csv,30afc35a8b46c9c1,design,192,192,design,10,16,10 of 16,actives kept of 16,0,complete,public,ame_self_rmsd_mean,ame_self_rmsd,ame,0,low,0.25,48,10,16,20.0,10.0,30.0,8.0,2.5,OK
P6_PLATES_M3,enrichment,results/P6_m3/enrichment.csv,30afc35a8b46c9c1,design,192,192,design,11,16,11 of 16,actives kept of 16,0,complete,public,ame_self_rmsd_mean,ame_self_rmsd,ame,0,low,0.5,96,11,16,11.0,6.0,16.0,8.0,1.38,OK
P6_PLATES_M3,enrichment,results/P6_m3/enrichment.csv,30afc35a8b46c9c1,design,192,192,design,0,16,0 of 16,actives kept of 16,0,complete,public,ame_self_rmsd_min,ame_self_rmsd,ame,0,high,0.05,10,0,16,0.0,0.0,9.6,8.0,0.0,OK
P6_PLATES_M3,enrichment,results/P6_m3/enrichment.csv,30afc35a8b46c9c1,design,192,192,design,1,16,1 of 16,actives kept of 16,0,complete,public,ame_self_rmsd_min,ame_self_rmsd,ame,0,high,0.1,19,1,16,5.05,0.0,15.16,8.0,0.63,OK
P6_PLATES_M3,enrichment,results/P6_m3/enrichment.csv,30afc35a8b46c9c1,design,192,192,design,3,16,3 of 16,actives kept of 16,0,complete,public,ame_self_rmsd_min,ame_self_rmsd,ame,0,high,0.25,48,3,16,6.0,0.0,12.0,8.0,0.75,OK
P6_PLATES_M3,enrichment,results/P6_m3/enrichment.csv,30afc35a8b46c9c1,design,192,192,design,5,16,5 of 16,actives kept of 16,0,complete,public,ame_self_rmsd_min,ame_self_rmsd,ame,0,high,0.5,96,5,16,5.0,2.0,9.0,8.0,0.63,OK
P6_PLATES_M3,enrichment,results/P6_m3/enrichment.csv,30afc35a8b46c9c1,design,192,192,design,2,16,2 of 16,actives kept of 16,0,complete,public,ame_self_rmsd_min,ame_self_rmsd,ame,0,low,0.05,10,2,16,19.2,0.0,38.4,8.0,2.4,OK
P6_PLATES_M3,enrichment,results/P6_m3/enrichment.csv,30afc35a8b46c9c1,design,192,192,design,4,16,4 of 16,actives kept of 16,0,complete,public,ame_self_rmsd_min,ame_self_rmsd,ame,0,low,0.1,19,4,16,20.21,10.11,40.42,8.0,2.53,OK
P6_PLATES_M3,enrichment,results/P6_m3/enrichment.csv,30afc35a8b46c9c1,design,192,192,design,10,16,10 of 16,actives kept of 16,0,complete,public,ame_self_rmsd_min,ame_self_rmsd,ame,0,low,0.25,48,10,16,20.0,10.0,28.0,8.0,2.5,OK
P6_PLATES_M3,enrichment,results/P6_m3/enrichment.csv,30afc35a8b46c9c1,design,192,192,design,11,16,11 of 16,actives kept of 16,0,complete,public,ame_self_rmsd_min,ame_self_rmsd,ame,0,low,0.5,96,11,16,11.0,6.0,16.0,8.0,1.38,OK
P6_PLATES_M3,enrichment,results/P6_m3/enrichment.csv,30afc35a8b46c9c1,design,192,192,design,0,16,0 of 16,actives kept of 16,0,complete,public,ame_self_rmsd_naive_min,ame_self_rmsd,ame,0,high,0.05,10,0,16,0.0,0.0,9.6,8.0,0.0,OK
P6_PLATES_M3,enrichment,results/P6_m3/enrichment.csv,30afc35a8b46c9c1,design,192,192,design,1,16,1 of 16,actives kept of 16,0,complete,public,ame_self_rmsd_naive_min,ame_self_rmsd,ame,0,high,0.1,19,1,16,5.05,0.0,15.16,8.0,0.63,OK
P6_PLATES_M3,enrichment,results/P6_m3/enrichment.csv,30afc35a8b46c9c1,design,192,192,design,3,16,3 of 16,actives kept of 16,0,complete,public,ame_self_rmsd_naive_min,ame_self_rmsd,ame,0,high,0.25,48,3,16,6.0,0.0,12.0,8.0,0.75,OK
P6_PLATES_M3,enrichment,results/P6_m3/enrichment.csv,30afc35a8b46c9c1,design,192,192,design,5,16,5 of 16,actives kept of 16,0,complete,public,ame_self_rmsd_naive_min,ame_self_rmsd,ame,0,high,0.5,96,5,16,5.0,2.0,9.0,8.0,0.63,OK
P6_PLATES_M3,enrichment,results/P6_m3/enrichment.csv,30afc35a8b46c9c1,design,192,192,design,2,16,2 of 16,actives kept of 16,0,complete,public,ame_self_rmsd_naive_min,ame_self_rmsd,ame,0,low,0.05,10,2,16,19.2,0.0,38.4,8.0,2.4,OK
P6_PLATES_M3,enrichment,results/P6_m3/enrichment.csv,30afc35a8b46c9c1,design,192,192,design,4,16,4 of 16,actives kept of 16,0,complete,public,ame_self_rmsd_naive_min,ame_self_rmsd,ame,0,low,0.1,19,4,16,20.21,10.11,40.42,8.0,2.53,OK
P6_PLATES_M3,enrichment,results/P6_m3/enrichment.csv,30afc35a8b46c9c1,design,192,192,design,10,16,10 of 16,actives kept of 16,0,complete,public,ame_self_rmsd_naive_min,ame_self_rmsd,ame,0,low,0.25,48,10,16,20.0,10.0,28.0,8.0,2.5,OK
P6_PLATES_M3,enrichment,results/P6_m3/enrichment.csv,30afc35a8b46c9c1,design,192,192,design,11,16,11 of 16,actives kept of 16,0,complete,public,ame_self_rmsd_naive_min,ame_self_rmsd,ame,0,low,0.5,96,11,16,11.0,6.0,16.0,8.0,1.38,OK
P6_PLATES_M3,enrichment,results/P6_m3/enrichment.csv,30afc35a8b46c9c1,design,192,192,design,0,16,0 of 16,actives kept of 16,0,complete,public,ame_self_rmsd_std,ame_self_rmsd,ame,0,high,0.05,10,0,16,0.0,0.0,0.0,8.0,0.0,OK
P6_PLATES_M3,enrichment,results/P6_m3/enrichment.csv,30afc35a8b46c9c1,design,192,192,design,0,16,0 of 16,actives kept of 16,0,complete,public,ame_self_rmsd_std,ame_self_rmsd,ame,0,high,0.1,19,0,16,0.0,0.0,5.05,8.0,0.0,OK
P6_PLATES_M3,enrichment,results/P6_m3/enrichment.csv,30afc35a8b46c9c1,design,192,192,design,3,16,3 of 16,actives kept of 16,0,complete,public,ame_self_rmsd_std,ame_self_rmsd,ame,0,high,0.25,48,3,16,6.0,0.0,10.0,8.0,0.75,OK
P6_PLATES_M3,enrichment,results/P6_m3/enrichment.csv,30afc35a8b46c9c1,design,192,192,design,4,16,4 of 16,actives kept of 16,0,complete,public,ame_self_rmsd_std,ame_self_rmsd,ame,0,high,0.5,96,4,16,4.0,1.0,8.0,8.0,0.5,OK
P6_PLATES_M3,enrichment,results/P6_m3/enrichment.csv,30afc35a8b46c9c1,design,192,192,design,0,16,0 of 16,actives kept of 16,0,complete,public,ame_self_rmsd_std,ame_self_rmsd,ame,0,low,0.05,10,0,16,0.0,0.0,0.0,8.0,0.0,OK
P6_PLATES_M3,enrichment,results/P6_m3/enrichment.csv,30afc35a8b46c9c1,design,192,192,design,0,16,0 of 16,actives kept of 16,0,complete,public,ame_self_rmsd_std,ame_self_rmsd,ame,0,low,0.1,19,0,16,0.0,0.0,10.11,8.0,0.0,OK
P6_PLATES_M3,enrichment,results/P6_m3/enrichment.csv,30afc35a8b46c9c1,design,192,192,design,5,16,5 of 16,actives kept of 16,0,complete,public,ame_self_rmsd_std,ame_self_rmsd,ame,0,low,0.25,48,5,16,10.0,4.0,18.0,8.0,1.25,OK
P6_PLATES_M3,enrichment,results/P6_m3/enrichment.csv,30afc35a8b46c9c1,design,192,192,design,12,16,12 of 16,actives kept of 16,0,complete,public,ame_self_rmsd_std,ame_self_rmsd,ame,0,low,0.5,96,12,16,12.0,7.0,18.0,8.0,1.5,OK
P6_PLATES_M3,enrichment,results/P6_m3/enrichment.csv,30afc35a8b46c9c1,design,192,192,design,2,16,2 of 16,actives kept of 16,0,complete,public,chai_aggregate_score_max,chai_aggregate_score,pred_interface,0,high,0.05,10,2,16,19.2,0.0,48.0,8.0,2.4,OK
P6_PLATES_M3,enrichment,results/P6_m3/enrichment.csv,30afc35a8b46c9c1,design,192,192,design,4,16,4 of 16,actives kept of 16,0,complete,public,chai_aggregate_score_max,chai_aggregate_score,pred_interface,0,high,0.1,19,4,16,20.21,5.05,35.37,8.0,2.53,OK
P6_PLATES_M3,enrichment,results/P6_m3/enrichment.csv,30afc35a8b46c9c1,design,192,192,design,7,16,7 of 16,actives kept of 16,0,complete,public,chai_aggregate_score_max,chai_aggregate_score,pred_interface,0,high,0.25,48,7,16,14.0,6.0,22.0,8.0,1.75,OK
P6_PLATES_M3,enrichment,results/P6_m3/enrichment.csv,30afc35a8b46c9c1,design,192,192,design,13,16,13 of 16,actives kept of 16,0,complete,public,chai_aggregate_score_max,chai_aggregate_score,pred_interface,0,high,0.5,96,13,16,13.0,8.0,19.0,8.0,1.62,OK
P6_PLATES_M3,enrichment,results/P6_m3/enrichment.csv,30afc35a8b46c9c1,design,192,192,design,0,16,0 of 16,actives kept of 16,0,complete,public,chai_aggregate_score_max,chai_aggregate_score,pred_interface,0,low,0.05,10,0,16,0.0,0.0,0.0,8.0,0.0,OK
P6_PLATES_M3,enrichment,results/P6_m3/enrichment.csv,30afc35a8b46c9c1,design,192,192,design,0,16,0 of 16,actives kept of 16,0,complete,public,chai_aggregate_score_max,chai_aggregate_score,pred_interface,0,low,0.1,19,0,16,0.0,0.0,5.05,8.0,0.0,OK
P6_PLATES_M3,enrichment,results/P6_m3/enrichment.csv,30afc35a8b46c9c1,design,192,192,design,1,16,1 of 16,actives kept of 16,0,complete,public,chai_aggregate_score_max,chai_aggregate_score,pred_interface,0,low,0.25,48,1,16,2.0,0.0,6.0,8.0,0.25,OK
P6_PLATES_M3,enrichment,results/P6_m3/enrichment.csv,30afc35a8b46c9c1,design,192,192,design,3,16,3 of 16,actives kept of 16,0,complete,public,chai_aggregate_score_max,chai_aggregate_score,pred_interface,0,low,0.5,96,3,16,3.0,0.0,6.0,8.0,0.38,OK
P6_PLATES_M3,enrichment,results/P6_m3/enrichment.csv,30afc35a8b46c9c1,design,192,192,design,2,16,2 of 16,actives kept of 16,0,complete,public,chai_aggregate_score_mean,chai_aggregate_score,pred_interface,0,high,0.05,10,2,16,19.2,0.0,38.4,8.0,2.4,OK
P6_PLATES_M3,enrichment,results/P6_m3/enrichment.csv,30afc35a8b46c9c1,design,192,192,design,4,16,4 of 16,actives kept of 16,0,complete,public,chai_aggregate_score_mean,chai_aggregate_score,pred_interface,0,high,0.1,19,4,16,20.21,5.05,35.37,8.0,2.53,OK
P6_PLATES_M3,enrichment,results/P6_m3/enrichment.csv,30afc35a8b46c9c1,design,192,192,design,7,16,7 of 16,actives kept of 16,0,complete,public,chai_aggregate_score_mean,chai_aggregate_score,pred_interface,0,high,0.25,48,7,16,14.0,6.0,22.0,8.0,1.75,OK
P6_PLATES_M3,enrichment,results/P6_m3/enrichment.csv,30afc35a8b46c9c1,design,192,192,design,13,16,13 of 16,actives kept of 16,0,complete,public,chai_aggregate_score_mean,chai_aggregate_score,pred_interface,0,high,0.5,96,13,16,13.0,7.0,18.0,8.0,1.62,OK
P6_PLATES_M3,enrichment,results/P6_m3/enrichment.csv,30afc35a8b46c9c1,design,192,192,design,0,16,0 of 16,actives kept of 16,0,complete,public,chai_aggregate_score_mean,chai_aggregate_score,pred_interface,0,low,0.05,10,0,16,0.0,0.0,0.0,8.0,0.0,OK
P6_PLATES_M3,enrichment,results/P6_m3/enrichment.csv,30afc35a8b46c9c1,design,192,192,design,0,16,0 of 16,actives kept of 16,0,complete,public,chai_aggregate_score_mean,chai_aggregate_score,pred_interface,0,low,0.1,19,0,16,0.0,0.0,10.11,8.0,0.0,OK
P6_PLATES_M3,enrichment,results/P6_m3/enrichment.csv,30afc35a8b46c9c1,design,192,192,design,1,16,1 of 16,actives kept of 16,0,complete,public,chai_aggregate_score_mean,chai_aggregate_score,pred_interface,0,low,0.25,48,1,16,2.0,0.0,6.0,8.0,0.25,OK
P6_PLATES_M3,enrichment,results/P6_m3/enrichment.csv,30afc35a8b46c9c1,design,192,192,design,3,16,3 of 16,actives kept of 16,0,complete,public,chai_aggregate_score_mean,chai_aggregate_score,pred_interface,0,low,0.5,96,3,16,3.0,1.0,7.0,8.0,0.38,OK
P6_PLATES_M3,enrichment,results/P6_m3/enrichment.csv,30afc35a8b46c9c1,design,192,192,design,1,16,1 of 16,actives kept of 16,0,complete,public,chai_aggregate_score_std,chai_aggregate_score,pred_interface,0,high,0.05,10,1,16,9.6,0.0,28.8,8.0,1.2,OK
P6_PLATES_M3,enrichment,results/P6_m3/enrichment.csv,30afc35a8b46c9c1,design,192,192,design,1,16,1 of 16,actives kept of 16,0,complete,public,chai_aggregate_score_std,chai_aggregate_score,pred_interface,0,high,0.1,19,1,16,5.05,0.0,15.16,8.0,0.63,OK
P6_PLATES_M3,enrichment,results/P6_m3/enrichment.csv,30afc35a8b46c9c1,design,192,192,design,4,16,4 of 16,actives kept of 16,0,complete,public,chai_aggregate_score_std,chai_aggregate_score,pred_interface,0,high,0.25,48,4,16,8.0,2.0,14.0,8.0,1.0,OK
P6_PLATES_M3,enrichment,results/P6_m3/enrichment.csv,30afc35a8b46c9c1,design,192,192,design,7,16,7 of 16,actives kept of 16,0,complete,public,chai_aggregate_score_std,chai_aggregate_score,pred_interface,0,high,0.5,96,7,16,7.0,3.0,11.0,8.0,0.88,OK
P6_PLATES_M3,enrichment,results/P6_m3/enrichment.csv,30afc35a8b46c9c1,design,192,192,design,2,16,2 of 16,actives kept of 16,0,complete,public,chai_aggregate_score_std,chai_aggregate_score,pred_interface,0,low,0.05,10,2,16,19.2,0.0,38.4,8.0,2.4,OK
P6_PLATES_M3,enrichment,results/P6_m3/enrichment.csv,30afc35a8b46c9c1,design,192,192,design,3,16,3 of 16,actives kept of 16,0,complete,public,chai_aggregate_score_std,chai_aggregate_score,pred_interface,0,low,0.1,19,3,16,15.16,0.0,30.32,8.0,1.89,OK
P6_PLATES_M3,enrichment,results/P6_m3/enrichment.csv,30afc35a8b46c9c1,design,192,192,design,4,16,4 of 16,actives kept of 16,0,complete,public,chai_aggregate_score_std,chai_aggregate_score,pred_interface,0,low,0.25,48,4,16,8.0,2.0,16.0,8.0,1.0,OK
P6_PLATES_M3,enrichment,results/P6_m3/enrichment.csv,30afc35a8b46c9c1,design,192,192,design,9,16,9 of 16,actives kept of 16,0,complete,public,chai_aggregate_score_std,chai_aggregate_score,pred_interface,0,low,0.5,96,9,16,9.0,5.0,14.0,8.0,1.12,OK
P6_PLATES_M3,enrichment,results/P6_m3/enrichment.csv,30afc35a8b46c9c1,design,192,192,design,2,16,2 of 16,actives kept of 16,0,complete,public,chai_iptm_max,chai_iptm,pred_interface,1,high,0.05,10,2,16,19.2,0.0,48.0,8.0,2.4,OK
P6_PLATES_M3,enrichment,results/P6_m3/enrichment.csv,30afc35a8b46c9c1,design,192,192,design,4,16,4 of 16,actives kept of 16,0,complete,public,chai_iptm_max,chai_iptm,pred_interface,1,high,0.1,19,4,16,20.21,5.05,35.37,8.0,2.53,OK
P6_PLATES_M3,enrichment,results/P6_m3/enrichment.csv,30afc35a8b46c9c1,design,192,192,design,7,16,7 of 16,actives kept of 16,0,complete,public,chai_iptm_max,chai_iptm,pred_interface,1,high,0.25,48,7,16,14.0,6.0,22.0,8.0,1.75,OK
P6_PLATES_M3,enrichment,results/P6_m3/enrichment.csv,30afc35a8b46c9c1,design,192,192,design,13,16,13 of 16,actives kept of 16,0,complete,public,chai_iptm_max,chai_iptm,pred_interface,1,high,0.5,96,13,16,13.0,8.0,19.0,8.0,1.62,OK
P6_PLATES_M3,enrichment,results/P6_m3/enrichment.csv,30afc35a8b46c9c1,design,192,192,design,0,16,0 of 16,actives kept of 16,0,complete,public,chai_iptm_max,chai_iptm,pred_interface,1,low,0.05,10,0,16,0.0,0.0,0.0,8.0,0.0,OK
P6_PLATES_M3,enrichment,results/P6_m3/enrichment.csv,30afc35a8b46c9c1,design,192,192,design,0,16,0 of 16,actives kept of 16,0,complete,public,chai_iptm_max,chai_iptm,pred_interface,1,low,0.1,19,0,16,0.0,0.0,5.05,8.0,0.0,OK
P6_PLATES_M3,enrichment,results/P6_m3/enrichment.csv,30afc35a8b46c9c1,design,192,192,design,1,16,1 of 16,actives kept of 16,0,complete,public,chai_iptm_max,chai_iptm,pred_interface,1,low,0.25,48,1,16,2.0,0.0,6.0,8.0,0.25,OK
P6_PLATES_M3,enrichment,results/P6_m3/enrichment.csv,30afc35a8b46c9c1,design,192,192,design,3,16,3 of 16,actives kept of 16,0,complete,public,chai_iptm_max,chai_iptm,pred_interface,1,low,0.5,96,3,16,3.0,0.0,6.0,8.0,0.38,OK
P6_PLATES_M3,enrichment,results/P6_m3/enrichment.csv,30afc35a8b46c9c1,design,192,192,design,2,16,2 of 16,actives kept of 16,0,complete,public,chai_iptm_mean,chai_iptm,pred_interface,1,high,0.05,10,2,16,19.2,0.0,48.0,8.0,2.4,OK
P6_PLATES_M3,enrichment,results/P6_m3/enrichment.csv,30afc35a8b46c9c1,design,192,192,design,4,16,4 of 16,actives kept of 16,0,complete,public,chai_iptm_mean,chai_iptm,pred_interface,1,high,0.1,19,4,16,20.21,5.05,35.37,8.0,2.53,OK
P6_PLATES_M3,enrichment,results/P6_m3/enrichment.csv,30afc35a8b46c9c1,design,192,192,design,7,16,7 of 16,actives kept of 16,0,complete,public,chai_iptm_mean,chai_iptm,pred_interface,1,high,0.25,48,7,16,14.0,6.0,22.0,8.0,1.75,OK
P6_PLATES_M3,enrichment,results/P6_m3/enrichment.csv,30afc35a8b46c9c1,design,192,192,design,13,16,13 of 16,actives kept of 16,0,complete,public,chai_iptm_mean,chai_iptm,pred_interface,1,high,0.5,96,13,16,13.0,7.0,18.0,8.0,1.62,OK
P6_PLATES_M3,enrichment,results/P6_m3/enrichment.csv,30afc35a8b46c9c1,design,192,192,design,0,16,0 of 16,actives kept of 16,0,complete,public,chai_iptm_mean,chai_iptm,pred_interface,1,low,0.05,10,0,16,0.0,0.0,0.0,8.0,0.0,OK
P6_PLATES_M3,enrichment,results/P6_m3/enrichment.csv,30afc35a8b46c9c1,design,192,192,design,0,16,0 of 16,actives kept of 16,0,complete,public,chai_iptm_mean,chai_iptm,pred_interface,1,low,0.1,19,0,16,0.0,0.0,5.05,8.0,0.0,OK
P6_PLATES_M3,enrichment,results/P6_m3/enrichment.csv,30afc35a8b46c9c1,design,192,192,design,1,16,1 of 16,actives kept of 16,0,complete,public,chai_iptm_mean,chai_iptm,pred_interface,1,low,0.25,48,1,16,2.0,0.0,6.0,8.0,0.25,OK
P6_PLATES_M3,enrichment,results/P6_m3/enrichment.csv,30afc35a8b46c9c1,design,192,192,design,3,16,3 of 16,actives kept of 16,0,complete,public,chai_iptm_mean,chai_iptm,pred_interface,1,low,0.5,96,3,16,3.0,1.0,7.0,8.0,0.38,OK
P6_PLATES_M3,enrichment,results/P6_m3/enrichment.csv,30afc35a8b46c9c1,design,192,192,design,1,16,1 of 16,actives kept of 16,0,complete,public,chai_iptm_std,chai_iptm,pred_interface,1,high,0.05,10,1,16,9.6,0.0,28.8,8.0,1.2,OK
P6_PLATES_M3,enrichment,results/P6_m3/enrichment.csv,30afc35a8b46c9c1,design,192,192,design,1,16,1 of 16,actives kept of 16,0,complete,public,chai_iptm_std,chai_iptm,pred_interface,1,high,0.1,19,1,16,5.05,0.0,15.16,8.0,0.63,OK
P6_PLATES_M3,enrichment,results/P6_m3/enrichment.csv,30afc35a8b46c9c1,design,192,192,design,4,16,4 of 16,actives kept of 16,0,complete,public,chai_iptm_std,chai_iptm,pred_interface,1,high,0.25,48,4,16,8.0,2.0,14.0,8.0,1.0,OK
P6_PLATES_M3,enrichment,results/P6_m3/enrichment.csv,30afc35a8b46c9c1,design,192,192,design,7,16,7 of 16,actives kept of 16,0,complete,public,chai_iptm_std,chai_iptm,pred_interface,1,high,0.5,96,7,16,7.0,3.0,11.0,8.0,0.88,OK
P6_PLATES_M3,enrichment,results/P6_m3/enrichment.csv,30afc35a8b46c9c1,design,192,192,design,2,16,2 of 16,actives kept of 16,0,complete,public,chai_iptm_std,chai_iptm,pred_interface,1,low,0.05,10,2,16,19.2,0.0,38.4,8.0,2.4,OK
P6_PLATES_M3,enrichment,results/P6_m3/enrichment.csv,30afc35a8b46c9c1,design,192,192,design,3,16,3 of 16,actives kept of 16,0,complete,public,chai_iptm_std,chai_iptm,pred_interface,1,low,0.1,19,3,16,15.16,0.0,30.32,8.0,1.89,OK
P6_PLATES_M3,enrichment,results/P6_m3/enrichment.csv,30afc35a8b46c9c1,design,192,192,design,4,16,4 of 16,actives kept of 16,0,complete,public,chai_iptm_std,chai_iptm,pred_interface,1,low,0.25,48,4,16,8.0,2.0,16.0,8.0,1.0,OK
P6_PLATES_M3,enrichment,results/P6_m3/enrichment.csv,30afc35a8b46c9c1,design,192,192,design,9,16,9 of 16,actives kept of 16,0,complete,public,chai_iptm_std,chai_iptm,pred_interface,1,low,0.5,96,9,16,9.0,5.0,14.0,8.0,1.12,OK
P6_PLATES_M3,enrichment,results/P6_m3/enrichment.csv,30afc35a8b46c9c1,design,192,192,design,0,16,0 of 16,actives kept of 16,0,complete,public,chai_per_chain_ptm_min_max,chai_per_chain_ptm_min,pred_interface,1,high,0.05,10,0,16,0.0,0.0,19.2,8.0,0.0,OK
P6_PLATES_M3,enrichment,results/P6_m3/enrichment.csv,30afc35a8b46c9c1,design,192,192,design,1,16,1 of 16,actives kept of 16,0,complete,public,chai_per_chain_ptm_min_max,chai_per_chain_ptm_min,pred_interface,1,high,0.1,19,1,16,5.05,0.0,25.26,8.0,0.63,OK
P6_PLATES_M3,enrichment,results/P6_m3/enrichment.csv,30afc35a8b46c9c1,design,192,192,design,8,16,8 of 16,actives kept of 16,0,complete,public,chai_per_chain_ptm_min_max,chai_per_chain_ptm_min,pred_interface,1,high,0.25,48,8,16,16.0,6.0,24.0,8.0,2.0,OK
P6_PLATES_M3,enrichment,results/P6_m3/enrichment.csv,30afc35a8b46c9c1,design,192,192,design,15,16,15 of 16,actives kept of 16,0,complete,public,chai_per_chain_ptm_min_max,chai_per_chain_ptm_min,pred_interface,1,high,0.5,96,15,16,15.0,9.0,20.0,8.0,1.88,OK
P6_PLATES_M3,enrichment,results/P6_m3/enrichment.csv,30afc35a8b46c9c1,design,192,192,design,0,16,0 of 16,actives kept of 16,0,complete,public,chai_per_chain_ptm_min_max,chai_per_chain_ptm_min,pred_interface,1,low,0.05,10,0,16,0.0,0.0,0.0,8.0,0.0,OK
P6_PLATES_M3,enrichment,results/P6_m3/enrichment.csv,30afc35a8b46c9c1,design,192,192,design,0,16,0 of 16,actives kept of 16,0,complete,public,chai_per_chain_ptm_min_max,chai_per_chain_ptm_min,pred_interface,1,low,0.1,19,0,16,0.0,0.0,0.0,8.0,0.0,OK
P6_PLATES_M3,enrichment,results/P6_m3/enrichment.csv,30afc35a8b46c9c1,design,192,192,design,1,16,1 of 16,actives kept of 16,0,complete,public,chai_per_chain_ptm_min_max,chai_per_chain_ptm_min,pred_interface,1,low,0.25,48,1,16,2.0,0.0,6.0,8.0,0.25,OK
P6_PLATES_M3,enrichment,results/P6_m3/enrichment.csv,30afc35a8b46c9c1,design,192,192,design,1,16,1 of 16,actives kept of 16,0,complete,public,chai_per_chain_ptm_min_max,chai_per_chain_ptm_min,pred_interface,1,low,0.5,96,1,16,1.0,0.0,5.0,8.0,0.12,OK
P6_PLATES_M3,enrichment,results/P6_m3/enrichment.csv,30afc35a8b46c9c1,design,192,192,design,0,16,0 of 16,actives kept of 16,0,complete,public,chai_per_chain_ptm_min_mean,chai_per_chain_ptm_min,pred_interface,1,high,0.05,10,0,16,0.0,0.0,19.2,8.0,0.0,OK
P6_PLATES_M3,enrichment,results/P6_m3/enrichment.csv,30afc35a8b46c9c1,design,192,192,design,1,16,1 of 16,actives kept of 16,0,complete,public,chai_per_chain_ptm_min_mean,chai_per_chain_ptm_min,pred_interface,1,high,0.1,19,1,16,5.05,0.0,20.21,8.0,0.63,OK
P6_PLATES_M3,enrichment,results/P6_m3/enrichment.csv,30afc35a8b46c9c1,design,192,192,design,6,16,6 of 16,actives kept of 16,0,complete,public,chai_per_chain_ptm_min_mean,chai_per_chain_ptm_min,pred_interface,1,high,0.25,48,6,16,12.0,6.0,22.0,8.0,1.5,OK
P6_PLATES_M3,enrichment,results/P6_m3/enrichment.csv,30afc35a8b46c9c1,design,192,192,design,14,16,14 of 16,actives kept of 16,0,complete,public,chai_per_chain_ptm_min_mean,chai_per_chain_ptm_min,pred_interface,1,high,0.5,96,14,16,14.0,8.0,20.0,8.0,1.75,OK
P6_PLATES_M3,enrichment,results/P6_m3/enrichment.csv,30afc35a8b46c9c1,design,192,192,design,0,16,0 of 16,actives kept of 16,0,complete,public,chai_per_chain_ptm_min_mean,chai_per_chain_ptm_min,pred_interface,1,low,0.05,10,0,16,0.0,0.0,0.0,8.0,0.0,OK
P6_PLATES_M3,enrichment,results/P6_m3/enrichment.csv,30afc35a8b46c9c1,design,192,192,design,0,16,0 of 16,actives kept of 16,0,complete,public,chai_per_chain_ptm_min_mean,chai_per_chain_ptm_min,pred_interface,1,low,0.1,19,0,16,0.0,0.0,0.0,8.0,0.0,OK
P6_PLATES_M3,enrichment,results/P6_m3/enrichment.csv,30afc35a8b46c9c1,design,192,192,design,1,16,1 of 16,actives kept of 16,0,complete,public,chai_per_chain_ptm_min_mean,chai_per_chain_ptm_min,pred_interface,1,low,0.25,48,1,16,2.0,0.0,6.0,8.0,0.25,OK
P6_PLATES_M3,enrichment,results/P6_m3/enrichment.csv,30afc35a8b46c9c1,design,192,192,design,2,16,2 of 16,actives kept of 16,0,complete,public,chai_per_chain_ptm_min_mean,chai_per_chain_ptm_min,pred_interface,1,low,0.5,96,2,16,2.0,0.0,6.0,8.0,0.25,OK
P6_PLATES_M3,enrichment,results/P6_m3/enrichment.csv,30afc35a8b46c9c1,design,192,192,design,4,16,4 of 16,actives kept of 16,0,complete,public,chai_per_chain_ptm_min_std,chai_per_chain_ptm_min,pred_interface,1,high,0.05,10,4,16,38.4,9.6,67.2,8.0,4.8,OK
P6_PLATES_M3,enrichment,results/P6_m3/enrichment.csv,30afc35a8b46c9c1,design,192,192,design,6,16,6 of 16,actives kept of 16,0,complete,public,chai_per_chain_ptm_min_std,chai_per_chain_ptm_min,pred_interface,1,high,0.1,19,6,16,30.32,10.11,50.53,8.0,3.79,OK
P6_PLATES_M3,enrichment,results/P6_m3/enrichment.csv,30afc35a8b46c9c1,design,192,192,design,8,16,8 of 16,actives kept of 16,0,complete,public,chai_per_chain_ptm_min_std,chai_per_chain_ptm_min,pred_interface,1,high,0.25,48,8,16,16.0,8.0,24.0,8.0,2.0,OK
P6_PLATES_M3,enrichment,results/P6_m3/enrichment.csv,30afc35a8b46c9c1,design,192,192,design,10,16,10 of 16,actives kept of 16,0,complete,public,chai_per_chain_ptm_min_std,chai_per_chain_ptm_min,pred_interface,1,high,0.5,96,10,16,10.0,6.0,15.0,8.0,1.25,OK
P6_PLATES_M3,enrichment,results/P6_m3/enrichment.csv,30afc35a8b46c9c1,design,192,192,design,1,16,1 of 16,actives kept of 16,0,complete,public,chai_per_chain_ptm_min_std,chai_per_chain_ptm_min,pred_interface,1,low,0.05,10,1,16,9.6,0.0,28.8,8.0,1.2,OK
P6_PLATES_M3,enrichment,results/P6_m3/enrichment.csv,30afc35a8b46c9c1,design,192,192,design,2,16,2 of 16,actives kept of 16,0,complete,public,chai_per_chain_ptm_min_std,chai_per_chain_ptm_min,pred_interface,1,low,0.1,19,2,16,10.11,0.0,20.21,8.0,1.26,OK
P6_PLATES_M3,enrichment,results/P6_m3/enrichment.csv,30afc35a8b46c9c1,design,192,192,design,3,16,3 of 16,actives kept of 16,0,complete,public,chai_per_chain_ptm_min_std,chai_per_chain_ptm_min,pred_interface,1,low,0.25,48,3,16,6.0,0.0,12.0,8.0,0.75,OK
P6_PLATES_M3,enrichment,results/P6_m3/enrichment.csv,30afc35a8b46c9c1,design,192,192,design,6,16,6 of 16,actives kept of 16,0,complete,public,chai_per_chain_ptm_min_std,chai_per_chain_ptm_min,pred_interface,1,low,0.5,96,6,16,6.0,2.0,10.0,8.0,0.75,OK
P6_PLATES_M3,enrichment,results/P6_m3/enrichment.csv,30afc35a8b46c9c1,design,192,192,design,0,16,0 of 16,actives kept of 16,0,complete,public,chai_per_chain_ptm_protein_max,chai_per_chain_ptm_protein,pred_global,0,high,0.05,10,0,16,0.0,0.0,9.6,8.0,0.0,GLOBAL
P6_PLATES_M3,enrichment,results/P6_m3/enrichment.csv,30afc35a8b46c9c1,design,192,192,design,2,16,2 of 16,actives kept of 16,0,complete,public,chai_per_chain_ptm_protein_max,chai_per_chain_ptm_protein,pred_global,0,high,0.1,19,2,16,10.11,0.0,20.21,8.0,1.26,GLOBAL
P6_PLATES_M3,enrichment,results/P6_m3/enrichment.csv,30afc35a8b46c9c1,design,192,192,design,3,16,3 of 16,actives kept of 16,0,complete,public,chai_per_chain_ptm_protein_max,chai_per_chain_ptm_protein,pred_global,0,high,0.25,48,3,16,6.0,2.0,14.0,8.0,0.75,GLOBAL
P6_PLATES_M3,enrichment,results/P6_m3/enrichment.csv,30afc35a8b46c9c1,design,192,192,design,13,16,13 of 16,actives kept of 16,0,complete,public,chai_per_chain_ptm_protein_max,chai_per_chain_ptm_protein,pred_global,0,high,0.5,96,13,16,13.0,8.0,19.0,8.0,1.62,GLOBAL
P6_PLATES_M3,enrichment,results/P6_m3/enrichment.csv,30afc35a8b46c9c1,design,192,192,design,1,16,1 of 16,actives kept of 16,0,complete,public,chai_per_chain_ptm_protein_max,chai_per_chain_ptm_protein,pred_global,0,low,0.05,10,1,16,9.6,0.0,28.8,8.0,1.2,GLOBAL
P6_PLATES_M3,enrichment,results/P6_m3/enrichment.csv,30afc35a8b46c9c1,design,192,192,design,1,16,1 of 16,actives kept of 16,0,complete,public,chai_per_chain_ptm_protein_max,chai_per_chain_ptm_protein,pred_global,0,low,0.1,19,1,16,5.05,0.0,15.16,8.0,0.63,GLOBAL
P6_PLATES_M3,enrichment,results/P6_m3/enrichment.csv,30afc35a8b46c9c1,design,192,192,design,1,16,1 of 16,actives kept of 16,0,complete,public,chai_per_chain_ptm_protein_max,chai_per_chain_ptm_protein,pred_global,0,low,0.25,48,1,16,2.0,0.0,6.0,8.0,0.25,GLOBAL
P6_PLATES_M3,enrichment,results/P6_m3/enrichment.csv,30afc35a8b46c9c1,design,192,192,design,3,16,3 of 16,actives kept of 16,0,complete,public,chai_per_chain_ptm_protein_max,chai_per_chain_ptm_protein,pred_global,0,low,0.5,96,3,16,3.0,0.0,6.0,8.0,0.38,GLOBAL
P6_PLATES_M3,enrichment,results/P6_m3/enrichment.csv,30afc35a8b46c9c1,design,192,192,design,0,16,0 of 16,actives kept of 16,0,complete,public,chai_per_chain_ptm_protein_mean,chai_per_chain_ptm_protein,pred_global,0,high,0.05,10,0,16,0.0,0.0,0.0,8.0,0.0,GLOBAL
P6_PLATES_M3,enrichment,results/P6_m3/enrichment.csv,30afc35a8b46c9c1,design,192,192,design,1,16,1 of 16,actives kept of 16,0,complete,public,chai_per_chain_ptm_protein_mean,chai_per_chain_ptm_protein,pred_global,0,high,0.1,19,1,16,5.05,0.0,15.16,8.0,0.63,GLOBAL
P6_PLATES_M3,enrichment,results/P6_m3/enrichment.csv,30afc35a8b46c9c1,design,192,192,design,3,16,3 of 16,actives kept of 16,0,complete,public,chai_per_chain_ptm_protein_mean,chai_per_chain_ptm_protein,pred_global,0,high,0.25,48,3,16,6.0,2.0,14.0,8.0,0.75,GLOBAL
P6_PLATES_M3,enrichment,results/P6_m3/enrichment.csv,30afc35a8b46c9c1,design,192,192,design,13,16,13 of 16,actives kept of 16,0,complete,public,chai_per_chain_ptm_protein_mean,chai_per_chain_ptm_protein,pred_global,0,high,0.5,96,13,16,13.0,8.0,19.0,8.0,1.62,GLOBAL
P6_PLATES_M3,enrichment,results/P6_m3/enrichment.csv,30afc35a8b46c9c1,design,192,192,design,1,16,1 of 16,actives kept of 16,0,complete,public,chai_per_chain_ptm_protein_mean,chai_per_chain_ptm_protein,pred_global,0,low,0.05,10,1,16,9.6,0.0,28.8,8.0,1.2,GLOBAL
P6_PLATES_M3,enrichment,results/P6_m3/enrichment.csv,30afc35a8b46c9c1,design,192,192,design,1,16,1 of 16,actives kept of 16,0,complete,public,chai_per_chain_ptm_protein_mean,chai_per_chain_ptm_protein,pred_global,0,low,0.1,19,1,16,5.05,0.0,15.16,8.0,0.63,GLOBAL
P6_PLATES_M3,enrichment,results/P6_m3/enrichment.csv,30afc35a8b46c9c1,design,192,192,design,1,16,1 of 16,actives kept of 16,0,complete,public,chai_per_chain_ptm_protein_mean,chai_per_chain_ptm_protein,pred_global,0,low,0.25,48,1,16,2.0,0.0,6.0,8.0,0.25,GLOBAL
P6_PLATES_M3,enrichment,results/P6_m3/enrichment.csv,30afc35a8b46c9c1,design,192,192,design,3,16,3 of 16,actives kept of 16,0,complete,public,chai_per_chain_ptm_protein_mean,chai_per_chain_ptm_protein,pred_global,0,low,0.5,96,3,16,3.0,0.0,6.0,8.0,0.38,GLOBAL
P6_PLATES_M3,enrichment,results/P6_m3/enrichment.csv,30afc35a8b46c9c1,design,192,192,design,1,16,1 of 16,actives kept of 16,0,complete,public,chai_per_chain_ptm_protein_std,chai_per_chain_ptm_protein,pred_global,0,high,0.05,10,1,16,9.6,0.0,28.8,8.0,1.2,GLOBAL
P6_PLATES_M3,enrichment,results/P6_m3/enrichment.csv,30afc35a8b46c9c1,design,192,192,design,1,16,1 of 16,actives kept of 16,0,complete,public,chai_per_chain_ptm_protein_std,chai_per_chain_ptm_protein,pred_global,0,high,0.1,19,1,16,5.05,0.0,15.16,8.0,0.63,GLOBAL
P6_PLATES_M3,enrichment,results/P6_m3/enrichment.csv,30afc35a8b46c9c1,design,192,192,design,3,16,3 of 16,actives kept of 16,0,complete,public,chai_per_chain_ptm_protein_std,chai_per_chain_ptm_protein,pred_global,0,high,0.25,48,3,16,6.0,2.0,12.0,8.0,0.75,GLOBAL
P6_PLATES_M3,enrichment,results/P6_m3/enrichment.csv,30afc35a8b46c9c1,design,192,192,design,5,16,5 of 16,actives kept of 16,0,complete,public,chai_per_chain_ptm_protein_std,chai_per_chain_ptm_protein,pred_global,0,high,0.5,96,5,16,5.0,2.0,10.0,8.0,0.63,GLOBAL
P6_PLATES_M3,enrichment,results/P6_m3/enrichment.csv,30afc35a8b46c9c1,design,192,192,design,0,16,0 of 16,actives kept of 16,0,complete,public,chai_per_chain_ptm_protein_std,chai_per_chain_ptm_protein,pred_global,0,low,0.05,10,0,16,0.0,0.0,28.8,8.0,0.0,GLOBAL
P6_PLATES_M3,enrichment,results/P6_m3/enrichment.csv,30afc35a8b46c9c1,design,192,192,design,3,16,3 of 16,actives kept of 16,0,complete,public,chai_per_chain_ptm_protein_std,chai_per_chain_ptm_protein,pred_global,0,low,0.1,19,3,16,15.16,5.05,30.32,8.0,1.89,GLOBAL
P6_PLATES_M3,enrichment,results/P6_m3/enrichment.csv,30afc35a8b46c9c1,design,192,192,design,8,16,8 of 16,actives kept of 16,0,complete,public,chai_per_chain_ptm_protein_std,chai_per_chain_ptm_protein,pred_global,0,low,0.25,48,8,16,16.0,6.0,24.0,8.0,2.0,GLOBAL
P6_PLATES_M3,enrichment,results/P6_m3/enrichment.csv,30afc35a8b46c9c1,design,192,192,design,11,16,11 of 16,actives kept of 16,0,complete,public,chai_per_chain_ptm_protein_std,chai_per_chain_ptm_protein,pred_global,0,low,0.5,96,11,16,11.0,6.0,15.05,8.0,1.38,GLOBAL
P6_PLATES_M3,enrichment,results/P6_m3/enrichment.csv,30afc35a8b46c9c1,design,192,192,design,3,16,3 of 16,actives kept of 16,0,complete,public,chai_plddt_best_model,chai_plddt_best_model,pred_global,0,high,0.05,10,3,16,28.8,0.0,48.0,8.0,3.6,GLOBAL
P6_PLATES_M3,enrichment,results/P6_m3/enrichment.csv,30afc35a8b46c9c1,design,192,192,design,5,16,5 of 16,actives kept of 16,0,complete,public,chai_plddt_best_model,chai_plddt_best_model,pred_global,0,high,0.1,19,5,16,25.26,10.11,40.42,8.0,3.16,GLOBAL
P6_PLATES_M3,enrichment,results/P6_m3/enrichment.csv,30afc35a8b46c9c1,design,192,192,design,8,16,8 of 16,actives kept of 16,0,complete,public,chai_plddt_best_model,chai_plddt_best_model,pred_global,0,high,0.25,48,8,16,16.0,8.0,24.0,8.0,2.0,GLOBAL
P6_PLATES_M3,enrichment,results/P6_m3/enrichment.csv,30afc35a8b46c9c1,design,192,192,design,13,16,13 of 16,actives kept of 16,0,complete,public,chai_plddt_best_model,chai_plddt_best_model,pred_global,0,high,0.5,96,13,16,13.0,8.0,20.0,8.0,1.62,GLOBAL
P6_PLATES_M3,enrichment,results/P6_m3/enrichment.csv,30afc35a8b46c9c1,design,192,192,design,1,16,1 of 16,actives kept of 16,0,complete,public,chai_plddt_best_model,chai_plddt_best_model,pred_global,0,low,0.05,10,1,16,9.6,0.0,19.2,8.0,1.2,GLOBAL
P6_PLATES_M3,enrichment,results/P6_m3/enrichment.csv,30afc35a8b46c9c1,design,192,192,design,1,16,1 of 16,actives kept of 16,0,complete,public,chai_plddt_best_model,chai_plddt_best_model,pred_global,0,low,0.1,19,1,16,5.05,0.0,15.16,8.0,0.63,GLOBAL
P6_PLATES_M3,enrichment,results/P6_m3/enrichment.csv,30afc35a8b46c9c1,design,192,192,design,1,16,1 of 16,actives kept of 16,0,complete,public,chai_plddt_best_model,chai_plddt_best_model,pred_global,0,low,0.25,48,1,16,2.0,0.0,6.0,8.0,0.25,GLOBAL
P6_PLATES_M3,enrichment,results/P6_m3/enrichment.csv,30afc35a8b46c9c1,design,192,192,design,3,16,3 of 16,actives kept of 16,0,complete,public,chai_plddt_best_model,chai_plddt_best_model,pred_global,0,low,0.5,96,3,16,3.0,0.0,6.0,8.0,0.38,GLOBAL
P6_PLATES_M3,enrichment,results/P6_m3/enrichment.csv,30afc35a8b46c9c1,design,192,192,design,3,16,3 of 16,actives kept of 16,0,complete,public,chai_plddt_min,chai_plddt_min,pred_global,0,high,0.05,10,3,16,28.8,0.0,48.0,8.0,3.6,GLOBAL
P6_PLATES_M3,enrichment,results/P6_m3/enrichment.csv,30afc35a8b46c9c1,design,192,192,design,3,16,3 of 16,actives kept of 16,0,complete,public,chai_plddt_min,chai_plddt_min,pred_global,0,high,0.1,19,3,16,15.16,5.05,30.32,8.0,1.89,GLOBAL
P6_PLATES_M3,enrichment,results/P6_m3/enrichment.csv,30afc35a8b46c9c1,design,192,192,design,8,16,8 of 16,actives kept of 16,0,complete,public,chai_plddt_min,chai_plddt_min,pred_global,0,high,0.25,48,8,16,16.0,8.0,26.0,8.0,2.0,GLOBAL
P6_PLATES_M3,enrichment,results/P6_m3/enrichment.csv,30afc35a8b46c9c1,design,192,192,design,13,16,13 of 16,actives kept of 16,0,complete,public,chai_plddt_min,chai_plddt_min,pred_global,0,high,0.5,96,13,16,13.0,7.0,18.0,8.0,1.62,GLOBAL
P6_PLATES_M3,enrichment,results/P6_m3/enrichment.csv,30afc35a8b46c9c1,design,192,192,design,0,16,0 of 16,actives kept of 16,0,complete,public,chai_plddt_min,chai_plddt_min,pred_global,0,low,0.05,10,0,16,0.0,0.0,0.0,8.0,0.0,GLOBAL
P6_PLATES_M3,enrichment,results/P6_m3/enrichment.csv,30afc35a8b46c9c1,design,192,192,design,0,16,0 of 16,actives kept of 16,0,complete,public,chai_plddt_min,chai_plddt_min,pred_global,0,low,0.1,19,0,16,0.0,0.0,0.0,8.0,0.0,GLOBAL
P6_PLATES_M3,enrichment,results/P6_m3/enrichment.csv,30afc35a8b46c9c1,design,192,192,design,1,16,1 of 16,actives kept of 16,0,complete,public,chai_plddt_min,chai_plddt_min,pred_global,0,low,0.25,48,1,16,2.0,0.0,6.0,8.0,0.25,GLOBAL
P6_PLATES_M3,enrichment,results/P6_m3/enrichment.csv,30afc35a8b46c9c1,design,192,192,design,3,16,3 of 16,actives kept of 16,0,complete,public,chai_plddt_min,chai_plddt_min,pred_global,0,low,0.5,96,3,16,3.0,1.0,7.0,8.0,0.38,GLOBAL
P6_PLATES_M3,enrichment,results/P6_m3/enrichment.csv,30afc35a8b46c9c1,design,192,192,design,1,16,1 of 16,actives kept of 16,0,complete,public,chai_plddt_std_across_models,chai_plddt_std_across_models,pred_global,0,high,0.05,10,1,16,9.6,0.0,28.8,8.0,1.2,GLOBAL
P6_PLATES_M3,enrichment,results/P6_m3/enrichment.csv,30afc35a8b46c9c1,design,192,192,design,1,16,1 of 16,actives kept of 16,0,complete,public,chai_plddt_std_across_models,chai_plddt_std_across_models,pred_global,0,high,0.1,19,1,16,5.05,0.0,20.21,8.0,0.63,GLOBAL
P6_PLATES_M3,enrichment,results/P6_m3/enrichment.csv,30afc35a8b46c9c1,design,192,192,design,2,16,2 of 16,actives kept of 16,0,complete,public,chai_plddt_std_across_models,chai_plddt_std_across_models,pred_global,0,high,0.25,48,2,16,4.0,0.0,8.0,8.0,0.5,GLOBAL
P6_PLATES_M3,enrichment,results/P6_m3/enrichment.csv,30afc35a8b46c9c1,design,192,192,design,3,16,3 of 16,actives kept of 16,0,complete,public,chai_plddt_std_across_models,chai_plddt_std_across_models,pred_global,0,high,0.5,96,3,16,3.0,1.0,7.0,8.0,0.38,GLOBAL
P6_PLATES_M3,enrichment,results/P6_m3/enrichment.csv,30afc35a8b46c9c1,design,192,192,design,3,16,3 of 16,actives kept of 16,0,complete,public,chai_plddt_std_across_models,chai_plddt_std_across_models,pred_global,0,low,0.05,10,3,16,28.8,9.12,48.0,8.0,3.6,GLOBAL
P6_PLATES_M3,enrichment,results/P6_m3/enrichment.csv,30afc35a8b46c9c1,design,192,192,design,4,16,4 of 16,actives kept of 16,0,complete,public,chai_plddt_std_across_models,chai_plddt_std_across_models,pred_global,0,low,0.1,19,4,16,20.21,5.05,35.37,8.0,2.53,GLOBAL
P6_PLATES_M3,enrichment,results/P6_m3/enrichment.csv,30afc35a8b46c9c1,design,192,192,design,6,16,6 of 16,actives kept of 16,0,complete,public,chai_plddt_std_across_models,chai_plddt_std_across_models,pred_global,0,low,0.25,48,6,16,12.0,4.0,20.0,8.0,1.5,GLOBAL
P6_PLATES_M3,enrichment,results/P6_m3/enrichment.csv,30afc35a8b46c9c1,design,192,192,design,13,16,13 of 16,actives kept of 16,0,complete,public,chai_plddt_std_across_models,chai_plddt_std_across_models,pred_global,0,low,0.5,96,13,16,13.0,7.0,18.0,8.0,1.62,GLOBAL
P6_PLATES_M3,enrichment,results/P6_m3/enrichment.csv,30afc35a8b46c9c1,design,192,192,design,0,16,0 of 16,actives kept of 16,0,complete,public,chai_ptm_max,chai_ptm,pred_global,0,high,0.05,10,0,16,0.0,0.0,19.2,8.0,0.0,GLOBAL
P6_PLATES_M3,enrichment,results/P6_m3/enrichment.csv,30afc35a8b46c9c1,design,192,192,design,1,16,1 of 16,actives kept of 16,0,complete,public,chai_ptm_max,chai_ptm,pred_global,0,high,0.1,19,1,16,5.05,0.0,15.16,8.0,0.63,GLOBAL
P6_PLATES_M3,enrichment,results/P6_m3/enrichment.csv,30afc35a8b46c9c1,design,192,192,design,10,16,10 of 16,actives kept of 16,0,complete,public,chai_ptm_max,chai_ptm,pred_global,0,high,0.25,48,10,16,20.0,10.0,30.0,8.0,2.5,GLOBAL
P6_PLATES_M3,enrichment,results/P6_m3/enrichment.csv,30afc35a8b46c9c1,design,192,192,design,14,16,14 of 16,actives kept of 16,0,complete,public,chai_ptm_max,chai_ptm,pred_global,0,high,0.5,96,14,16,14.0,8.0,20.0,8.0,1.75,GLOBAL
P6_PLATES_M3,enrichment,results/P6_m3/enrichment.csv,30afc35a8b46c9c1,design,192,192,design,1,16,1 of 16,actives kept of 16,0,complete,public,chai_ptm_max,chai_ptm,pred_global,0,low,0.05,10,1,16,9.6,0.0,28.8,8.0,1.2,GLOBAL
P6_PLATES_M3,enrichment,results/P6_m3/enrichment.csv,30afc35a8b46c9c1,design,192,192,design,1,16,1 of 16,actives kept of 16,0,complete,public,chai_ptm_max,chai_ptm,pred_global,0,low,0.1,19,1,16,5.05,0.0,15.16,8.0,0.63,GLOBAL
P6_PLATES_M3,enrichment,results/P6_m3/enrichment.csv,30afc35a8b46c9c1,design,192,192,design,1,16,1 of 16,actives kept of 16,0,complete,public,chai_ptm_max,chai_ptm,pred_global,0,low,0.25,48,1,16,2.0,0.0,6.0,8.0,0.25,GLOBAL
P6_PLATES_M3,enrichment,results/P6_m3/enrichment.csv,30afc35a8b46c9c1,design,192,192,design,2,16,2 of 16,actives kept of 16,0,complete,public,chai_ptm_max,chai_ptm,pred_global,0,low,0.5,96,2,16,2.0,0.0,5.0,8.0,0.25,GLOBAL
P6_PLATES_M3,enrichment,results/P6_m3/enrichment.csv,30afc35a8b46c9c1,design,192,192,design,1,16,1 of 16,actives kept of 16,0,complete,public,chai_ptm_std,chai_ptm,pred_global,0,high,0.05,10,1,16,9.6,0.0,28.8,8.0,1.2,GLOBAL
P6_PLATES_M3,enrichment,results/P6_m3/enrichment.csv,30afc35a8b46c9c1,design,192,192,design,1,16,1 of 16,actives kept of 16,0,complete,public,chai_ptm_std,chai_ptm,pred_global,0,high,0.1,19,1,16,5.05,0.0,15.16,8.0,0.63,GLOBAL
P6_PLATES_M3,enrichment,results/P6_m3/enrichment.csv,30afc35a8b46c9c1,design,192,192,design,4,16,4 of 16,actives kept of 16,0,complete,public,chai_ptm_std,chai_ptm,pred_global,0,high,0.25,48,4,16,8.0,2.0,14.0,8.0,1.0,GLOBAL
P6_PLATES_M3,enrichment,results/P6_m3/enrichment.csv,30afc35a8b46c9c1,design,192,192,design,7,16,7 of 16,actives kept of 16,0,complete,public,chai_ptm_std,chai_ptm,pred_global,0,high,0.5,96,7,16,7.0,4.0,12.0,8.0,0.88,GLOBAL
P6_PLATES_M3,enrichment,results/P6_m3/enrichment.csv,30afc35a8b46c9c1,design,192,192,design,1,16,1 of 16,actives kept of 16,0,complete,public,chai_ptm_std,chai_ptm,pred_global,0,low,0.05,10,1,16,9.6,0.0,28.8,8.0,1.2,GLOBAL
P6_PLATES_M3,enrichment,results/P6_m3/enrichment.csv,30afc35a8b46c9c1,design,192,192,design,1,16,1 of 16,actives kept of 16,0,complete,public,chai_ptm_std,chai_ptm,pred_global,0,low,0.1,19,1,16,5.05,0.0,15.16,8.0,0.63,GLOBAL
P6_PLATES_M3,enrichment,results/P6_m3/enrichment.csv,30afc35a8b46c9c1,design,192,192,design,4,16,4 of 16,actives kept of 16,0,complete,public,chai_ptm_std,chai_ptm,pred_global,0,low,0.25,48,4,16,8.0,2.0,16.0,8.0,1.0,GLOBAL
P6_PLATES_M3,enrichment,results/P6_m3/enrichment.csv,30afc35a8b46c9c1,design,192,192,design,9,16,9 of 16,actives kept of 16,0,complete,public,chai_ptm_std,chai_ptm,pred_global,0,low,0.5,96,9,16,9.0,4.0,13.0,8.0,1.12,GLOBAL
