experiment,shard,job,lease,partition,card,utc_start,utc_end,wall_s,n_list,n_complete,exit_code,seed,source_artifact
P6M3_repro,repro_a100,j1867,353574,GPUA100,NVIDIA A100 80GB PCIe,2026-10-07T11:54:52Z,2026-10-07T11:57:36Z,164,2,2,0,101,results/P6_m3/gpu_ledger.csv
P6M3_repro,repro_a40,j1869,355594,GPUA40,NVIDIA A40,2026-10-07T11:56:15Z,2026-10-07T11:58:47Z,152,2,2,0,101,results/P6_m3/gpu_ledger.csv
P6M3,shard_00,j1868,354132,GPUA100,NVIDIA A100 80GB PCIe,2026-10-07T11:56:25Z,2026-10-07T12:06:58Z,633,10,10,0,101,results/P6_m3/gpu_ledger.csv
P6M3,shard_01,j1871,353574,GPUA100,NVIDIA A100 80GB PCIe,2026-10-07T12:00:16Z,2026-10-07T12:10:29Z,613,10,10,0,101,results/P6_m3/gpu_ledger.csv
P6M3,shard_02,j1870,355594,GPUA40,NVIDIA A40,2026-10-07T12:00:13Z,2026-10-07T12:13:10Z,777,10,10,0,101,results/P6_m3/gpu_ledger.csv
P6M3,shard_08,j1873,358871,GPUA40,NVIDIA A40,2026-10-07T12:10:58Z,2026-10-07T12:24:31Z,813,10,10,0,101,results/P6_m3/gpu_ledger.csv
P6M3,shard_03,j1875,355594,GPUA40,NVIDIA A40,2026-10-07T12:13:59Z,2026-10-07T12:26:51Z,772,10,10,0,101,results/P6_m3/gpu_ledger.csv
P6M3,shard_09,j1879,358871,GPUA40,NVIDIA A40,2026-10-07T12:25:28Z,2026-10-07T12:39:04Z,816,10,10,0,101,results/P6_m3/gpu_ledger.csv
P6M3,shard_04,j1881,355594,GPUA40,NVIDIA A40,2026-10-07T12:27:46Z,2026-10-07T12:40:34Z,768,10,10,0,101,results/P6_m3/gpu_ledger.csv
P6M3,shard_10,j1882,358871,GPUA40,NVIDIA A40,2026-10-07T12:39:59Z,2026-10-07T12:52:18Z,739,10,10,0,101,results/P6_m3/gpu_ledger.csv
P6M3,shard_05,j1884,355594,GPUA40,NVIDIA A40,2026-10-07T12:40:57Z,2026-10-07T12:54:30Z,813,10,10,0,101,results/P6_m3/gpu_ledger.csv
P6M3,shard_11,j1885,358871,GPUA40,NVIDIA A40,2026-10-07T12:53:05Z,2026-10-07T13:05:24Z,739,10,10,0,101,results/P6_m3/gpu_ledger.csv
P6M3,shard_06,j1886,355594,GPUA40,NVIDIA A40,2026-10-07T12:54:59Z,2026-10-07T13:07:19Z,740,10,10,0,101,results/P6_m3/gpu_ledger.csv
P6M3,shard_12,j1888,358871,GPUA40,NVIDIA A40,2026-10-07T13:06:15Z,2026-10-07T13:19:17Z,782,10,10,0,101,results/P6_m3/gpu_ledger.csv
P6M3,shard_07,j1889,355594,GPUA40,NVIDIA A40,2026-10-07T13:08:03Z,2026-10-07T13:20:17Z,734,10,10,0,101,results/P6_m3/gpu_ledger.csv
P6M3,shard_13,j1891,358871,GPUA40,NVIDIA A40,2026-10-07T13:20:11Z,2026-10-07T13:32:28Z,737,10,10,0,101,results/P6_m3/gpu_ledger.csv
P6M3,shard_14,j1892,358871,GPUA40,NVIDIA A40,2026-10-07T13:33:17Z,2026-10-07T13:44:48Z,691,10,10,0,101,results/P6_m3/gpu_ledger.csv
P6M3,shard_15,j1894,358871,GPUA40,NVIDIA A40,2026-10-07T13:45:35Z,2026-10-07T13:57:08Z,693,10,10,0,101,results/P6_m3/gpu_ledger.csv
P6M3,shard_16,j1895,358871,GPUA40,NVIDIA A40,2026-10-07T13:57:58Z,2026-10-07T14:09:01Z,663,9,9,0,101,results/P6_m3/gpu_ledger.csv
D4M3B,wt_s101,j1872,354132,GPUA100,NVIDIA A100 80GB PCIe,2026-10-07T12:08:07Z,2026-10-07T12:10:52Z,165,1,1,0,101,results/D4_bglb/m3/gpu_ledger.csv
D4M3B,wt_s202,j1874,354132,GPUA100,NVIDIA A100 80GB PCIe,2026-10-07T12:11:34Z,2026-10-07T12:14:20Z,166,1,1,0,202,results/D4_bglb/m3/gpu_ledger.csv
D4M3B,wt_s303,j1876,354132,GPUA100,NVIDIA A100 80GB PCIe,2026-10-07T12:14:49Z,2026-10-07T12:17:38Z,169,1,1,0,303,results/D4_bglb/m3/gpu_ledger.csv
D4M3B,wt_s404,j1877,354132,GPUA100,NVIDIA A100 80GB PCIe,2026-10-07T12:18:35Z,2026-10-07T12:21:19Z,164,1,1,0,404,results/D4_bglb/m3/gpu_ledger.csv
D4M3B,wt_s505,j1878,354132,GPUA100,NVIDIA A100 80GB PCIe,2026-10-07T12:22:01Z,2026-10-07T12:25:06Z,185,1,1,0,505,results/D4_bglb/m3/gpu_ledger.csv
D4M3B,shard_00,j1883,360936,GPUA100,NVIDIA A100 80GB PCIe,2026-10-07T12:40:35Z,2026-10-07T12:59:14Z,1119,10,10,0,101,results/D4_bglb/m3/gpu_ledger.csv
D4M3B,shard_01,j1887,360936,GPUA100,NVIDIA A100 80GB PCIe,2026-10-07T13:00:00Z,2026-10-07T13:19:07Z,1147,10,10,0,101,results/D4_bglb/m3/gpu_ledger.csv
D4M3B,shard_02,j1890,360936,GPUA100,NVIDIA A100 80GB PCIe,2026-10-07T13:19:58Z,2026-10-07T13:38:38Z,1120,10,10,0,101,results/D4_bglb/m3/gpu_ledger.csv
D4M3B,shard_03,j1893,360936,GPUA100,NVIDIA A100 80GB PCIe,2026-10-07T13:39:04Z,2026-10-07T13:58:09Z,1145,10,10,0,101,results/D4_bglb/m3/gpu_ledger.csv
D4M3B,shard_04,j1896,360936,GPUA100,NVIDIA A100 80GB PCIe,2026-10-07T13:58:54Z,2026-10-07T14:18:28Z,1174,10,10,0,101,results/D4_bglb/m3/gpu_ledger.csv
D4M3B,shard_05,j1898,358871,GPUA40,NVIDIA A40,2026-10-07T14:10:31Z,2026-10-07T14:35:59Z,1528,10,10,0,101,results/D4_bglb/m3/gpu_ledger.csv
D4M3B,shard_06,j1900,360936,GPUA100,NVIDIA A100 80GB PCIe,2026-10-07T14:20:02Z,2026-10-07T14:39:02Z,1140,10,10,0,101,results/D4_bglb/m3/gpu_ledger.csv
D4M3B,shard_08,j1904,360936,GPUA100,NVIDIA A100 80GB PCIe,2026-10-07T14:40:30Z,2026-10-07T14:59:54Z,1164,10,10,0,101,results/D4_bglb/m3/gpu_ledger.csv
D4M3B,shard_07,j1902,358871,GPUA40,NVIDIA A40,2026-10-07T14:37:27Z,2026-10-07T15:02:57Z,1530,10,10,0,101,results/D4_bglb/m3/gpu_ledger.csv
D4M3B,shard_09,j1905,360936,GPUA100,NVIDIA A100 80GB PCIe,2026-10-07T15:00:55Z,2026-10-07T15:20:04Z,1149,10,10,0,101,results/D4_bglb/m3/gpu_ledger.csv
D4M3B,shard_10,j1907,358871,GPUA40,NVIDIA A40,2026-10-07T15:04:22Z,2026-10-07T15:29:53Z,1531,10,10,0,101,results/D4_bglb/m3/gpu_ledger.csv
D4M3B,shard_11,j1909,360936,GPUA100,NVIDIA A100 80GB PCIe,2026-10-07T15:21:54Z,2026-10-07T15:41:04Z,1150,10,10,0,101,results/D4_bglb/m3/gpu_ledger.csv
D4M3B,shard_12,j1911,358871,GPUA40,NVIDIA A40,2026-10-07T15:31:01Z,2026-10-07T15:56:28Z,1527,10,10,0,101,results/D4_bglb/m3/gpu_ledger.csv
D4M3B,shard_13,j1913,360936,GPUA100,NVIDIA A100 80GB PCIe,2026-10-07T15:42:24Z,2026-10-07T16:01:22Z,1138,10,10,0,101,results/D4_bglb/m3/gpu_ledger.csv
D4M3B,shard_15,j1917,360936,GPUA100,NVIDIA A100 80GB PCIe,2026-10-07T16:02:56Z,2026-10-07T16:22:20Z,1164,10,10,0,101,results/D4_bglb/m3/gpu_ledger.csv
D4M3B,shard_14,j1915,358871,GPUA40,NVIDIA A40,2026-10-07T15:57:56Z,2026-10-07T16:23:31Z,1535,10,10,0,101,results/D4_bglb/m3/gpu_ledger.csv
D4M3B,shard_16,j1918,360936,GPUA100,NVIDIA A100 80GB PCIe,2026-10-07T16:23:13Z,2026-10-07T16:42:04Z,1130,10,10,0,101,results/D4_bglb/m3/gpu_ledger.csv
D4M3B,shard_17,j1920,358871,GPUA40,NVIDIA A40,2026-10-07T16:24:54Z,2026-10-07T16:50:29Z,1535,10,10,0,101,results/D4_bglb/m3/gpu_ledger.csv
D4M3B,shard_18,j1922,360936,GPUA100,NVIDIA A100 80GB PCIe,2026-10-07T16:43:24Z,2026-10-07T17:02:38Z,1154,10,10,0,101,results/D4_bglb/m3/gpu_ledger.csv
D4M3B,shard_19,j1924,358871,GPUA40,NVIDIA A40,2026-10-07T16:51:48Z,2026-10-07T17:17:34Z,1546,10,10,0,101,results/D4_bglb/m3/gpu_ledger.csv
D4M3B,shard_20,j1926,360936,GPUA100,NVIDIA A100 80GB PCIe,2026-10-07T17:04:13Z,2026-10-07T17:23:17Z,1144,10,10,0,101,results/D4_bglb/m3/gpu_ledger.csv
D4M3B,shard_22,j1930,360936,GPUA100,NVIDIA A100 80GB PCIe,2026-10-07T17:24:40Z,2026-10-07T17:43:47Z,1147,10,10,0,101,results/D4_bglb/m3/gpu_ledger.csv
D4M3B,shard_21,j1928,358871,GPUA40,NVIDIA A40,2026-10-07T17:18:56Z,2026-10-07T17:44:40Z,1544,10,10,0,101,results/D4_bglb/m3/gpu_ledger.csv
D4M3B,shard_23,j1931,360936,GPUA100,NVIDIA A100 80GB PCIe,2026-10-07T17:44:29Z,2026-10-07T18:04:00Z,1171,10,10,0,101,results/D4_bglb/m3/gpu_ledger.csv
D4M3B,shard_24,j1933,358871,GPUA40,NVIDIA A40,2026-10-07T17:45:47Z,2026-10-07T18:11:29Z,1542,10,10,0,101,results/D4_bglb/m3/gpu_ledger.csv
D4M3B,shard_25,j1935,360936,GPUA100,NVIDIA A100 80GB PCIe,2026-10-07T18:05:51Z,2026-10-07T18:25:43Z,1192,10,10,0,101,results/D4_bglb/m3/gpu_ledger.csv
D4M3B,shard_26,j1937,358871,GPUA40,NVIDIA A40,2026-10-07T18:12:36Z,2026-10-07T18:38:11Z,1535,10,10,0,101,results/D4_bglb/m3/gpu_ledger.csv
D4M3B,shard_27,j1939,360936,GPUA100,NVIDIA A100 80GB PCIe,2026-10-07T18:27:16Z,2026-10-07T18:46:15Z,1139,10,10,0,101,results/D4_bglb/m3/gpu_ledger.csv
D4M3B,shard_28,j1941,358871,GPUA40,NVIDIA A40,2026-10-07T18:39:42Z,2026-10-07T19:05:24Z,1542,10,10,0,101,results/D4_bglb/m3/gpu_ledger.csv
D4M3B,shard_29,j1943,360936,GPUA100,NVIDIA A100 80GB PCIe,2026-10-07T18:47:35Z,2026-10-07T19:07:00Z,1165,10,10,0,101,results/D4_bglb/m3/gpu_ledger.csv
D4M3B,shard_31,j1947,360936,GPUA100,NVIDIA A100 80GB PCIe,2026-10-07T19:08:27Z,2026-10-07T19:27:36Z,1149,10,10,0,101,results/D4_bglb/m3/gpu_ledger.csv
D4M3B,shard_30,j1945,358871,GPUA40,NVIDIA A40,2026-10-07T19:06:46Z,2026-10-07T19:32:27Z,1541,10,10,0,101,results/D4_bglb/m3/gpu_ledger.csv
D4M3B,shard_32,j1948,360936,GPUA100,NVIDIA A100 80GB PCIe,2026-10-07T19:28:54Z,2026-10-07T19:48:13Z,1159,10,10,0,101,results/D4_bglb/m3/gpu_ledger.csv
D4M3B,shard_33,j1950,358871,GPUA40,NVIDIA A40,2026-10-07T19:33:40Z,2026-10-07T19:59:24Z,1544,10,10,0,101,results/D4_bglb/m3/gpu_ledger.csv
D4M3B,shard_34,j1952,360936,GPUA100,NVIDIA A100 80GB PCIe,2026-10-07T19:49:13Z,2026-10-07T20:08:27Z,1154,10,10,0,101,results/D4_bglb/m3/gpu_ledger.csv
D4M3B,shard_35,j1954,358871,GPUA40,NVIDIA A40,2026-10-07T20:00:38Z,2026-10-07T20:26:04Z,1526,10,10,0,101,results/D4_bglb/m3/gpu_ledger.csv
D4M3B,shard_36,j1956,360936,GPUA100,NVIDIA A100 80GB PCIe,2026-10-07T20:10:27Z,2026-10-07T20:29:58Z,1171,10,10,0,101,results/D4_bglb/m3/gpu_ledger.csv
D4M3B,shard_38,j1960,360936,GPUA100,NVIDIA A100 80GB PCIe,2026-10-07T20:31:43Z,2026-10-07T20:50:41Z,1138,10,10,0,101,results/D4_bglb/m3/gpu_ledger.csv
D4M3B,shard_37,j1958,358871,GPUA40,NVIDIA A40,2026-10-07T20:27:22Z,2026-10-07T20:52:48Z,1526,10,10,0,101,results/D4_bglb/m3/gpu_ledger.csv
D4M3B,shard_39,j1961,360936,GPUA100,NVIDIA A100 80GB PCIe,2026-10-07T20:51:41Z,2026-10-07T21:11:28Z,1187,10,10,0,101,results/D4_bglb/m3/gpu_ledger.csv
D4M3B,shard_40,j1963,358871,GPUA40,NVIDIA A40,2026-10-07T20:54:00Z,2026-10-07T21:19:33Z,1533,10,10,0,101,results/D4_bglb/m3/gpu_ledger.csv
D4M3B,shard_41,j1965,360936,GPUA100,NVIDIA A100 80GB PCIe,2026-10-07T21:12:54Z,2026-10-07T21:32:50Z,1196,10,10,0,101,results/D4_bglb/m3/gpu_ledger.csv
D4M3B,shard_43,j1969,360936,GPUA100,NVIDIA A100 80GB PCIe,2026-10-07T21:34:27Z,2026-10-07T21:40:38Z,371,2,2,0,101,results/D4_bglb/m3/gpu_ledger.csv
D4M3B,shard_42,j1967,358871,GPUA40,NVIDIA A40,2026-10-07T21:20:39Z,2026-10-07T21:46:19Z,1540,10,10,0,101,results/D4_bglb/m3/gpu_ledger.csv
,,j1970,,,,2026-10-08T01:13:45Z,2026-10-08T01:18:34Z,289,,,,101,results/P5_1B/gpu_ledger.csv
,,j1971,,,,2026-10-08T01:20:08Z,2026-10-08T01:36:08Z,960,,,,101,results/P5_1B/gpu_ledger.csv
,,j1971,,,,2026-10-08T01:36:08Z,2026-10-08T01:50:40Z,872,,,,101,results/P5_1B/gpu_ledger.csv
,,j1971,,,,2026-10-08T01:50:40Z,2026-10-08T02:06:15Z,935,,,,101,results/P5_1B/gpu_ledger.csv
,,j1971,,,,2026-10-08T02:06:15Z,2026-10-08T02:21:57Z,942,,,,101,results/P5_1B/gpu_ledger.csv
,,j1971,,,,2026-10-08T02:21:57Z,2026-10-08T02:39:01Z,1024,,,,101,results/P5_1B/gpu_ledger.csv
,,j1971,,,,2026-10-08T02:39:01Z,2026-10-08T02:45:01Z,360,,,,101,results/P5_1B/gpu_ledger.csv
,,j1972,,,,2026-10-08T02:46:40Z,2026-10-08T02:57:54Z,674,,,,202,results/P5_1B/gpu_ledger.csv
,,j1972,,,,2026-10-08T02:57:54Z,2026-10-08T03:12:47Z,893,,,,202,results/P5_1B/gpu_ledger.csv
,,j1972,,,,2026-10-08T03:12:47Z,2026-10-08T03:22:51Z,604,,,,202,results/P5_1B/gpu_ledger.csv
,,j1972,,,,2026-10-08T03:22:51Z,2026-10-08T03:35:51Z,780,,,,202,results/P5_1B/gpu_ledger.csv
,,j1972,,,,2026-10-08T03:35:51Z,2026-10-08T03:48:49Z,778,,,,202,results/P5_1B/gpu_ledger.csv
,,j1972,,,,2026-10-08T03:48:49Z,2026-10-08T04:00:41Z,712,,,,202,results/P5_1B/gpu_ledger.csv
