claim_type,unit,n_units,n_clusters,cluster_def,k,N,k_of_N,denominator_def,headline_ok,status,licence_flag,rank,rank_in_table_6,metric_name,canonical_key,source,input_class,role,n_designs,n_active,auroc,auroc_ci_lo,auroc_ci_hi,higher_in,auroc_directed,above_best_of_all_metrics_threshold,in_table_6,applicability_status
discrimination,design,192,136,backbone cluster (the bootstrap resamples clusters),,,,one metric on the 192 plated designs; active against no active; best-of-128 threshold 0.7473 (median 0.6856),0,complete,public,1,1,rosetta_cat_fa_intra_rep,rosetta_cat_fa_intra_rep,structure-space,struct_site,main,192,16,0.8018,0.6385,0.8929,no active,0.1982,1,1,OK
discrimination,design,192,136,backbone cluster (the bootstrap resamples clusters),,,,one metric on the 192 plated designs; active against no active; best-of-128 threshold 0.7473 (median 0.6856),0,complete,public,2,,frac_G,frac_G,structure-space,seq_only,supp_global,192,16,0.7926,0.6157,0.8698,no active,0.2074,1,0,GLOBAL
discrimination,design,192,136,backbone cluster (the bootstrap resamples clusters),,,,one metric on the 192 plated designs; active against no active; best-of-128 threshold 0.7473 (median 0.6856),0,complete,public,3,,rosetta_ref,rosetta_ref,structure-space,bookkeeping,excluded_bookkeeping,192,16,0.7876,0.6708,0.8914,no active,0.2124,1,0,X-BOOKKEEP
discrimination,design,192,136,backbone cluster (the bootstrap resamples clusters),,,,one metric on the 192 plated designs; active against no active; best-of-128 threshold 0.7473 (median 0.6856),0,complete,public,4,,frac_E,frac_E,structure-space,seq_only,supp_global,192,16,0.7848,0.6559,0.865,active,0.7848,1,0,GLOBAL
discrimination,design,192,136,backbone cluster (the bootstrap resamples clusters),,,,one metric on the 192 plated designs; active against no active; best-of-128 threshold 0.7473 (median 0.6856),0,complete,public,5,,glu_fraction,frac_E,structure-space,seq_only,supp_global,192,16,0.7848,0.6559,0.865,active,0.7848,1,0,GLOBAL
discrimination,design,192,136,backbone cluster (the bootstrap resamples clusters),,,,one metric on the 192 plated designs; active against no active; best-of-128 threshold 0.7473 (median 0.6856),0,complete,public,6,2,rosetta_cat_fa_rep,rosetta_cat_fa_rep,structure-space,struct_site,main,192,16,0.7765,0.5714,0.918,no active,0.2235,1,1,OK
discrimination,design,192,136,backbone cluster (the bootstrap resamples clusters),,,,one metric on the 192 plated designs; active against no active; best-of-128 threshold 0.7473 (median 0.6856),0,complete,public,7,,rosetta_catalytic_vdw_rep,rosetta_cat_fa_rep,structure-space,struct_site,main,192,16,0.7765,0.5714,0.918,no active,0.2235,1,0,OK
discrimination,design,192,136,backbone cluster (the bootstrap resamples clusters),,,,one metric on the 192 plated designs; active against no active; best-of-128 threshold 0.7473 (median 0.6856),0,complete,public,8,,rosetta_catalytic_vdw_rep_per_res,rosetta_catalytic_vdw_rep_per_res,structure-space,struct_site,supp_aggregate,192,16,0.7765,0.5714,0.918,no active,0.2235,1,0,OK
discrimination,design,192,136,backbone cluster (the bootstrap resamples clusters),,,,one metric on the 192 plated designs; active against no active; best-of-128 threshold 0.7473 (median 0.6856),0,complete,public,9,,rosetta_omega,rosetta_omega,structure-space,struct_whole,supp_global,192,16,0.7756,0.5483,0.8883,no active,0.2244,1,0,GLOBAL
discrimination,design,192,136,backbone cluster (the bootstrap resamples clusters),,,,one metric on the 192 plated designs; active against no active; best-of-128 threshold 0.7473 (median 0.6856),0,complete,public,10,,frac_D,frac_D,structure-space,seq_only,supp_global,192,16,0.7635,0.5868,0.924,no active,0.2365,1,0,GLOBAL
discrimination,design,192,136,backbone cluster (the bootstrap resamples clusters),,,,one metric on the 192 plated designs; active against no active; best-of-128 threshold 0.7473 (median 0.6856),0,complete,public,11,3,frac_Y,frac_Y,structure-space,seq_only,reference,192,16,0.747,0.5537,0.8635,active,0.747,0,1,REF
discrimination,design,192,136,backbone cluster (the bootstrap resamples clusters),,,,one metric on the 192 plated designs; active against no active; best-of-128 threshold 0.7473 (median 0.6856),0,complete,public,12,,rosetta_p_aa_pp,rosetta_p_aa_pp,structure-space,struct_whole,supp_global,192,16,0.7415,0.5409,0.8514,active,0.7415,0,0,GLOBAL
discrimination,design,192,136,backbone cluster (the bootstrap resamples clusters),,,,one metric on the 192 plated designs; active against no active; best-of-128 threshold 0.7473 (median 0.6856),0,complete,public,13,,frac_aromatic,frac_aromatic,structure-space,seq_only,supp_global,192,16,0.7354,0.5384,0.8619,active,0.7354,0,0,GLOBAL
discrimination,design,192,136,backbone cluster (the bootstrap resamples clusters),,,,one metric on the 192 plated designs; active against no active; best-of-128 threshold 0.7473 (median 0.6856),0,complete,public,14,,chai_ptm_max,chai_ptm,prediction-based,pred_global,reference,192,16,0.7276,0.5511,0.8538,active,0.7276,0,0,GLOBAL
discrimination,design,192,136,backbone cluster (the bootstrap resamples clusters),,,,one metric on the 192 plated designs; active against no active; best-of-128 threshold 0.7473 (median 0.6856),0,complete,public,15,,chai_plddt_best_model,chai_plddt_best_model,prediction-based,pred_global,supp_global,192,16,0.7273,0.5318,0.8655,active,0.7273,0,0,GLOBAL
discrimination,design,192,136,backbone cluster (the bootstrap resamples clusters),,,,one metric on the 192 plated designs; active against no active; best-of-128 threshold 0.7473 (median 0.6856),0,complete,public,16,4,chai_plddt_mean,chai_plddt,prediction-based,pred_global,reference,192,16,0.7273,0.5304,0.8626,active,0.7273,0,1,REF
discrimination,design,192,136,backbone cluster (the bootstrap resamples clusters),,,,one metric on the 192 plated designs; active against no active; best-of-128 threshold 0.7473 (median 0.6856),0,complete,public,17,5,chai_ptm_mean,chai_ptm,prediction-based,pred_global,reference,192,16,0.7244,0.5434,0.8452,active,0.7244,0,1,REF
discrimination,design,192,136,backbone cluster (the bootstrap resamples clusters),,,,one metric on the 192 plated designs; active against no active; best-of-128 threshold 0.7473 (median 0.6856),0,complete,public,18,,rosetta_fa_rep,rosetta_fa_rep,structure-space,struct_whole,supp_global,192,16,0.7244,0.5973,0.8204,no active,0.2756,0,0,GLOBAL
discrimination,design,192,136,backbone cluster (the bootstrap resamples clusters),,,,one metric on the 192 plated designs; active against no active; best-of-128 threshold 0.7473 (median 0.6856),0,complete,public,19,,mean_hydropathy,mean_hydropathy,structure-space,seq_only,supp_global,192,16,0.7212,0.5283,0.8284,no active,0.2788,0,0,GLOBAL
discrimination,design,192,136,backbone cluster (the bootstrap resamples clusters),,,,one metric on the 192 plated designs; active against no active; best-of-128 threshold 0.7473 (median 0.6856),0,complete,public,20,,chai_per_chain_ptm_min_max,chai_per_chain_ptm_min,prediction-based,pred_interface,main,192,16,0.7131,0.5615,0.8356,active,0.7131,0,0,OK
discrimination,design,192,136,backbone cluster (the bootstrap resamples clusters),,,,one metric on the 192 plated designs; active against no active; best-of-128 threshold 0.7473 (median 0.6856),0,complete,public,21,,chai_aggregate_score_max,chai_aggregate_score,prediction-based,pred_interface,supp_derived,192,16,0.7109,0.5314,0.8538,active,0.7109,0,0,OK
discrimination,design,192,136,backbone cluster (the bootstrap resamples clusters),,,,one metric on the 192 plated designs; active against no active; best-of-128 threshold 0.7473 (median 0.6856),0,complete,public,22,6,rosetta_cat_total,rosetta_cat_total,structure-space,struct_site,main,192,16,0.7092,0.5232,0.8182,no active,0.2908,0,1,OK
discrimination,design,192,136,backbone cluster (the bootstrap resamples clusters),,,,one metric on the 192 plated designs; active against no active; best-of-128 threshold 0.7473 (median 0.6856),0,complete,public,23,,rosetta_cat_total_mean,rosetta_cat_total_mean,structure-space,struct_site,supp_aggregate,192,16,0.7092,0.5232,0.8182,no active,0.2908,0,0,OK
discrimination,design,192,136,backbone cluster (the bootstrap resamples clusters),,,,one metric on the 192 plated designs; active against no active; best-of-128 threshold 0.7473 (median 0.6856),0,complete,public,24,,chai_iptm_max,chai_iptm,prediction-based,pred_interface,main,192,16,0.7063,0.5309,0.851,active,0.7063,0,0,OK
discrimination,design,192,136,backbone cluster (the bootstrap resamples clusters),,,,one metric on the 192 plated designs; active against no active; best-of-128 threshold 0.7473 (median 0.6856),0,complete,public,25,7,rosetta_cat_fa_dun,rosetta_cat_fa_dun,structure-space,struct_site,main,192,16,0.7054,0.5836,0.879,no active,0.2946,0,1,OK
discrimination,design,192,136,backbone cluster (the bootstrap resamples clusters),,,,one metric on the 192 plated designs; active against no active; best-of-128 threshold 0.7473 (median 0.6856),0,complete,public,26,,chai_aggregate_score_mean,chai_aggregate_score,prediction-based,pred_interface,supp_derived,192,16,0.6978,0.5208,0.8435,active,0.6978,0,0,OK
discrimination,design,192,136,backbone cluster (the bootstrap resamples clusters),,,,one metric on the 192 plated designs; active against no active; best-of-128 threshold 0.7473 (median 0.6856),0,complete,public,27,,chai_plddt_min,chai_plddt_min,prediction-based,pred_global,supp_global,192,16,0.6978,0.5157,0.8395,active,0.6978,0,0,GLOBAL
discrimination,design,192,136,backbone cluster (the bootstrap resamples clusters),,,,one metric on the 192 plated designs; active against no active; best-of-128 threshold 0.7473 (median 0.6856),0,complete,public,28,8,chai_per_chain_ptm_min_mean,chai_per_chain_ptm_min,prediction-based,pred_interface,main,192,16,0.6971,0.5432,0.8272,active,0.6971,0,1,OK
discrimination,design,192,136,backbone cluster (the bootstrap resamples clusters),,,,one metric on the 192 plated designs; active against no active; best-of-128 threshold 0.7473 (median 0.6856),0,complete,public,29,9,chai_iptm_mean,chai_iptm,prediction-based,pred_interface,main,192,16,0.6953,0.5193,0.8424,active,0.6953,0,1,OK
discrimination,design,192,136,backbone cluster (the bootstrap resamples clusters),,,,one metric on the 192 plated designs; active against no active; best-of-128 threshold 0.7473 (median 0.6856),0,complete,public,30,,ame_self_rmsd_mean,ame_self_rmsd,prediction-based,ame,supp_excluded,192,16,0.6918,0.5155,0.845,no active,0.3082,0,0,OK
discrimination,design,192,136,backbone cluster (the bootstrap resamples clusters),,,,one metric on the 192 plated designs; active against no active; best-of-128 threshold 0.7473 (median 0.6856),0,complete,public,31,,ame_self_rmsd_max,ame_self_rmsd,prediction-based,ame,supp_excluded,192,16,0.6879,0.5155,0.8435,no active,0.3121,0,0,OK
discrimination,design,192,136,backbone cluster (the bootstrap resamples clusters),,,,one metric on the 192 plated designs; active against no active; best-of-128 threshold 0.7473 (median 0.6856),0,complete,public,32,,ame_self_rmsd_min,ame_self_rmsd,prediction-based,ame,supp_excluded,192,16,0.6793,0.5135,0.8349,no active,0.3207,0,0,OK
discrimination,design,192,136,backbone cluster (the bootstrap resamples clusters),,,,one metric on the 192 plated designs; active against no active; best-of-128 threshold 0.7473 (median 0.6856),0,complete,public,33,,ame_self_rmsd_naive_min,ame_self_rmsd,prediction-based,ame,supp_excluded,192,16,0.6793,0.5135,0.8349,no active,0.3207,0,0,OK
discrimination,design,192,136,backbone cluster (the bootstrap resamples clusters),,,,one metric on the 192 plated designs; active against no active; best-of-128 threshold 0.7473 (median 0.6856),0,complete,public,34,,rosetta_n_residues,seq_length,structure-space,bookkeeping,reference,192,16,0.6783,0.509,0.8553,no active,0.3217,0,0,X-BOOKKEEP
discrimination,design,192,136,backbone cluster (the bootstrap resamples clusters),,,,one metric on the 192 plated designs; active against no active; best-of-128 threshold 0.7473 (median 0.6856),0,complete,public,35,10,seq_length,seq_length,structure-space,seq_only,reference,192,16,0.6783,0.509,0.8553,no active,0.3217,0,1,REF
discrimination,design,192,136,backbone cluster (the bootstrap resamples clusters),,,,one metric on the 192 plated designs; active against no active; best-of-128 threshold 0.7473 (median 0.6856),0,complete,public,36,11,rosetta_cat_worst_residue,rosetta_cat_worst_residue,structure-space,struct_site,main,192,16,0.6761,0.5196,0.7839,no active,0.3239,0,1,OK
discrimination,design,192,136,backbone cluster (the bootstrap resamples clusters),,,,one metric on the 192 plated designs; active against no active; best-of-128 threshold 0.7473 (median 0.6856),0,complete,public,37,,frac_V,frac_V,structure-space,seq_only,supp_global,192,16,0.6752,0.5183,0.8175,no active,0.3248,0,0,GLOBAL
discrimination,design,192,136,backbone cluster (the bootstrap resamples clusters),,,,one metric on the 192 plated designs; active against no active; best-of-128 threshold 0.7473 (median 0.6856),0,complete,public,38,,rosetta_fa_atr,rosetta_fa_atr,structure-space,struct_whole,supp_global,192,16,0.6729,0.5096,0.85,active,0.6729,0,0,GLOBAL
discrimination,design,192,136,backbone cluster (the bootstrap resamples clusters),,,,one metric on the 192 plated designs; active against no active; best-of-128 threshold 0.7473 (median 0.6856),0,complete,public,39,,frac_charged,frac_charged,structure-space,seq_only,supp_global,192,16,0.6713,0.5112,0.8287,active,0.6713,0,0,GLOBAL
discrimination,design,192,136,backbone cluster (the bootstrap resamples clusters),,,,one metric on the 192 plated designs; active against no active; best-of-128 threshold 0.7473 (median 0.6856),0,complete,public,40,12,rosetta_cat_fa_atr,rosetta_cat_fa_atr,structure-space,struct_site,main,192,16,0.6683,0.5668,0.8212,active,0.6683,0,1,OK
discrimination,design,192,136,backbone cluster (the bootstrap resamples clusters),,,,one metric on the 192 plated designs; active against no active; best-of-128 threshold 0.7473 (median 0.6856),0,complete,public,41,,rosetta_catalytic_vdw_atr,rosetta_cat_fa_atr,structure-space,struct_site,main,192,16,0.6683,0.5668,0.8212,active,0.6683,0,0,OK
discrimination,design,192,136,backbone cluster (the bootstrap resamples clusters),,,,one metric on the 192 plated designs; active against no active; best-of-128 threshold 0.7473 (median 0.6856),0,complete,public,42,,rosetta_lk_ball_wtd,rosetta_lk_ball_wtd,structure-space,struct_whole,supp_global,192,16,0.6676,0.5079,0.847,active,0.6676,0,0,GLOBAL
discrimination,design,192,136,backbone cluster (the bootstrap resamples clusters),,,,one metric on the 192 plated designs; active against no active; best-of-128 threshold 0.7473 (median 0.6856),0,complete,public,43,13,rosetta_cat_lk_ball_wtd,rosetta_cat_lk_ball_wtd,structure-space,struct_site,main,192,16,0.6628,0.5421,0.821,active,0.6628,0,1,OK
discrimination,design,192,136,backbone cluster (the bootstrap resamples clusters),,,,one metric on the 192 plated designs; active against no active; best-of-128 threshold 0.7473 (median 0.6856),0,complete,public,44,,rosetta_fa_intra_rep,rosetta_fa_intra_rep,structure-space,struct_whole,supp_global,192,16,0.6623,0.5077,0.849,no active,0.3377,0,0,GLOBAL
discrimination,design,192,136,backbone cluster (the bootstrap resamples clusters),,,,one metric on the 192 plated designs; active against no active; best-of-128 threshold 0.7473 (median 0.6856),0,complete,public,45,,ame_self_clash_max,ame_self_clash_max,prediction-based,pred_interface,supp_excluded,192,16,0.6559,0.5198,0.7805,active,0.6559,0,0,OK
discrimination,design,192,136,backbone cluster (the bootstrap resamples clusters),,,,one metric on the 192 plated designs; active against no active; best-of-128 threshold 0.7473 (median 0.6856),0,complete,public,46,,rosetta_hbond_bb_sc,rosetta_hbond_bb_sc,structure-space,struct_whole,supp_global,192,16,0.6534,0.5072,0.8304,active,0.6534,0,0,GLOBAL
discrimination,design,192,136,backbone cluster (the bootstrap resamples clusters),,,,one metric on the 192 plated designs; active against no active; best-of-128 threshold 0.7473 (median 0.6856),0,complete,public,47,14,catalytic_sasa_total,catalytic_sasa_total,structure-space,struct_site,main,192,16,0.6522,0.5362,0.8884,active,0.6522,0,1,OK
discrimination,design,192,136,backbone cluster (the bootstrap resamples clusters),,,,one metric on the 192 plated designs; active against no active; best-of-128 threshold 0.7473 (median 0.6856),0,complete,public,48,,rosetta_fa_elec,rosetta_fa_elec,structure-space,struct_whole,supp_global,192,16,0.6516,0.5076,0.8461,active,0.6516,0,0,GLOBAL
discrimination,design,192,136,backbone cluster (the bootstrap resamples clusters),,,,one metric on the 192 plated designs; active against no active; best-of-128 threshold 0.7473 (median 0.6856),0,complete,public,49,15,catalytic_rel_sasa_mean,catalytic_rel_sasa_mean,structure-space,struct_site,main,192,16,0.6504,0.5344,0.8865,active,0.6504,0,1,OK
discrimination,design,192,136,backbone cluster (the bootstrap resamples clusters),,,,one metric on the 192 plated designs; active against no active; best-of-128 threshold 0.7473 (median 0.6856),0,complete,public,50,,catalytic_sasa_mean,catalytic_sasa_mean,structure-space,struct_site,supp_aggregate,192,16,0.6504,0.5344,0.8865,active,0.6504,0,0,OK
discrimination,design,192,136,backbone cluster (the bootstrap resamples clusters),,,,one metric on the 192 plated designs; active against no active; best-of-128 threshold 0.7473 (median 0.6856),0,complete,public,51,,chai_plddt_std_across_models,chai_plddt_std_across_models,prediction-based,pred_global,supp_global,192,16,0.6499,0.5086,0.8017,no active,0.3501,0,0,GLOBAL
discrimination,design,192,136,backbone cluster (the bootstrap resamples clusters),,,,one metric on the 192 plated designs; active against no active; best-of-128 threshold 0.7473 (median 0.6856),0,complete,public,52,,chai_per_chain_ptm_protein_mean,chai_per_chain_ptm_protein,prediction-based,pred_global,supp_global,192,16,0.646,0.5181,0.7959,active,0.646,0,0,GLOBAL
discrimination,design,192,136,backbone cluster (the bootstrap resamples clusters),,,,one metric on the 192 plated designs; active against no active; best-of-128 threshold 0.7473 (median 0.6856),0,complete,public,53,,frac_F,frac_F,structure-space,seq_only,supp_global,192,16,0.6447,0.5143,0.7705,active,0.6447,0,0,GLOBAL
discrimination,design,192,136,backbone cluster (the bootstrap resamples clusters),,,,one metric on the 192 plated designs; active against no active; best-of-128 threshold 0.7473 (median 0.6856),0,complete,public,54,,chai_per_chain_ptm_protein_max,chai_per_chain_ptm_protein,prediction-based,pred_global,supp_global,192,16,0.6424,0.517,0.7959,active,0.6424,0,0,GLOBAL
discrimination,design,192,136,backbone cluster (the bootstrap resamples clusters),,,,one metric on the 192 plated designs; active against no active; best-of-128 threshold 0.7473 (median 0.6856),0,complete,public,55,16,rosetta_cat_fa_elec,rosetta_cat_fa_elec,structure-space,struct_site,main,192,16,0.6413,0.5074,0.7881,no active,0.3587,0,1,OK
discrimination,design,192,136,backbone cluster (the bootstrap resamples clusters),,,,one metric on the 192 plated designs; active against no active; best-of-128 threshold 0.7473 (median 0.6856),0,complete,public,56,,rosetta_total_score,rosetta_total_score,structure-space,struct_whole,supp_global,192,16,0.6396,0.5057,0.7991,active,0.6396,0,0,GLOBAL
discrimination,design,192,136,backbone cluster (the bootstrap resamples clusters),,,,one metric on the 192 plated designs; active against no active; best-of-128 threshold 0.7473 (median 0.6856),0,complete,public,57,,chai_per_chain_ptm_min_std,chai_per_chain_ptm_min,prediction-based,pred_interface,main,192,16,0.6371,0.5077,0.8904,active,0.6371,0,0,OK
discrimination,design,192,136,backbone cluster (the bootstrap resamples clusters),,,,one metric on the 192 plated designs; active against no active; best-of-128 threshold 0.7473 (median 0.6856),0,complete,public,58,17,catalytic_pairwise_dist_max,catalytic_pairwise_dist_max,structure-space,struct_site,main,192,16,0.6351,0.5098,0.7701,active,0.6351,0,1,OK
discrimination,design,192,136,backbone cluster (the bootstrap resamples clusters),,,,one metric on the 192 plated designs; active against no active; best-of-128 threshold 0.7473 (median 0.6856),0,complete,public,59,,rosetta_fa_sol,rosetta_fa_sol,structure-space,struct_whole,supp_global,192,16,0.6243,0.5062,0.8494,no active,0.3757,0,0,GLOBAL
discrimination,design,192,136,backbone cluster (the bootstrap resamples clusters),,,,one metric on the 192 plated designs; active against no active; best-of-128 threshold 0.7473 (median 0.6856),0,complete,public,60,18,catalytic_rel_sasa_max,catalytic_rel_sasa_max,structure-space,struct_site,main,192,16,0.6239,0.5236,0.8393,active,0.6239,0,1,OK
discrimination,design,192,136,backbone cluster (the bootstrap resamples clusters),,,,one metric on the 192 plated designs; active against no active; best-of-128 threshold 0.7473 (median 0.6856),0,complete,public,61,,ame_self_rmsd_std,ame_self_rmsd,prediction-based,ame,supp_excluded,192,16,0.6218,0.5086,0.7532,no active,0.3782,0,0,OK
discrimination,design,192,136,backbone cluster (the bootstrap resamples clusters),,,,one metric on the 192 plated designs; active against no active; best-of-128 threshold 0.7473 (median 0.6856),0,complete,public,62,,chai_per_chain_ptm_protein_std,chai_per_chain_ptm_protein,prediction-based,pred_global,supp_global,192,16,0.6204,0.5078,0.7643,no active,0.3796,0,0,GLOBAL
discrimination,design,192,136,backbone cluster (the bootstrap resamples clusters),,,,one metric on the 192 plated designs; active against no active; best-of-128 threshold 0.7473 (median 0.6856),0,complete,public,63,,frac_K,frac_K,structure-space,seq_only,supp_global,192,16,0.6202,0.5075,0.8802,active,0.6202,0,0,GLOBAL
discrimination,design,192,136,backbone cluster (the bootstrap resamples clusters),,,,one metric on the 192 plated designs; active against no active; best-of-128 threshold 0.7473 (median 0.6856),0,complete,public,64,,lys_fraction,frac_K,structure-space,seq_only,supp_global,192,16,0.6202,0.5075,0.8802,active,0.6202,0,0,GLOBAL
discrimination,design,192,136,backbone cluster (the bootstrap resamples clusters),,,,one metric on the 192 plated designs; active against no active; best-of-128 threshold 0.7473 (median 0.6856),0,complete,public,65,,frac_L,frac_L,structure-space,seq_only,supp_global,192,16,0.62,0.5066,0.776,no active,0.38,0,0,GLOBAL
discrimination,design,192,136,backbone cluster (the bootstrap resamples clusters),,,,one metric on the 192 plated designs; active against no active; best-of-128 threshold 0.7473 (median 0.6856),0,complete,public,66,,catalytic_polar_dist_mean,catalytic_polar_dist_mean,structure-space,struct_site,supp_partial,182,16,0.6162,0.5119,0.785,active,0.6162,0,0,OK
discrimination,design,192,136,backbone cluster (the bootstrap resamples clusters),,,,one metric on the 192 plated designs; active against no active; best-of-128 threshold 0.7473 (median 0.6856),0,complete,public,67,19,catalytic_pairwise_dist_mean,catalytic_pairwise_dist_mean,structure-space,struct_site,main,192,16,0.611,0.5114,0.773,active,0.611,0,1,OK
discrimination,design,192,136,backbone cluster (the bootstrap resamples clusters),,,,one metric on the 192 plated designs; active against no active; best-of-128 threshold 0.7473 (median 0.6856),0,complete,public,68,20,catalytic_radius_of_gyration,catalytic_radius_of_gyration,structure-space,struct_site,main,192,16,0.611,0.5088,0.7735,active,0.611,0,1,OK
discrimination,design,192,136,backbone cluster (the bootstrap resamples clusters),,,,one metric on the 192 plated designs; active against no active; best-of-128 threshold 0.7473 (median 0.6856),0,complete,public,69,,rosetta_fa_dun,rosetta_fa_dun,structure-space,struct_whole,supp_global,192,16,0.609,0.5056,0.8571,no active,0.391,0,0,GLOBAL
discrimination,design,192,136,backbone cluster (the bootstrap resamples clusters),,,,one metric on the 192 plated designs; active against no active; best-of-128 threshold 0.7473 (median 0.6856),0,complete,public,70,,total_sasa,total_sasa,structure-space,struct_whole,supp_global,192,16,0.6055,0.5055,0.8366,no active,0.3945,0,0,GLOBAL
discrimination,design,192,136,backbone cluster (the bootstrap resamples clusters),,,,one metric on the 192 plated designs; active against no active; best-of-128 threshold 0.7473 (median 0.6856),0,complete,public,71,21,rosetta_cat_hbond_sc,rosetta_cat_hbond_sc,structure-space,struct_site,main,192,16,0.6051,0.5067,0.7294,no active,0.3949,0,1,OK
discrimination,design,192,136,backbone cluster (the bootstrap resamples clusters),,,,one metric on the 192 plated designs; active against no active; best-of-128 threshold 0.7473 (median 0.6856),0,complete,public,72,22,rosetta_cat_fa_sol,rosetta_cat_fa_sol,structure-space,struct_site,main,192,16,0.6025,0.5109,0.7073,no active,0.3975,0,1,OK
discrimination,design,192,136,backbone cluster (the bootstrap resamples clusters),,,,one metric on the 192 plated designs; active against no active; best-of-128 threshold 0.7473 (median 0.6856),0,complete,public,73,23,rosetta_cat_p_aa_pp,rosetta_cat_p_aa_pp,structure-space,struct_site,main,192,16,0.6017,0.5062,0.7302,active,0.6017,0,1,OK
discrimination,design,192,136,backbone cluster (the bootstrap resamples clusters),,,,one metric on the 192 plated designs; active against no active; best-of-128 threshold 0.7473 (median 0.6856),0,complete,public,74,,frac_I,frac_I,structure-space,seq_only,supp_global,192,16,0.5982,0.5055,0.7377,no active,0.4018,0,0,GLOBAL
discrimination,design,192,136,backbone cluster (the bootstrap resamples clusters),,,,one metric on the 192 plated designs; active against no active; best-of-128 threshold 0.7473 (median 0.6856),0,complete,public,75,,frac_S,frac_S,structure-space,seq_only,supp_global,192,16,0.595,0.5072,0.8514,no active,0.405,0,0,GLOBAL
discrimination,design,192,136,backbone cluster (the bootstrap resamples clusters),,,,one metric on the 192 plated designs; active against no active; best-of-128 threshold 0.7473 (median 0.6856),0,complete,public,76,,frac_A,frac_A,structure-space,seq_only,supp_global,192,16,0.5898,0.5054,0.7748,active,0.5898,0,0,GLOBAL
discrimination,design,192,136,backbone cluster (the bootstrap resamples clusters),,,,one metric on the 192 plated designs; active against no active; best-of-128 threshold 0.7473 (median 0.6856),0,complete,public,77,24,catalytic_polar_contacts,catalytic_polar_contacts,structure-space,struct_site,main,192,16,0.5877,0.5048,0.7388,active,0.5877,0,1,OK
discrimination,design,192,136,backbone cluster (the bootstrap resamples clusters),,,,one metric on the 192 plated designs; active against no active; best-of-128 threshold 0.7473 (median 0.6856),0,complete,public,78,,catalytic_polar_contacts_per_residue,catalytic_polar_contacts_per_residue,structure-space,struct_site,supp_aggregate,192,16,0.5874,0.5045,0.7391,active,0.5874,0,0,OK
discrimination,design,192,136,backbone cluster (the bootstrap resamples clusters),,,,one metric on the 192 plated designs; active against no active; best-of-128 threshold 0.7473 (median 0.6856),0,complete,public,79,25,rosetta_cat_omega,rosetta_cat_omega,structure-space,struct_site,main,192,16,0.5843,0.5049,0.8146,active,0.5843,0,1,OK
discrimination,design,192,136,backbone cluster (the bootstrap resamples clusters),,,,one metric on the 192 plated designs; active against no active; best-of-128 threshold 0.7473 (median 0.6856),0,complete,public,80,,frac_H,frac_H,structure-space,seq_only,supp_global,192,16,0.573,0.5045,0.8209,no active,0.427,0,0,GLOBAL
discrimination,design,192,136,backbone cluster (the bootstrap resamples clusters),,,,one metric on the 192 plated designs; active against no active; best-of-128 threshold 0.7473 (median 0.6856),0,complete,public,81,26,net_charge,net_charge,structure-space,seq_only,reference,192,16,0.5648,0.5053,0.8277,active,0.5648,0,1,REF
discrimination,design,192,136,backbone cluster (the bootstrap resamples clusters),,,,one metric on the 192 plated designs; active against no active; best-of-128 threshold 0.7473 (median 0.6856),0,complete,public,82,27,propka_catalytic_pka_max,propka_catalytic_pka_max,structure-space,struct_site,main,192,16,0.5618,0.5049,0.7811,no active,0.4382,0,1,OK
discrimination,design,192,136,backbone cluster (the bootstrap resamples clusters),,,,one metric on the 192 plated designs; active against no active; best-of-128 threshold 0.7473 (median 0.6856),0,complete,public,83,,rosetta_hbond_sc,rosetta_hbond_sc,structure-space,struct_whole,supp_global,192,16,0.5618,0.5062,0.841,active,0.5618,0,0,GLOBAL
discrimination,design,192,136,backbone cluster (the bootstrap resamples clusters),,,,one metric on the 192 plated designs; active against no active; best-of-128 threshold 0.7473 (median 0.6856),0,complete,public,84,28,propka_catalytic_pka_range,propka_catalytic_pka_range,structure-space,struct_site,main,192,16,0.5545,0.5043,0.7675,no active,0.4455,0,1,OK
discrimination,design,192,136,backbone cluster (the bootstrap resamples clusters),,,,one metric on the 192 plated designs; active against no active; best-of-128 threshold 0.7473 (median 0.6856),0,complete,public,85,,ame_self_pass,ame_self_pass,prediction-based,ame,supp_excluded,192,16,0.554,0.504,0.6883,active,0.554,0,0,OK
discrimination,design,192,136,backbone cluster (the bootstrap resamples clusters),,,,one metric on the 192 plated designs; active against no active; best-of-128 threshold 0.7473 (median 0.6856),0,complete,public,86,,chai_iptm_std,chai_iptm,prediction-based,pred_interface,main,192,16,0.5487,0.5034,0.7693,no active,0.4513,0,0,OK
discrimination,design,192,136,backbone cluster (the bootstrap resamples clusters),,,,one metric on the 192 plated designs; active against no active; best-of-128 threshold 0.7473 (median 0.6856),0,complete,public,87,,rosetta_rama_prepro,rosetta_rama_prepro,structure-space,struct_whole,supp_global,192,16,0.5462,0.5032,0.7766,no active,0.4538,0,0,GLOBAL
discrimination,design,192,136,backbone cluster (the bootstrap resamples clusters),,,,one metric on the 192 plated designs; active against no active; best-of-128 threshold 0.7473 (median 0.6856),0,complete,public,88,,frac_W,frac_W,structure-space,seq_only,supp_global,192,16,0.5458,0.5064,0.8184,no active,0.4542,0,0,GLOBAL
discrimination,design,192,136,backbone cluster (the bootstrap resamples clusters),,,,one metric on the 192 plated designs; active against no active; best-of-128 threshold 0.7473 (median 0.6856),0,complete,public,89,,chai_aggregate_score_std,chai_aggregate_score,prediction-based,pred_interface,supp_derived,192,16,0.544,0.5036,0.7721,no active,0.456,0,0,OK
discrimination,design,192,136,backbone cluster (the bootstrap resamples clusters),,,,one metric on the 192 plated designs; active against no active; best-of-128 threshold 0.7473 (median 0.6856),0,complete,public,90,,frac_ivywrel,frac_ivywrel,structure-space,seq_only,supp_global,192,16,0.5428,0.5047,0.8004,active,0.5428,0,0,GLOBAL
discrimination,design,192,136,backbone cluster (the bootstrap resamples clusters),,,,one metric on the 192 plated designs; active against no active; best-of-128 threshold 0.7473 (median 0.6856),0,complete,public,91,29,rosetta_catalytic_vdw_net,rosetta_catalytic_vdw_net,structure-space,struct_site,main,192,16,0.5408,0.503,0.7962,active,0.5408,0,1,OK
discrimination,design,192,136,backbone cluster (the bootstrap resamples clusters),,,,one metric on the 192 plated designs; active against no active; best-of-128 threshold 0.7473 (median 0.6856),0,complete,public,92,,frac_R,frac_R,structure-space,seq_only,supp_global,192,16,0.5343,0.5036,0.8559,no active,0.4657,0,0,GLOBAL
discrimination,design,192,136,backbone cluster (the bootstrap resamples clusters),,,,one metric on the 192 plated designs; active against no active; best-of-128 threshold 0.7473 (median 0.6856),0,complete,public,93,,rosetta_score_per_residue,rosetta_score_per_residue,structure-space,struct_whole,supp_global,192,16,0.5341,0.5036,0.7819,active,0.5341,0,0,GLOBAL
discrimination,design,192,136,backbone cluster (the bootstrap resamples clusters),,,,one metric on the 192 plated designs; active against no active; best-of-128 threshold 0.7473 (median 0.6856),0,complete,public,94,,frac_N,frac_N,structure-space,seq_only,supp_global,192,16,0.5334,0.5036,0.7958,no active,0.4666,0,0,GLOBAL
discrimination,design,192,136,backbone cluster (the bootstrap resamples clusters),,,,one metric on the 192 plated designs; active against no active; best-of-128 threshold 0.7473 (median 0.6856),0,complete,public,95,30,catalytic_frac_buried,catalytic_frac_buried,structure-space,struct_site,main,192,16,0.5291,0.5021,0.6994,no active,0.4709,0,1,OK
discrimination,design,192,136,backbone cluster (the bootstrap resamples clusters),,,,one metric on the 192 plated designs; active against no active; best-of-128 threshold 0.7473 (median 0.6856),0,complete,public,96,31,propka_catalytic_pka_mean,propka_catalytic_pka_mean,structure-space,struct_site,main,192,16,0.5259,0.5034,0.7126,no active,0.4741,0,1,OK
discrimination,design,192,136,backbone cluster (the bootstrap resamples clusters),,,,one metric on the 192 plated designs; active against no active; best-of-128 threshold 0.7473 (median 0.6856),0,complete,public,97,32,propka_catalytic_shift_mean,propka_catalytic_shift_mean,structure-space,struct_site,main,192,16,0.5257,0.5034,0.7126,no active,0.4743,0,1,OK
discrimination,design,192,136,backbone cluster (the bootstrap resamples clusters),,,,one metric on the 192 plated designs; active against no active; best-of-128 threshold 0.7473 (median 0.6856),0,complete,public,98,33,rosetta_cat_hbond_bb_sc,rosetta_cat_hbond_bb_sc,structure-space,struct_site,main,192,16,0.5257,0.5036,0.6964,no active,0.4743,0,1,OK
discrimination,design,192,136,backbone cluster (the bootstrap resamples clusters),,,,one metric on the 192 plated designs; active against no active; best-of-128 threshold 0.7473 (median 0.6856),0,complete,public,99,34,propka_catalytic_pka_min,propka_catalytic_pka_min,structure-space,struct_site,main,192,16,0.5206,0.5023,0.6667,active,0.5206,0,1,OK
discrimination,design,192,136,backbone cluster (the bootstrap resamples clusters),,,,one metric on the 192 plated designs; active against no active; best-of-128 threshold 0.7473 (median 0.6856),0,complete,public,100,35,propka_catalytic_shift_absmax,propka_catalytic_shift_absmax,structure-space,struct_site,main,192,16,0.5206,0.5023,0.6667,no active,0.4794,0,1,OK
discrimination,design,192,136,backbone cluster (the bootstrap resamples clusters),,,,one metric on the 192 plated designs; active against no active; best-of-128 threshold 0.7473 (median 0.6856),0,complete,public,101,,frac_P,frac_P,structure-space,seq_only,supp_global,192,16,0.5186,0.5042,0.7561,no active,0.4814,0,0,GLOBAL
discrimination,design,192,136,backbone cluster (the bootstrap resamples clusters),,,,one metric on the 192 plated designs; active against no active; best-of-128 threshold 0.7473 (median 0.6856),0,complete,public,102,,net_charge_per_residue,net_charge_per_residue,structure-space,seq_only,supp_global,192,16,0.5144,0.5037,0.7802,no active,0.4856,0,0,GLOBAL
discrimination,design,192,136,backbone cluster (the bootstrap resamples clusters),,,,one metric on the 192 plated designs; active against no active; best-of-128 threshold 0.7473 (median 0.6856),0,complete,public,103,36,rosetta_cat_rama_prepro,rosetta_cat_rama_prepro,structure-space,struct_site,main,192,16,0.5064,0.5028,0.7257,active,0.5064,0,1,OK
discrimination,design,192,136,backbone cluster (the bootstrap resamples clusters),,,,one metric on the 192 plated designs; active against no active; best-of-128 threshold 0.7473 (median 0.6856),0,complete,public,104,,frac_Q,frac_Q,structure-space,seq_only,supp_global,192,16,0.5041,0.5044,0.7482,active,0.5041,0,0,GLOBAL
discrimination,design,192,136,backbone cluster (the bootstrap resamples clusters),,,,one metric on the 192 plated designs; active against no active; best-of-128 threshold 0.7473 (median 0.6856),0,complete,public,105,,frac_T,frac_T,structure-space,seq_only,supp_global,192,16,0.5039,0.5021,0.6633,no active,0.4961,0,0,GLOBAL
discrimination,design,192,136,backbone cluster (the bootstrap resamples clusters),,,,one metric on the 192 plated designs; active against no active; best-of-128 threshold 0.7473 (median 0.6856),0,complete,public,106,,chai_ptm_std,chai_ptm,prediction-based,pred_global,reference,192,16,0.5036,0.503,0.8231,no active,0.4964,0,0,GLOBAL
discrimination,design,192,136,backbone cluster (the bootstrap resamples clusters),,,,one metric on the 192 plated designs; active against no active; best-of-128 threshold 0.7473 (median 0.6856),0,complete,public,107,,catalytic_n_atoms,catalytic_n_atoms,structure-space,bookkeeping,excluded_bookkeeping,192,16,0.5028,0.5,0.5131,active,0.5028,0,0,X-BOOKKEEP
discrimination,design,192,136,backbone cluster (the bootstrap resamples clusters),,,,one metric on the 192 plated designs; active against no active; best-of-128 threshold 0.7473 (median 0.6856),0,complete,public,108,,catalytic_n_atoms_used,catalytic_n_atoms_used,structure-space,bookkeeping,excluded_bookkeeping,192,16,0.5028,0.5,0.5131,active,0.5028,0,0,X-BOOKKEEP
discrimination,design,192,136,backbone cluster (the bootstrap resamples clusters),,,,one metric on the 192 plated designs; active against no active; best-of-128 threshold 0.7473 (median 0.6856),0,complete,public,109,,n_catalytic_expected,n_catalytic_expected,structure-space,bookkeeping,excluded_bookkeeping,192,16,0.5028,0.5,0.5131,active,0.5028,0,0,X-BOOKKEEP
discrimination,design,192,136,backbone cluster (the bootstrap resamples clusters),,,,one metric on the 192 plated designs; active against no active; best-of-128 threshold 0.7473 (median 0.6856),0,complete,public,110,,n_catalytic_found,n_catalytic_found,structure-space,bookkeeping,excluded_bookkeeping,192,16,0.5028,0.5,0.5131,active,0.5028,0,0,X-BOOKKEEP
discrimination,design,192,136,backbone cluster (the bootstrap resamples clusters),,,,one metric on the 192 plated designs; active against no active; best-of-128 threshold 0.7473 (median 0.6856),0,complete,public,111,,n_catalytic_identity_match,n_catalytic_identity_match,structure-space,bookkeeping,excluded_bookkeeping,192,16,0.5028,0.5,0.5131,active,0.5028,0,0,X-BOOKKEEP
discrimination,design,192,136,backbone cluster (the bootstrap resamples clusters),,,,one metric on the 192 plated designs; active against no active; best-of-128 threshold 0.7473 (median 0.6856),0,complete,public,112,,n_catalytic_in_spec,n_catalytic_in_spec,structure-space,bookkeeping,excluded_bookkeeping,192,16,0.5028,0.5,0.5131,active,0.5028,0,0,X-BOOKKEEP
discrimination,design,192,136,backbone cluster (the bootstrap resamples clusters),,,,one metric on the 192 plated designs; active against no active; best-of-128 threshold 0.7473 (median 0.6856),0,complete,public,113,,n_catalytic_observed,n_catalytic_observed,structure-space,bookkeeping,excluded_bookkeeping,192,16,0.5028,0.5,0.5131,active,0.5028,0,0,X-BOOKKEEP
discrimination,design,192,136,backbone cluster (the bootstrap resamples clusters),,,,one metric on the 192 plated designs; active against no active; best-of-128 threshold 0.7473 (median 0.6856),0,complete,public,114,,propka_n_catalytic_requested,propka_n_catalytic_requested,structure-space,bookkeeping,excluded_bookkeeping,192,16,0.5028,0.5,0.5131,active,0.5028,0,0,X-BOOKKEEP
discrimination,design,192,136,backbone cluster (the bootstrap resamples clusters),,,,one metric on the 192 plated designs; active against no active; best-of-128 threshold 0.7473 (median 0.6856),0,complete,public,115,,propka_n_catalytic_resolved,propka_n_catalytic_resolved,structure-space,bookkeeping,excluded_bookkeeping,192,16,0.5028,0.5,0.5131,active,0.5028,0,0,X-BOOKKEEP
discrimination,design,192,136,backbone cluster (the bootstrap resamples clusters),,,,one metric on the 192 plated designs; active against no active; best-of-128 threshold 0.7473 (median 0.6856),0,complete,public,116,,rosetta_cat_ref,rosetta_cat_ref,structure-space,bookkeeping,excluded_bookkeeping,192,16,0.5028,0.5,0.5131,no active,0.4972,0,0,X-BOOKKEEP
discrimination,design,192,136,backbone cluster (the bootstrap resamples clusters),,,,one metric on the 192 plated designs; active against no active; best-of-128 threshold 0.7473 (median 0.6856),0,complete,public,117,,rosetta_n_catalytic_mapped,rosetta_n_catalytic_mapped,structure-space,bookkeeping,excluded_bookkeeping,192,16,0.5028,0.5,0.5131,active,0.5028,0,0,X-BOOKKEEP
discrimination,design,192,136,backbone cluster (the bootstrap resamples clusters),,,,one metric on the 192 plated designs; active against no active; best-of-128 threshold 0.7473 (median 0.6856),0,complete,public,118,,rosetta_n_catalytic_requested,rosetta_n_catalytic_requested,structure-space,bookkeeping,excluded_bookkeeping,192,16,0.5028,0.5,0.5131,active,0.5028,0,0,X-BOOKKEEP
discrimination,design,192,136,backbone cluster (the bootstrap resamples clusters),,,,one metric on the 192 plated designs; active against no active; best-of-128 threshold 0.7473 (median 0.6856),0,complete,public,119,,catalytic_polar_dist_min,catalytic_polar_dist_min,structure-space,struct_site,supp_partial,182,16,0.5006,0.5025,0.713,active,0.5006,0,0,OK
discrimination,design,192,136,backbone cluster (the bootstrap resamples clusters),,,,one metric on the 192 plated designs; active against no active; best-of-128 threshold 0.7473 (median 0.6856),0,complete,public,120,,catalytic_n_no_sidechain,catalytic_n_no_sidechain,structure-space,bookkeeping,excluded_bookkeeping,192,16,0.5,0.5,0.5,tie,0.5,0,0,X-BOOKKEEP
discrimination,design,192,136,backbone cluster (the bootstrap resamples clusters),,,,one metric on the 192 plated designs; active against no active; best-of-128 threshold 0.7473 (median 0.6856),0,complete,public,121,,frac_C,frac_C,structure-space,seq_only,supp_global,192,16,0.5,0.5,0.5,tie,0.5,0,0,GLOBAL
discrimination,design,192,136,backbone cluster (the bootstrap resamples clusters),,,,one metric on the 192 plated designs; active against no active; best-of-128 threshold 0.7473 (median 0.6856),0,complete,public,122,,frac_M,frac_M,structure-space,seq_only,supp_global,192,16,0.5,0.5,0.5,tie,0.5,0,0,GLOBAL
discrimination,design,192,136,backbone cluster (the bootstrap resamples clusters),,,,one metric on the 192 plated designs; active against no active; best-of-128 threshold 0.7473 (median 0.6856),0,complete,public,123,,frac_catalytic_found,frac_catalytic_found,structure-space,bookkeeping,excluded_bookkeeping,192,16,0.5,0.5,0.5,tie,0.5,0,0,X-BOOKKEEP
discrimination,design,192,136,backbone cluster (the bootstrap resamples clusters),,,,one metric on the 192 plated designs; active against no active; best-of-128 threshold 0.7473 (median 0.6856),0,complete,public,124,,frac_catalytic_present,frac_catalytic_present,structure-space,bookkeeping,excluded_bookkeeping,192,16,0.5,0.5,0.5,tie,0.5,0,0,X-BOOKKEEP
discrimination,design,192,136,backbone cluster (the bootstrap resamples clusters),,,,one metric on the 192 plated designs; active against no active; best-of-128 threshold 0.7473 (median 0.6856),0,complete,public,125,,n_catalytic_substituted,n_catalytic_substituted,structure-space,bookkeeping,excluded_bookkeeping,192,16,0.5,0.5,0.5,tie,0.5,0,0,X-BOOKKEEP
discrimination,design,192,136,backbone cluster (the bootstrap resamples clusters),,,,one metric on the 192 plated designs; active against no active; best-of-128 threshold 0.7473 (median 0.6856),0,complete,public,126,,propka_status_ok,propka_status_ok,structure-space,bookkeeping,excluded_bookkeeping,192,16,0.5,0.5,0.5,tie,0.5,0,0,X-BOOKKEEP
discrimination,design,192,136,backbone cluster (the bootstrap resamples clusters),,,,one metric on the 192 plated designs; active against no active; best-of-128 threshold 0.7473 (median 0.6856),0,complete,public,127,,rosetta_seed,rosetta_seed,structure-space,bookkeeping,excluded_bookkeeping,192,16,0.5,0.5,0.5,tie,0.5,0,0,X-BOOKKEEP
discrimination,design,192,136,backbone cluster (the bootstrap resamples clusters),,,,one metric on the 192 plated designs; active against no active; best-of-128 threshold 0.7473 (median 0.6856),0,complete,public,128,,rosetta_status_ok,rosetta_status_ok,structure-space,bookkeeping,excluded_bookkeeping,192,16,0.5,0.5,0.5,tie,0.5,0,0,X-BOOKKEEP
