reference_item,metric,measure,keep_fraction,estimate,ci_lo,ci_hi,n,licence_flag
resolution_A,resolution_A,AUROC (direction-free),,0.6062,0.5206,0.6916,49,public
seq_length,seq_length,AUROC (direction-free),,0.5683,0.5123,0.6316,49,public
net_charge,net_charge,AUROC (direction-free),,0.5202,0.501,0.5625,49,public
frac_Y,frac_Y,AUROC (direction-free),,0.5133,0.5008,0.5437,49,public
chai_plddt_mean,chai_plddt_mean,AUROC (direction-free),,0.7653,0.6811,0.8635,28,public
chai_ptm_mean,chai_ptm_mean,AUROC (direction-free),,0.7066,0.6097,0.8112,28,public
abs_dvol_A3,abs_dvol_A3,"AUROC (signed, pre-directed)",,0.5513,0.4728,0.6278,432,D2DCure_aggregate
neg_d_cat,neg_d_cat,"AUROC (signed, pre-directed)",,0.7633,0.6872,0.8243,432,D2DCure_aggregate
neg_rel_sasa,neg_rel_sasa,"AUROC (signed, pre-directed)",,0.6831,0.6058,0.748,432,D2DCure_aggregate
neg_blosum62,neg_blosum62,"AUROC (signed, pre-directed)",,0.5892,0.5231,0.6529,432,D2DCure_aggregate
csv_rosetta,csv_rosetta,"AUROC (signed, pre-directed)",,0.6102,0.5193,0.7015,248,D2DCure_aggregate
frac_Y (low kept),frac_Y,expected hits per 96-well plate,0.05,0.0,0.0,0.0,16,public
frac_Y (low kept),frac_Y,expected hits per 96-well plate,0.1,0.0,0.0,10.11,16,public
frac_Y (low kept),frac_Y,expected hits per 96-well plate,0.25,2.0,0.0,6.0,16,public
frac_Y (low kept),frac_Y,expected hits per 96-well plate,0.5,3.0,0.0,6.0,16,public
frac_Y (high kept),frac_Y,expected hits per 96-well plate,0.05,9.6,0.0,28.8,16,public
frac_Y (high kept),frac_Y,expected hits per 96-well plate,0.1,10.11,0.0,25.26,16,public
frac_Y (high kept),frac_Y,expected hits per 96-well plate,0.25,24.0,12.0,32.0,16,public
frac_Y (high kept),frac_Y,expected hits per 96-well plate,0.5,13.0,7.95,19.0,16,public
net_charge (low kept),net_charge,expected hits per 96-well plate,0.05,0.0,0.0,0.0,16,public
net_charge (low kept),net_charge,expected hits per 96-well plate,0.1,0.0,0.0,10.11,16,public
net_charge (low kept),net_charge,expected hits per 96-well plate,0.25,12.0,4.0,18.0,16,public
net_charge (low kept),net_charge,expected hits per 96-well plate,0.5,7.0,3.0,12.0,16,public
net_charge (high kept),net_charge,expected hits per 96-well plate,0.05,0.0,0.0,19.2,16,public
net_charge (high kept),net_charge,expected hits per 96-well plate,0.1,15.16,0.0,25.26,16,public
net_charge (high kept),net_charge,expected hits per 96-well plate,0.25,16.0,8.0,24.0,16,public
net_charge (high kept),net_charge,expected hits per 96-well plate,0.5,9.0,5.0,14.0,16,public
seq_length (low kept),seq_length,expected hits per 96-well plate,0.05,19.2,0.0,48.0,16,public
seq_length (low kept),seq_length,expected hits per 96-well plate,0.1,25.26,10.11,40.42,16,public
seq_length (low kept),seq_length,expected hits per 96-well plate,0.25,12.0,6.0,20.0,16,public
seq_length (low kept),seq_length,expected hits per 96-well plate,0.5,12.0,7.0,18.0,16,public
seq_length (high kept),seq_length,expected hits per 96-well plate,0.05,0.0,0.0,0.0,16,public
seq_length (high kept),seq_length,expected hits per 96-well plate,0.1,0.0,0.0,0.0,16,public
seq_length (high kept),seq_length,expected hits per 96-well plate,0.25,0.0,0.0,4.0,16,public
seq_length (high kept),seq_length,expected hits per 96-well plate,0.5,3.0,1.0,9.0,16,public
