claim_type,unit,n_units,n_clusters,cluster_def,k,N,k_of_N,denominator_def,headline_ok,status,licence_flag,rank,rank_in_table_6,metric_name,canonical_key,source,input_class,role,n_variants,rho,rho_ci_lo,rho_ci_hi,above_best_of_all_quantities_threshold,beats_distance_baseline,diff_vs_distance_baseline_ci_lo,rho_signed_delta,auroc,auroc_ci_lo,auroc_ci_hi,above_best_of_all_quantities_auroc_threshold,beats_distance_baseline_auroc,diff_vs_distance_baseline_auroc_ci_lo,in_table_6,applicability_status
ranking,variant,432,175,mutated position (variants at one position enter the bootstrap together),,,,"one quantity on the 432 evaluation variants; best-of-114 threshold for rho 0.3235 (median 0.2386), for the AUROC 0.6754 (median 0.6272)",0,complete,D2DCure_aggregate,1,1,propka_catalytic_pka_range,propka_catalytic_pka_range,structure-space,struct_site,main,431,0.48,0.3474,0.592,1,0,-0.0392,0.107,0.773,0.701,0.8314,1,0,-0.0271,1,OK
ranking,variant,432,175,mutated position (variants at one position enter the bootstrap together),,,,"one quantity on the 432 evaluation variants; best-of-114 threshold for rho 0.3235 (median 0.2386), for the AUROC 0.6754 (median 0.6272)",0,complete,D2DCure_aggregate,2,2,propka_catalytic_pka_min,propka_catalytic_pka_min,structure-space,struct_site,main,431,0.4622,0.3224,0.5748,1,0,-0.0553,-0.1195,0.7515,0.6787,0.8105,1,0,-0.0501,1,OK
ranking,variant,432,175,mutated position (variants at one position enter the bootstrap together),,,,"one quantity on the 432 evaluation variants; best-of-114 threshold for rho 0.3235 (median 0.2386), for the AUROC 0.6754 (median 0.6272)",0,complete,D2DCure_aggregate,3,3,propka_catalytic_shift_absmax,propka_catalytic_shift_absmax,structure-space,struct_site,main,431,0.4587,0.319,0.5782,1,0,-0.0586,0.1423,0.7607,0.6853,0.8224,1,0,-0.0413,1,OK
ranking,variant,432,175,mutated position (variants at one position enter the bootstrap together),,,,"one quantity on the 432 evaluation variants; best-of-114 threshold for rho 0.3235 (median 0.2386), for the AUROC 0.6754 (median 0.6272)",0,complete,D2DCure_aggregate,4,4,propka_catalytic_pka_max,propka_catalytic_pka_max,structure-space,struct_site,main,431,0.4582,0.319,0.577,1,0,-0.0593,0.1416,0.7603,0.6847,0.822,1,0,-0.0417,1,OK
baseline,variant,432,175,mutated position (variants at one position enter the bootstrap together),,,,"one quantity on the 432 evaluation variants; best-of-114 threshold for rho 0.3235 (median 0.2386), for the AUROC 0.6754 (median 0.6272)",0,complete,D2DCure_aggregate,5,5,neg_d_cat,neg_d_cat,baseline,declared baseline,declared baseline,432,0.4557,0.3201,0.5671,1,,,,0.7633,0.6872,0.8243,1,,,1,
ranking,variant,432,175,mutated position (variants at one position enter the bootstrap together),,,,"one quantity on the 432 evaluation variants; best-of-114 threshold for rho 0.3235 (median 0.2386), for the AUROC 0.6754 (median 0.6272)",0,complete,D2DCure_aggregate,6,6,rosetta_cat_fa_intra_rep,rosetta_cat_fa_intra_rep,structure-space,struct_site,main,431,0.4542,0.303,0.5728,1,0,-0.0773,0.2155,0.7073,0.6275,0.7743,1,0,-0.1031,1,OK
ranking,variant,432,175,mutated position (variants at one position enter the bootstrap together),,,,"one quantity on the 432 evaluation variants; best-of-114 threshold for rho 0.3235 (median 0.2386), for the AUROC 0.6754 (median 0.6272)",0,complete,D2DCure_aggregate,7,7,catalytic_rel_sasa_mean,catalytic_rel_sasa_mean,structure-space,struct_site,main,431,0.4539,0.3216,0.5704,1,0,-0.0707,0.2515,0.7512,0.6799,0.8102,1,0,-0.0512,1,OK
ranking,variant,432,175,mutated position (variants at one position enter the bootstrap together),,,,"one quantity on the 432 evaluation variants; best-of-114 threshold for rho 0.3235 (median 0.2386), for the AUROC 0.6754 (median 0.6272)",0,complete,D2DCure_aggregate,8,8,propka_catalytic_shift_mean,propka_catalytic_shift_mean,structure-space,struct_site,main,431,0.4515,0.311,0.5719,1,0,-0.0651,0.0697,0.76,0.6833,0.8227,1,0,-0.0428,1,OK
ranking,variant,432,175,mutated position (variants at one position enter the bootstrap together),,,,"one quantity on the 432 evaluation variants; best-of-114 threshold for rho 0.3235 (median 0.2386), for the AUROC 0.6754 (median 0.6272)",0,complete,D2DCure_aggregate,9,9,propka_catalytic_pka_mean,propka_catalytic_pka_mean,structure-space,struct_site,main,431,0.4512,0.3122,0.5712,1,0,-0.0637,0.0795,0.759,0.6847,0.82,1,0,-0.0431,1,OK
ranking,variant,432,175,mutated position (variants at one position enter the bootstrap together),,,,"one quantity on the 432 evaluation variants; best-of-114 threshold for rho 0.3235 (median 0.2386), for the AUROC 0.6754 (median 0.6272)",0,complete,D2DCure_aggregate,10,,catalytic_sasa_mean,catalytic_sasa_mean,structure-space,struct_site,supp_aggregate,431,0.4497,0.3149,0.5653,1,0,-0.0751,0.2481,0.7501,0.6789,0.8092,1,0,-0.0524,0,OK
ranking,variant,432,175,mutated position (variants at one position enter the bootstrap together),,,,"one quantity on the 432 evaluation variants; best-of-114 threshold for rho 0.3235 (median 0.2386), for the AUROC 0.6754 (median 0.6272)",0,complete,D2DCure_aggregate,11,10,catalytic_sasa_total,catalytic_sasa_total,structure-space,struct_site,main,431,0.4497,0.3149,0.5653,1,0,-0.0751,0.2481,0.7501,0.6789,0.8092,1,0,-0.0524,1,OK
ranking,variant,432,175,mutated position (variants at one position enter the bootstrap together),,,,"one quantity on the 432 evaluation variants; best-of-114 threshold for rho 0.3235 (median 0.2386), for the AUROC 0.6754 (median 0.6272)",0,complete,D2DCure_aggregate,12,11,rosetta_cat_fa_rep,rosetta_cat_fa_rep,structure-space,struct_site,main,431,0.449,0.3072,0.5674,1,0,-0.072,0.1698,0.7497,0.6719,0.8148,1,0,-0.0502,1,OK
ranking,variant,432,175,mutated position (variants at one position enter the bootstrap together),,,,"one quantity on the 432 evaluation variants; best-of-114 threshold for rho 0.3235 (median 0.2386), for the AUROC 0.6754 (median 0.6272)",0,complete,D2DCure_aggregate,13,,rosetta_catalytic_vdw_rep,rosetta_cat_fa_rep,structure-space,struct_site,main,431,0.449,0.3072,0.5674,1,0,-0.072,0.1698,0.7497,0.6719,0.8148,1,0,-0.0502,0,OK
ranking,variant,432,175,mutated position (variants at one position enter the bootstrap together),,,,"one quantity on the 432 evaluation variants; best-of-114 threshold for rho 0.3235 (median 0.2386), for the AUROC 0.6754 (median 0.6272)",0,complete,D2DCure_aggregate,14,,rosetta_catalytic_vdw_rep_per_res,rosetta_catalytic_vdw_rep_per_res,structure-space,struct_site,supp_aggregate,431,0.449,0.3072,0.5674,1,0,-0.072,0.1698,0.7497,0.6719,0.8148,1,0,-0.0502,0,OK
ranking,variant,432,175,mutated position (variants at one position enter the bootstrap together),,,,"one quantity on the 432 evaluation variants; best-of-114 threshold for rho 0.3235 (median 0.2386), for the AUROC 0.6754 (median 0.6272)",0,complete,D2DCure_aggregate,15,12,catalytic_pairwise_dist_max,catalytic_pairwise_dist_max,structure-space,struct_site,main,431,0.446,0.2968,0.5596,1,0,-0.1151,0.0431,0.6785,0.602,0.7459,1,0,-0.1428,1,OK
ranking,variant,432,175,mutated position (variants at one position enter the bootstrap together),,,,"one quantity on the 432 evaluation variants; best-of-114 threshold for rho 0.3235 (median 0.2386), for the AUROC 0.6754 (median 0.6272)",0,complete,D2DCure_aggregate,16,13,rosetta_cat_fa_atr,rosetta_cat_fa_atr,structure-space,struct_site,main,431,0.4405,0.299,0.5587,1,0,-0.0807,0.1214,0.7584,0.6777,0.8239,1,0,-0.042,1,OK
ranking,variant,432,175,mutated position (variants at one position enter the bootstrap together),,,,"one quantity on the 432 evaluation variants; best-of-114 threshold for rho 0.3235 (median 0.2386), for the AUROC 0.6754 (median 0.6272)",0,complete,D2DCure_aggregate,17,,rosetta_catalytic_vdw_atr,rosetta_cat_fa_atr,structure-space,struct_site,main,431,0.4405,0.299,0.5587,1,0,-0.0807,0.1214,0.7584,0.6777,0.8239,1,0,-0.042,0,OK
ranking,variant,432,175,mutated position (variants at one position enter the bootstrap together),,,,"one quantity on the 432 evaluation variants; best-of-114 threshold for rho 0.3235 (median 0.2386), for the AUROC 0.6754 (median 0.6272)",0,complete,D2DCure_aggregate,18,14,rosetta_cat_fa_dun,rosetta_cat_fa_dun,structure-space,struct_site,main,431,0.4401,0.2922,0.5578,1,0,-0.0924,0.0577,0.6982,0.6194,0.767,1,0,-0.1115,1,OK
ranking,variant,432,175,mutated position (variants at one position enter the bootstrap together),,,,"one quantity on the 432 evaluation variants; best-of-114 threshold for rho 0.3235 (median 0.2386), for the AUROC 0.6754 (median 0.6272)",0,complete,D2DCure_aggregate,19,15,rosetta_cat_lk_ball_wtd,rosetta_cat_lk_ball_wtd,structure-space,struct_site,main,431,0.4375,0.3086,0.5441,1,0,-0.0842,0.0743,0.7486,0.6774,0.8093,1,0,-0.0508,1,OK
ranking,variant,432,175,mutated position (variants at one position enter the bootstrap together),,,,"one quantity on the 432 evaluation variants; best-of-114 threshold for rho 0.3235 (median 0.2386), for the AUROC 0.6754 (median 0.6272)",0,complete,D2DCure_aggregate,20,16,catalytic_radius_of_gyration,catalytic_radius_of_gyration,structure-space,struct_site,main,431,0.4335,0.2839,0.5596,1,0,-0.0972,0.0316,0.6936,0.6163,0.7613,1,0,-0.1138,1,OK
ranking,variant,432,175,mutated position (variants at one position enter the bootstrap together),,,,"one quantity on the 432 evaluation variants; best-of-114 threshold for rho 0.3235 (median 0.2386), for the AUROC 0.6754 (median 0.6272)",0,complete,D2DCure_aggregate,21,17,rosetta_catalytic_vdw_net,rosetta_catalytic_vdw_net,structure-space,struct_site,main,431,0.4305,0.284,0.5533,1,0,-0.0904,0.2107,0.7533,0.6696,0.822,1,0,-0.0469,1,OK
ranking,variant,432,175,mutated position (variants at one position enter the bootstrap together),,,,"one quantity on the 432 evaluation variants; best-of-114 threshold for rho 0.3235 (median 0.2386), for the AUROC 0.6754 (median 0.6272)",0,complete,D2DCure_aggregate,22,18,catalytic_rel_sasa_max,catalytic_rel_sasa_max,structure-space,struct_site,main,431,0.4283,0.2945,0.5447,1,0,-0.0979,0.255,0.7317,0.6586,0.7951,1,0,-0.071,1,OK
ranking,variant,432,175,mutated position (variants at one position enter the bootstrap together),,,,"one quantity on the 432 evaluation variants; best-of-114 threshold for rho 0.3235 (median 0.2386), for the AUROC 0.6754 (median 0.6272)",0,complete,D2DCure_aggregate,23,19,catalytic_pairwise_dist_mean,catalytic_pairwise_dist_mean,structure-space,struct_site,main,431,0.427,0.2813,0.549,1,0,-0.1011,0.09,0.6926,0.6162,0.7598,1,0,-0.1145,1,OK
ranking,variant,432,175,mutated position (variants at one position enter the bootstrap together),,,,"one quantity on the 432 evaluation variants; best-of-114 threshold for rho 0.3235 (median 0.2386), for the AUROC 0.6754 (median 0.6272)",0,complete,D2DCure_aggregate,24,20,rosetta_cat_fa_elec,rosetta_cat_fa_elec,structure-space,struct_site,main,431,0.4258,0.2792,0.5475,1,0,-0.099,0.1141,0.7469,0.6665,0.8145,1,0,-0.0539,1,OK
ranking,variant,432,175,mutated position (variants at one position enter the bootstrap together),,,,"one quantity on the 432 evaluation variants; best-of-114 threshold for rho 0.3235 (median 0.2386), for the AUROC 0.6754 (median 0.6272)",0,complete,D2DCure_aggregate,25,21,rosetta_cat_total,rosetta_cat_total,structure-space,struct_site,main,431,0.4208,0.2707,0.5464,1,0,-0.1013,0.1927,0.752,0.6691,0.822,1,0,-0.0507,1,OK
ranking,variant,432,175,mutated position (variants at one position enter the bootstrap together),,,,"one quantity on the 432 evaluation variants; best-of-114 threshold for rho 0.3235 (median 0.2386), for the AUROC 0.6754 (median 0.6272)",0,complete,D2DCure_aggregate,26,,rosetta_cat_total_mean,rosetta_cat_total_mean,structure-space,struct_site,supp_aggregate,431,0.4208,0.2707,0.5464,1,0,-0.1013,0.1927,0.752,0.6691,0.822,1,0,-0.0507,0,OK
ranking,variant,432,175,mutated position (variants at one position enter the bootstrap together),,,,"one quantity on the 432 evaluation variants; best-of-114 threshold for rho 0.3235 (median 0.2386), for the AUROC 0.6754 (median 0.6272)",0,complete,D2DCure_aggregate,27,,catalytic_polar_dist_mean,catalytic_polar_dist_mean,structure-space,struct_site,supp_partial,418,0.4179,0.2579,0.543,1,0,-0.1222,-0.0494,0.6931,0.613,0.762,1,0,-0.1236,0,OK
ranking,variant,432,175,mutated position (variants at one position enter the bootstrap together),,,,"one quantity on the 432 evaluation variants; best-of-114 threshold for rho 0.3235 (median 0.2386), for the AUROC 0.6754 (median 0.6272)",0,complete,D2DCure_aggregate,28,,catalytic_polar_dist_min,catalytic_polar_dist_min,structure-space,struct_site,supp_partial,418,0.4179,0.2579,0.543,1,0,-0.1222,-0.0494,0.6931,0.613,0.762,1,0,-0.1236,0,OK
ranking,variant,432,175,mutated position (variants at one position enter the bootstrap together),,,,"one quantity on the 432 evaluation variants; best-of-114 threshold for rho 0.3235 (median 0.2386), for the AUROC 0.6754 (median 0.6272)",0,complete,D2DCure_aggregate,29,22,rosetta_cat_worst_residue,rosetta_cat_worst_residue,structure-space,struct_site,main,431,0.417,0.2647,0.5468,1,0,-0.1104,0.1453,0.7456,0.6634,0.8141,1,0,-0.0579,1,OK
ranking,variant,432,175,mutated position (variants at one position enter the bootstrap together),,,,"one quantity on the 432 evaluation variants; best-of-114 threshold for rho 0.3235 (median 0.2386), for the AUROC 0.6754 (median 0.6272)",0,complete,D2DCure_aggregate,30,23,rosetta_cat_fa_sol,rosetta_cat_fa_sol,structure-space,struct_site,main,431,0.414,0.2727,0.5352,1,0,-0.1055,-0.0766,0.7373,0.6617,0.8015,1,0,-0.0606,1,OK
ranking,variant,432,175,mutated position (variants at one position enter the bootstrap together),,,,"one quantity on the 432 evaluation variants; best-of-114 threshold for rho 0.3235 (median 0.2386), for the AUROC 0.6754 (median 0.6272)",0,complete,D2DCure_aggregate,31,24,rosetta_cat_hbond_sc,rosetta_cat_hbond_sc,structure-space,struct_site,main,431,0.3518,0.1905,0.488,1,0,-0.2308,0.0908,0.6424,0.5643,0.717,0,0,-0.1856,1,OK
baseline,variant,432,175,mutated position (variants at one position enter the bootstrap together),,,,"one quantity on the 432 evaluation variants; best-of-114 threshold for rho 0.3235 (median 0.2386), for the AUROC 0.6754 (median 0.6272)",0,complete,D2DCure_aggregate,32,25,neg_rel_sasa,neg_rel_sasa,baseline,declared baseline,declared baseline,432,0.3287,0.2066,0.4292,1,,,,0.6831,0.6058,0.748,1,,,1,
ranking,variant,432,175,mutated position (variants at one position enter the bootstrap together),,,,"one quantity on the 432 evaluation variants; best-of-114 threshold for rho 0.3235 (median 0.2386), for the AUROC 0.6754 (median 0.6272)",0,complete,D2DCure_aggregate,33,26,chai_iptm_mean,chai_iptm,prediction-based,pred_interface,main,432,0.3284,0.187,0.4528,1,0,-0.2195,-0.2505,0.7042,0.6218,0.7743,1,0,-0.123,1,OK
ranking,variant,432,175,mutated position (variants at one position enter the bootstrap together),,,,"one quantity on the 432 evaluation variants; best-of-114 threshold for rho 0.3235 (median 0.2386), for the AUROC 0.6754 (median 0.6272)",0,complete,D2DCure_aggregate,34,,chai_iptm_max,chai_iptm,prediction-based,pred_interface,main,432,0.3241,0.1834,0.4506,1,0,-0.2266,-0.2465,0.7054,0.6235,0.7753,1,0,-0.1226,0,OK
ranking,variant,432,175,mutated position (variants at one position enter the bootstrap together),,,,"one quantity on the 432 evaluation variants; best-of-114 threshold for rho 0.3235 (median 0.2386), for the AUROC 0.6754 (median 0.6272)",0,complete,D2DCure_aggregate,35,,chai_aggregate_score_mean,chai_aggregate_score,prediction-based,pred_interface,supp_derived,432,0.3235,0.18,0.4486,0,0,-0.2256,-0.2526,0.7011,0.6179,0.7719,1,0,-0.1271,0,OK
ranking,variant,432,175,mutated position (variants at one position enter the bootstrap together),,,,"one quantity on the 432 evaluation variants; best-of-114 threshold for rho 0.3235 (median 0.2386), for the AUROC 0.6754 (median 0.6272)",0,complete,D2DCure_aggregate,36,,chai_aggregate_score_max,chai_aggregate_score,prediction-based,pred_interface,supp_derived,432,0.3217,0.179,0.4484,0,0,-0.2337,-0.2513,0.704,0.6221,0.7741,1,0,-0.1251,0,OK
ranking,variant,432,175,mutated position (variants at one position enter the bootstrap together),,,,"one quantity on the 432 evaluation variants; best-of-114 threshold for rho 0.3235 (median 0.2386), for the AUROC 0.6754 (median 0.6272)",0,complete,D2DCure_aggregate,37,,chai_per_chain_ptm_min_max,chai_per_chain_ptm_min,prediction-based,pred_interface,main,432,0.309,0.1697,0.4315,0,0,-0.2387,-0.1673,0.6765,0.6,0.7411,1,0,-0.1469,0,OK
ranking,variant,432,175,mutated position (variants at one position enter the bootstrap together),,,,"one quantity on the 432 evaluation variants; best-of-114 threshold for rho 0.3235 (median 0.2386), for the AUROC 0.6754 (median 0.6272)",0,complete,D2DCure_aggregate,38,27,chai_per_chain_ptm_min_mean,chai_per_chain_ptm_min,prediction-based,pred_interface,main,432,0.2829,0.1487,0.4077,0,0,-0.2707,-0.2041,0.668,0.5931,0.734,0,0,-0.1605,1,OK
ranking,variant,432,175,mutated position (variants at one position enter the bootstrap together),,,,"one quantity on the 432 evaluation variants; best-of-114 threshold for rho 0.3235 (median 0.2386), for the AUROC 0.6754 (median 0.6272)",0,complete,D2DCure_aggregate,39,28,chai_ptm_mean,chai_ptm,prediction-based,pred_global,reference,432,0.2556,0.1198,0.3773,0,0,-0.3385,-0.1279,0.6585,0.5812,0.7259,0,0,-0.184,1,REF
ranking,variant,432,175,mutated position (variants at one position enter the bootstrap together),,,,"one quantity on the 432 evaluation variants; best-of-114 threshold for rho 0.3235 (median 0.2386), for the AUROC 0.6754 (median 0.6272)",0,complete,D2DCure_aggregate,40,,chai_per_chain_ptm_protein_max,chai_per_chain_ptm_protein,prediction-based,pred_global,supp_global,432,0.2531,0.1064,0.3896,0,0,-0.3474,0.0243,0.6565,0.5739,0.7308,0,0,-0.1857,0,GLOBAL
ranking,variant,432,175,mutated position (variants at one position enter the bootstrap together),,,,"one quantity on the 432 evaluation variants; best-of-114 threshold for rho 0.3235 (median 0.2386), for the AUROC 0.6754 (median 0.6272)",0,complete,D2DCure_aggregate,41,,chai_per_chain_ptm_protein_mean,chai_per_chain_ptm_protein,prediction-based,pred_global,supp_global,432,0.2365,0.0894,0.373,0,0,-0.3585,-0.0012,0.6408,0.5575,0.7151,0,0,-0.2005,0,GLOBAL
ranking,variant,432,175,mutated position (variants at one position enter the bootstrap together),,,,"one quantity on the 432 evaluation variants; best-of-114 threshold for rho 0.3235 (median 0.2386), for the AUROC 0.6754 (median 0.6272)",0,complete,D2DCure_aggregate,42,,chai_ptm_max,chai_ptm,prediction-based,pred_global,reference,432,0.2233,0.0935,0.346,0,0,-0.3713,-0.0878,0.6481,0.5722,0.7177,0,0,-0.1954,0,GLOBAL
baseline,variant,432,175,mutated position (variants at one position enter the bootstrap together),,,,"one quantity on the 432 evaluation variants; best-of-114 threshold for rho 0.3235 (median 0.2386), for the AUROC 0.6754 (median 0.6272)",0,complete,D2DCure_aggregate,43,29,csv_rosetta,csv_rosetta,baseline,declared baseline,declared baseline,248,0.2092,0.0641,0.3471,0,,,,0.6102,0.5193,0.7015,0,,,1,
ranking,variant,432,175,mutated position (variants at one position enter the bootstrap together),,,,"one quantity on the 432 evaluation variants; best-of-114 threshold for rho 0.3235 (median 0.2386), for the AUROC 0.6754 (median 0.6272)",0,complete,D2DCure_aggregate,44,,frac_W,frac_W,structure-space,seq_only,supp_global,431,0.1957,-0.0029,0.3824,0,0,-0.4346,-0.113,0.5757,0.5061,0.6486,0,0,-0.2716,0,GLOBAL
ranking,variant,432,175,mutated position (variants at one position enter the bootstrap together),,,,"one quantity on the 432 evaluation variants; best-of-114 threshold for rho 0.3235 (median 0.2386), for the AUROC 0.6754 (median 0.6272)",0,complete,D2DCure_aggregate,45,30,catalytic_frac_buried,catalytic_frac_buried,structure-space,struct_site,main,431,0.1909,0.057,0.3048,0,0,-0.4271,-0.1909,0.5312,0.5037,0.5667,0,0,-0.2951,1,OK
ranking,variant,432,175,mutated position (variants at one position enter the bootstrap together),,,,"one quantity on the 432 evaluation variants; best-of-114 threshold for rho 0.3235 (median 0.2386), for the AUROC 0.6754 (median 0.6272)",0,complete,D2DCure_aggregate,46,,rosetta_hbond_bb_sc,rosetta_hbond_bb_sc,structure-space,struct_whole,supp_global,431,0.1846,0.0498,0.3196,0,0,-0.4183,0.0598,0.6381,0.5718,0.7052,0,0,-0.2068,0,GLOBAL
ranking,variant,432,175,mutated position (variants at one position enter the bootstrap together),,,,"one quantity on the 432 evaluation variants; best-of-114 threshold for rho 0.3235 (median 0.2386), for the AUROC 0.6754 (median 0.6272)",0,complete,D2DCure_aggregate,47,,frac_aromatic,frac_aromatic,structure-space,seq_only,supp_global,431,0.1821,0.0238,0.3427,0,0,-0.4199,-0.1788,0.5864,0.5195,0.6578,0,0,-0.2598,0,GLOBAL
ranking,variant,432,175,mutated position (variants at one position enter the bootstrap together),,,,"one quantity on the 432 evaluation variants; best-of-114 threshold for rho 0.3235 (median 0.2386), for the AUROC 0.6754 (median 0.6272)",0,complete,D2DCure_aggregate,48,,total_sasa,total_sasa,structure-space,struct_whole,supp_global,431,0.1801,0.0377,0.3179,0,0,-0.45,0.2128,0.6004,0.5152,0.6791,0,0,-0.2718,0,GLOBAL
baseline,variant,432,175,mutated position (variants at one position enter the bootstrap together),,,,"one quantity on the 432 evaluation variants; best-of-114 threshold for rho 0.3235 (median 0.2386), for the AUROC 0.6754 (median 0.6272)",0,complete,D2DCure_aggregate,49,31,neg_blosum62,neg_blosum62,baseline,declared baseline,declared baseline,432,0.1686,0.0576,0.2781,0,,,,0.5892,0.5231,0.6529,0,,,1,
ranking,variant,432,175,mutated position (variants at one position enter the bootstrap together),,,,"one quantity on the 432 evaluation variants; best-of-114 threshold for rho 0.3235 (median 0.2386), for the AUROC 0.6754 (median 0.6272)",0,complete,D2DCure_aggregate,50,,ame_crystal_rmsd_mean,ame_crystal_rmsd,prediction-based,ame,main,432,0.1618,0.0342,0.3014,0,0,-0.4104,0.1213,0.5951,0.5221,0.6696,0,0,-0.2393,0,OK
ranking,variant,432,175,mutated position (variants at one position enter the bootstrap together),,,,"one quantity on the 432 evaluation variants; best-of-114 threshold for rho 0.3235 (median 0.2386), for the AUROC 0.6754 (median 0.6272)",0,complete,D2DCure_aggregate,51,32,catalytic_polar_contacts,catalytic_polar_contacts,structure-space,struct_site,main,431,0.1617,0.0827,0.2386,0,0,-0.4341,-0.1121,0.5235,0.503,0.548,0,0,-0.3012,1,OK
ranking,variant,432,175,mutated position (variants at one position enter the bootstrap together),,,,"one quantity on the 432 evaluation variants; best-of-114 threshold for rho 0.3235 (median 0.2386), for the AUROC 0.6754 (median 0.6272)",0,complete,D2DCure_aggregate,52,,catalytic_polar_contacts_per_residue,catalytic_polar_contacts_per_residue,structure-space,struct_site,supp_aggregate,431,0.1617,0.0827,0.2386,0,0,-0.4341,-0.1121,0.5235,0.503,0.548,0,0,-0.3012,0,OK
ranking,variant,432,175,mutated position (variants at one position enter the bootstrap together),,,,"one quantity on the 432 evaluation variants; best-of-114 threshold for rho 0.3235 (median 0.2386), for the AUROC 0.6754 (median 0.6272)",0,complete,D2DCure_aggregate,53,,rosetta_rama_prepro,rosetta_rama_prepro,structure-space,struct_whole,supp_global,431,0.1529,0.0082,0.2943,0,0,-0.4594,0.0781,0.568,0.4877,0.6457,0,0,-0.2839,0,GLOBAL
ranking,variant,432,175,mutated position (variants at one position enter the bootstrap together),,,,"one quantity on the 432 evaluation variants; best-of-114 threshold for rho 0.3235 (median 0.2386), for the AUROC 0.6754 (median 0.6272)",0,complete,D2DCure_aggregate,54,,rosetta_hbond_sc,rosetta_hbond_sc,structure-space,struct_whole,supp_global,431,0.1251,0.0042,0.2449,0,0,-0.4828,0.0482,0.5861,0.5166,0.6545,0,0,-0.2609,0,GLOBAL
ranking,variant,432,175,mutated position (variants at one position enter the bootstrap together),,,,"one quantity on the 432 evaluation variants; best-of-114 threshold for rho 0.3235 (median 0.2386), for the AUROC 0.6754 (median 0.6272)",0,complete,D2DCure_aggregate,55,,chai_plddt_min,chai_plddt_min,prediction-based,pred_global,supp_global,432,0.1234,0.019,0.2204,0,0,-0.4663,-0.0369,0.5512,0.4877,0.6126,0,0,-0.2918,0,GLOBAL
ranking,variant,432,175,mutated position (variants at one position enter the bootstrap together),,,,"one quantity on the 432 evaluation variants; best-of-114 threshold for rho 0.3235 (median 0.2386), for the AUROC 0.6754 (median 0.6272)",0,complete,D2DCure_aggregate,56,33,rosetta_cat_rama_prepro,rosetta_cat_rama_prepro,structure-space,struct_site,main,431,0.119,-0.0497,0.2438,0,0,-0.5222,-0.0164,0.517,0.4979,0.5471,0,0,-0.3096,1,OK
ranking,variant,432,175,mutated position (variants at one position enter the bootstrap together),,,,"one quantity on the 432 evaluation variants; best-of-114 threshold for rho 0.3235 (median 0.2386), for the AUROC 0.6754 (median 0.6272)",0,complete,D2DCure_aggregate,57,,frac_N,frac_N,structure-space,seq_only,supp_global,431,0.1173,-0.0381,0.2674,0,0,-0.509,-0.0876,0.5591,0.5039,0.62,0,0,-0.276,0,GLOBAL
ranking,variant,432,175,mutated position (variants at one position enter the bootstrap together),,,,"one quantity on the 432 evaluation variants; best-of-114 threshold for rho 0.3235 (median 0.2386), for the AUROC 0.6754 (median 0.6272)",0,complete,D2DCure_aggregate,58,,rosetta_fa_rep,rosetta_fa_rep,structure-space,struct_whole,supp_global,431,0.1111,-0.0131,0.2326,0,0,-0.4907,0.0688,0.5935,0.5211,0.6619,0,0,-0.253,0,GLOBAL
ranking,variant,432,175,mutated position (variants at one position enter the bootstrap together),,,,"one quantity on the 432 evaluation variants; best-of-114 threshold for rho 0.3235 (median 0.2386), for the AUROC 0.6754 (median 0.6272)",0,complete,D2DCure_aggregate,59,,chai_ptm_std,chai_ptm,prediction-based,pred_global,reference,432,0.1074,-0.0017,0.2184,0,0,-0.5239,0.1049,0.5559,0.4902,0.621,0,0,-0.2963,0,GLOBAL
ranking,variant,432,175,mutated position (variants at one position enter the bootstrap together),,,,"one quantity on the 432 evaluation variants; best-of-114 threshold for rho 0.3235 (median 0.2386), for the AUROC 0.6754 (median 0.6272)",0,complete,D2DCure_aggregate,60,,rosetta_fa_atr,rosetta_fa_atr,structure-space,struct_whole,supp_global,431,0.1016,-0.0203,0.222,0,0,-0.4843,0.1952,0.5879,0.5175,0.6558,0,0,-0.2503,0,GLOBAL
ranking,variant,432,175,mutated position (variants at one position enter the bootstrap together),,,,"one quantity on the 432 evaluation variants; best-of-114 threshold for rho 0.3235 (median 0.2386), for the AUROC 0.6754 (median 0.6272)",0,complete,D2DCure_aggregate,61,,rosetta_fa_sol,rosetta_fa_sol,structure-space,struct_whole,supp_global,431,0.0976,-0.0062,0.1935,0,0,-0.4919,-0.1457,0.5622,0.4983,0.6243,0,0,-0.2777,0,GLOBAL
ranking,variant,432,175,mutated position (variants at one position enter the bootstrap together),,,,"one quantity on the 432 evaluation variants; best-of-114 threshold for rho 0.3235 (median 0.2386), for the AUROC 0.6754 (median 0.6272)",0,complete,D2DCure_aggregate,62,,rosetta_lk_ball_wtd,rosetta_lk_ball_wtd,structure-space,struct_whole,supp_global,431,0.0898,-0.03,0.2027,0,0,-0.5063,0.0235,0.5256,0.4539,0.5934,0,0,-0.3189,0,GLOBAL
ranking,variant,432,175,mutated position (variants at one position enter the bootstrap together),,,,"one quantity on the 432 evaluation variants; best-of-114 threshold for rho 0.3235 (median 0.2386), for the AUROC 0.6754 (median 0.6272)",0,complete,D2DCure_aggregate,63,,ame_crystal_rmsd_max,ame_crystal_rmsd,prediction-based,ame,main,432,0.0895,-0.0412,0.22,0,0,-0.5139,0.0632,0.5438,0.4694,0.6191,0,0,-0.302,0,OK
ranking,variant,432,175,mutated position (variants at one position enter the bootstrap together),,,,"one quantity on the 432 evaluation variants; best-of-114 threshold for rho 0.3235 (median 0.2386), for the AUROC 0.6754 (median 0.6272)",0,complete,D2DCure_aggregate,64,34,ame_crystal_clash_max,ame_crystal_clash_max,prediction-based,pred_interface,main,432,0.0878,-0.0362,0.1974,0,0,-0.4739,0.0828,0.5754,0.5045,0.6371,0,0,-0.2555,1,OK
ranking,variant,432,175,mutated position (variants at one position enter the bootstrap together),,,,"one quantity on the 432 evaluation variants; best-of-114 threshold for rho 0.3235 (median 0.2386), for the AUROC 0.6754 (median 0.6272)",0,complete,D2DCure_aggregate,65,,chai_iptm_std,chai_iptm,prediction-based,pred_interface,main,432,0.0876,0.0008,0.1759,0,0,-0.5127,0.0484,0.576,0.5231,0.6281,0,0,-0.2625,0,OK
ranking,variant,432,175,mutated position (variants at one position enter the bootstrap together),,,,"one quantity on the 432 evaluation variants; best-of-114 threshold for rho 0.3235 (median 0.2386), for the AUROC 0.6754 (median 0.6272)",0,complete,D2DCure_aggregate,66,,chai_aggregate_score_std,chai_aggregate_score,prediction-based,pred_interface,supp_derived,432,0.0875,-0.0015,0.1753,0,0,-0.5098,0.0429,0.569,0.5176,0.6193,0,0,-0.2681,0,OK
ranking,variant,432,175,mutated position (variants at one position enter the bootstrap together),,,,"one quantity on the 432 evaluation variants; best-of-114 threshold for rho 0.3235 (median 0.2386), for the AUROC 0.6754 (median 0.6272)",0,complete,D2DCure_aggregate,67,,frac_D,frac_D,structure-space,seq_only,supp_global,431,0.083,-0.0627,0.2224,0,0,-0.5704,-0.0833,0.5336,0.4965,0.5792,0,0,-0.3106,0,GLOBAL
ranking,variant,432,175,mutated position (variants at one position enter the bootstrap together),,,,"one quantity on the 432 evaluation variants; best-of-114 threshold for rho 0.3235 (median 0.2386), for the AUROC 0.6754 (median 0.6272)",0,complete,D2DCure_aggregate,68,,rosetta_ref,rosetta_ref,structure-space,bookkeeping,excluded_bookkeeping,431,0.082,-0.0193,0.1864,0,0,-0.5011,0.017,0.5454,0.4868,0.6065,0,0,-0.301,0,X-BOOKKEEP
ranking,variant,432,175,mutated position (variants at one position enter the bootstrap together),,,,"one quantity on the 432 evaluation variants; best-of-114 threshold for rho 0.3235 (median 0.2386), for the AUROC 0.6754 (median 0.6272)",0,complete,D2DCure_aggregate,69,,chai_plddt_best_model,chai_plddt_best_model,prediction-based,pred_global,supp_global,432,0.0772,-0.0199,0.1753,0,0,-0.524,-0.0293,0.568,0.5108,0.6255,0,0,-0.2747,0,GLOBAL
ranking,variant,432,175,mutated position (variants at one position enter the bootstrap together),,,,"one quantity on the 432 evaluation variants; best-of-114 threshold for rho 0.3235 (median 0.2386), for the AUROC 0.6754 (median 0.6272)",0,complete,D2DCure_aggregate,70,35,rosetta_cat_hbond_bb_sc,rosetta_cat_hbond_bb_sc,structure-space,struct_site,main,431,0.0748,0.0689,0.1435,0,0,-0.4854,-0.0748,0.503,0.5,0.5101,0,0,-0.3212,1,OK
ranking,variant,432,175,mutated position (variants at one position enter the bootstrap together),,,,"one quantity on the 432 evaluation variants; best-of-114 threshold for rho 0.3235 (median 0.2386), for the AUROC 0.6754 (median 0.6272)",0,complete,D2DCure_aggregate,71,,rosetta_score_per_residue,rosetta_score_per_residue,structure-space,struct_whole,supp_global,431,0.0741,-0.0353,0.1805,0,0,-0.526,0.0356,0.5604,0.4999,0.6181,0,0,-0.2838,0,GLOBAL
ranking,variant,432,175,mutated position (variants at one position enter the bootstrap together),,,,"one quantity on the 432 evaluation variants; best-of-114 threshold for rho 0.3235 (median 0.2386), for the AUROC 0.6754 (median 0.6272)",0,complete,D2DCure_aggregate,72,,rosetta_total_score,rosetta_total_score,structure-space,struct_whole,supp_global,431,0.0741,-0.0353,0.1805,0,0,-0.526,0.0356,0.5604,0.4999,0.6181,0,0,-0.2838,0,GLOBAL
ranking,variant,432,175,mutated position (variants at one position enter the bootstrap together),,,,"one quantity on the 432 evaluation variants; best-of-114 threshold for rho 0.3235 (median 0.2386), for the AUROC 0.6754 (median 0.6272)",0,complete,D2DCure_aggregate,73,,rosetta_fa_elec,rosetta_fa_elec,structure-space,struct_whole,supp_global,431,0.0657,-0.07,0.2059,0,0,-0.5738,0.1119,0.529,0.4529,0.6077,0,0,-0.3423,0,GLOBAL
baseline,variant,432,175,mutated position (variants at one position enter the bootstrap together),,,,"one quantity on the 432 evaluation variants; best-of-114 threshold for rho 0.3235 (median 0.2386), for the AUROC 0.6754 (median 0.6272)",0,complete,D2DCure_aggregate,74,36,abs_dvol_A3,abs_dvol_A3,baseline,declared baseline,declared baseline,432,0.0651,-0.0698,0.2018,0,,,,0.5513,0.4728,0.6278,0,,,1,
ranking,variant,432,175,mutated position (variants at one position enter the bootstrap together),,,,"one quantity on the 432 evaluation variants; best-of-114 threshold for rho 0.3235 (median 0.2386), for the AUROC 0.6754 (median 0.6272)",0,complete,D2DCure_aggregate,75,,catalytic_n_atoms,catalytic_n_atoms,structure-space,bookkeeping,excluded_bookkeeping,431,0.0636,0.0554,0.1238,0,0,-0.5015,-0.0636,0.503,0.5,0.5104,0,0,-0.322,0,X-BOOKKEEP
ranking,variant,432,175,mutated position (variants at one position enter the bootstrap together),,,,"one quantity on the 432 evaluation variants; best-of-114 threshold for rho 0.3235 (median 0.2386), for the AUROC 0.6754 (median 0.6272)",0,complete,D2DCure_aggregate,76,,catalytic_n_atoms_used,catalytic_n_atoms_used,structure-space,bookkeeping,excluded_bookkeeping,431,0.0636,0.0554,0.1238,0,0,-0.5015,-0.0636,0.503,0.5,0.5104,0,0,-0.322,0,X-BOOKKEEP
ranking,variant,432,175,mutated position (variants at one position enter the bootstrap together),,,,"one quantity on the 432 evaluation variants; best-of-114 threshold for rho 0.3235 (median 0.2386), for the AUROC 0.6754 (median 0.6272)",0,complete,D2DCure_aggregate,77,,frac_catalytic_present,frac_catalytic_present,structure-space,bookkeeping,excluded_bookkeeping,431,0.0636,0.0554,0.1238,0,0,-0.5015,-0.0636,0.503,0.5,0.5104,0,0,-0.322,0,X-BOOKKEEP
ranking,variant,432,175,mutated position (variants at one position enter the bootstrap together),,,,"one quantity on the 432 evaluation variants; best-of-114 threshold for rho 0.3235 (median 0.2386), for the AUROC 0.6754 (median 0.6272)",0,complete,D2DCure_aggregate,78,37,rosetta_cat_p_aa_pp,rosetta_cat_p_aa_pp,structure-space,struct_site,main,431,0.0636,0.0554,0.1238,0,0,-0.5015,-0.0636,0.503,0.5,0.5104,0,0,-0.322,1,OK
ranking,variant,432,175,mutated position (variants at one position enter the bootstrap together),,,,"one quantity on the 432 evaluation variants; best-of-114 threshold for rho 0.3235 (median 0.2386), for the AUROC 0.6754 (median 0.6272)",0,complete,D2DCure_aggregate,79,,rosetta_cat_ref,rosetta_cat_ref,structure-space,bookkeeping,excluded_bookkeeping,431,0.0636,0.0554,0.1238,0,0,-0.5015,0.0636,0.503,0.5,0.5104,0,0,-0.322,0,X-BOOKKEEP
ranking,variant,432,175,mutated position (variants at one position enter the bootstrap together),,,,"one quantity on the 432 evaluation variants; best-of-114 threshold for rho 0.3235 (median 0.2386), for the AUROC 0.6754 (median 0.6272)",0,complete,D2DCure_aggregate,80,,mean_hydropathy,mean_hydropathy,structure-space,seq_only,supp_global,431,0.0624,-0.0245,0.153,0,0,-0.5428,0.0985,0.5099,0.4556,0.5671,0,0,-0.3374,0,GLOBAL
ranking,variant,432,175,mutated position (variants at one position enter the bootstrap together),,,,"one quantity on the 432 evaluation variants; best-of-114 threshold for rho 0.3235 (median 0.2386), for the AUROC 0.6754 (median 0.6272)",0,complete,D2DCure_aggregate,81,38,chai_plddt_mean,chai_plddt,prediction-based,pred_global,reference,432,0.0551,-0.053,0.1683,0,0,-0.5655,-0.0771,0.5503,0.4845,0.6188,0,0,-0.3016,1,REF
ranking,variant,432,175,mutated position (variants at one position enter the bootstrap together),,,,"one quantity on the 432 evaluation variants; best-of-114 threshold for rho 0.3235 (median 0.2386), for the AUROC 0.6754 (median 0.6272)",0,complete,D2DCure_aggregate,82,39,ame_crystal_rmsd_min,ame_crystal_rmsd,prediction-based,ame,main,432,0.0503,-0.0558,0.1533,0,0,-0.5275,0.145,0.5366,0.4759,0.5927,0,0,-0.2949,1,OK
ranking,variant,432,175,mutated position (variants at one position enter the bootstrap together),,,,"one quantity on the 432 evaluation variants; best-of-114 threshold for rho 0.3235 (median 0.2386), for the AUROC 0.6754 (median 0.6272)",0,complete,D2DCure_aggregate,83,,frac_C,frac_C,structure-space,seq_only,supp_global,431,0.0501,-0.0473,0.1373,0,0,-0.5674,0.0058,0.5045,0.4828,0.5268,0,0,-0.3249,0,GLOBAL
ranking,variant,432,175,mutated position (variants at one position enter the bootstrap together),,,,"one quantity on the 432 evaluation variants; best-of-114 threshold for rho 0.3235 (median 0.2386), for the AUROC 0.6754 (median 0.6272)",0,complete,D2DCure_aggregate,84,,frac_R,frac_R,structure-space,seq_only,supp_global,431,0.0489,-0.0552,0.1536,0,0,-0.5768,-0.1043,0.517,0.4903,0.5493,0,0,-0.3166,0,GLOBAL
ranking,variant,432,175,mutated position (variants at one position enter the bootstrap together),,,,"one quantity on the 432 evaluation variants; best-of-114 threshold for rho 0.3235 (median 0.2386), for the AUROC 0.6754 (median 0.6272)",0,complete,D2DCure_aggregate,85,,frac_F,frac_F,structure-space,seq_only,supp_global,431,0.0441,-0.0448,0.1404,0,0,-0.5595,-0.0561,0.5155,0.4896,0.5447,0,0,-0.3177,0,GLOBAL
ranking,variant,432,175,mutated position (variants at one position enter the bootstrap together),,,,"one quantity on the 432 evaluation variants; best-of-114 threshold for rho 0.3235 (median 0.2386), for the AUROC 0.6754 (median 0.6272)",0,complete,D2DCure_aggregate,86,,rosetta_p_aa_pp,rosetta_p_aa_pp,structure-space,struct_whole,supp_global,431,0.0438,-0.0741,0.1575,0,0,-0.5713,0.0997,0.5132,0.4468,0.5787,0,0,-0.3276,0,GLOBAL
ranking,variant,432,175,mutated position (variants at one position enter the bootstrap together),,,,"one quantity on the 432 evaluation variants; best-of-114 threshold for rho 0.3235 (median 0.2386), for the AUROC 0.6754 (median 0.6272)",0,complete,D2DCure_aggregate,87,,frac_G,frac_G,structure-space,seq_only,supp_global,431,0.0341,-0.0784,0.1341,0,0,-0.581,0.0467,0.5104,0.4892,0.5314,0,0,-0.3195,0,GLOBAL
ranking,variant,432,175,mutated position (variants at one position enter the bootstrap together),,,,"one quantity on the 432 evaluation variants; best-of-114 threshold for rho 0.3235 (median 0.2386), for the AUROC 0.6754 (median 0.6272)",0,complete,D2DCure_aggregate,88,,chai_per_chain_ptm_protein_std,chai_per_chain_ptm_protein,prediction-based,pred_global,supp_global,432,0.0303,-0.081,0.1425,0,0,-0.5871,0.1106,0.5259,0.4593,0.5949,0,0,-0.3278,0,GLOBAL
ranking,variant,432,175,mutated position (variants at one position enter the bootstrap together),,,,"one quantity on the 432 evaluation variants; best-of-114 threshold for rho 0.3235 (median 0.2386), for the AUROC 0.6754 (median 0.6272)",0,complete,D2DCure_aggregate,89,,frac_H,frac_H,structure-space,seq_only,supp_global,431,0.0235,-0.0911,0.145,0,0,-0.5979,-0.0044,0.5063,0.4577,0.5568,0,0,-0.3336,0,GLOBAL
ranking,variant,432,175,mutated position (variants at one position enter the bootstrap together),,,,"one quantity on the 432 evaluation variants; best-of-114 threshold for rho 0.3235 (median 0.2386), for the AUROC 0.6754 (median 0.6272)",0,complete,D2DCure_aggregate,90,,rosetta_fa_dun,rosetta_fa_dun,structure-space,struct_whole,supp_global,431,0.0194,-0.071,0.1084,0,0,-0.587,-0.005,0.5374,0.4847,0.5898,0,0,-0.3077,0,GLOBAL
ranking,variant,432,175,mutated position (variants at one position enter the bootstrap together),,,,"one quantity on the 432 evaluation variants; best-of-114 threshold for rho 0.3235 (median 0.2386), for the AUROC 0.6754 (median 0.6272)",0,complete,D2DCure_aggregate,91,,ame_crystal_rmsd_naive_min,ame_crystal_rmsd,prediction-based,ame,main,432,0.0165,-0.0817,0.1111,0,0,-0.5625,0.1702,0.5021,0.4398,0.5616,0,0,-0.3393,0,OK
ranking,variant,432,175,mutated position (variants at one position enter the bootstrap together),,,,"one quantity on the 432 evaluation variants; best-of-114 threshold for rho 0.3235 (median 0.2386), for the AUROC 0.6754 (median 0.6272)",0,complete,D2DCure_aggregate,92,,frac_T,frac_T,structure-space,seq_only,supp_global,431,0.0096,-0.0807,0.0991,0,0,-0.5981,0.0375,0.5146,0.478,0.5518,0,0,-0.3208,0,GLOBAL
ranking,variant,432,175,mutated position (variants at one position enter the bootstrap together),,,,"one quantity on the 432 evaluation variants; best-of-114 threshold for rho 0.3235 (median 0.2386), for the AUROC 0.6754 (median 0.6272)",0,complete,D2DCure_aggregate,93,,chai_plddt_std_across_models,chai_plddt_std_across_models,prediction-based,pred_global,supp_global,432,0.0078,-0.1026,0.1193,0,0,-0.5864,0.0942,0.5217,0.4517,0.5893,0,0,-0.3255,0,GLOBAL
ranking,variant,432,175,mutated position (variants at one position enter the bootstrap together),,,,"one quantity on the 432 evaluation variants; best-of-114 threshold for rho 0.3235 (median 0.2386), for the AUROC 0.6754 (median 0.6272)",0,complete,D2DCure_aggregate,94,,rosetta_fa_intra_rep,rosetta_fa_intra_rep,structure-space,struct_whole,supp_global,431,0.0038,-0.1009,0.1083,0,0,-0.5868,-0.0336,0.5325,0.4724,0.5905,0,0,-0.3133,0,GLOBAL
ranking,variant,432,175,mutated position (variants at one position enter the bootstrap together),,,,"one quantity on the 432 evaluation variants; best-of-114 threshold for rho 0.3235 (median 0.2386), for the AUROC 0.6754 (median 0.6272)",0,complete,D2DCure_aggregate,95,,frac_M,frac_M,structure-space,seq_only,supp_global,431,-0.0022,-0.0721,0.0617,0,0,-0.5909,0.0275,0.4954,0.4778,0.5119,0,0,-0.3306,0,GLOBAL
ranking,variant,432,175,mutated position (variants at one position enter the bootstrap together),,,,"one quantity on the 432 evaluation variants; best-of-114 threshold for rho 0.3235 (median 0.2386), for the AUROC 0.6754 (median 0.6272)",0,complete,D2DCure_aggregate,96,,frac_Q,frac_Q,structure-space,seq_only,supp_global,431,-0.0064,-0.1014,0.1007,0,0,-0.5985,0.0632,0.4708,0.4301,0.5059,0,0,-0.3596,0,GLOBAL
ranking,variant,432,175,mutated position (variants at one position enter the bootstrap together),,,,"one quantity on the 432 evaluation variants; best-of-114 threshold for rho 0.3235 (median 0.2386), for the AUROC 0.6754 (median 0.6272)",0,complete,D2DCure_aggregate,97,40,frac_Y,frac_Y,structure-space,seq_only,reference,431,-0.0099,-0.1174,0.0986,0,0,-0.6167,-0.0851,0.4967,0.4689,0.5296,0,0,-0.3369,1,REF
ranking,variant,432,175,mutated position (variants at one position enter the bootstrap together),,,,"one quantity on the 432 evaluation variants; best-of-114 threshold for rho 0.3235 (median 0.2386), for the AUROC 0.6754 (median 0.6272)",0,complete,D2DCure_aggregate,98,,chai_per_chain_ptm_min_std,chai_per_chain_ptm_min,prediction-based,pred_interface,main,432,-0.014,-0.1118,0.0939,0,0,-0.6318,0.1166,0.5018,0.4427,0.5666,0,0,-0.3565,0,OK
ranking,variant,432,175,mutated position (variants at one position enter the bootstrap together),,,,"one quantity on the 432 evaluation variants; best-of-114 threshold for rho 0.3235 (median 0.2386), for the AUROC 0.6754 (median 0.6272)",0,complete,D2DCure_aggregate,99,,frac_P,frac_P,structure-space,seq_only,supp_global,431,-0.0243,-0.0862,0.0463,0,0,-0.6164,0.0207,0.4872,0.475,0.4994,0,0,-0.3395,0,GLOBAL
ranking,variant,432,175,mutated position (variants at one position enter the bootstrap together),,,,"one quantity on the 432 evaluation variants; best-of-114 threshold for rho 0.3235 (median 0.2386), for the AUROC 0.6754 (median 0.6272)",0,complete,D2DCure_aggregate,100,,net_charge_per_residue,net_charge_per_residue,structure-space,seq_only,supp_global,431,-0.0294,-0.1432,0.0955,0,0,-0.6616,0.0073,0.4978,0.4356,0.5624,0,0,-0.3712,0,GLOBAL
ranking,variant,432,175,mutated position (variants at one position enter the bootstrap together),,,,"one quantity on the 432 evaluation variants; best-of-114 threshold for rho 0.3235 (median 0.2386), for the AUROC 0.6754 (median 0.6272)",0,complete,D2DCure_aggregate,101,41,net_charge,net_charge,structure-space,seq_only,reference,431,-0.0297,-0.141,0.0931,0,0,-0.6574,0.0073,0.4907,0.4293,0.5551,0,0,-0.3772,1,REF
ranking,variant,432,175,mutated position (variants at one position enter the bootstrap together),,,,"one quantity on the 432 evaluation variants; best-of-114 threshold for rho 0.3235 (median 0.2386), for the AUROC 0.6754 (median 0.6272)",0,complete,D2DCure_aggregate,102,,frac_charged,frac_charged,structure-space,seq_only,supp_global,431,-0.03,-0.1502,0.1054,0,0,-0.6672,-0.035,0.4861,0.4233,0.5532,0,0,-0.3845,0,GLOBAL
ranking,variant,432,175,mutated position (variants at one position enter the bootstrap together),,,,"one quantity on the 432 evaluation variants; best-of-114 threshold for rho 0.3235 (median 0.2386), for the AUROC 0.6754 (median 0.6272)",0,complete,D2DCure_aggregate,103,,ame_crystal_rmsd_std,ame_crystal_rmsd,prediction-based,ame,main,432,-0.0301,-0.131,0.0674,0,0,-0.6211,-0.0708,0.496,0.4382,0.5517,0,0,-0.3429,0,OK
ranking,variant,432,175,mutated position (variants at one position enter the bootstrap together),,,,"one quantity on the 432 evaluation variants; best-of-114 threshold for rho 0.3235 (median 0.2386), for the AUROC 0.6754 (median 0.6272)",0,complete,D2DCure_aggregate,104,,frac_A,frac_A,structure-space,seq_only,supp_global,431,-0.0329,-0.1245,0.0546,0,0,-0.6543,0.025,0.4672,0.4335,0.5004,0,0,-0.3665,0,GLOBAL
ranking,variant,432,175,mutated position (variants at one position enter the bootstrap together),,,,"one quantity on the 432 evaluation variants; best-of-114 threshold for rho 0.3235 (median 0.2386), for the AUROC 0.6754 (median 0.6272)",0,complete,D2DCure_aggregate,105,,frac_ivywrel,frac_ivywrel,structure-space,seq_only,supp_global,431,-0.0336,-0.1502,0.0897,0,0,-0.6301,-0.0518,0.4812,0.4184,0.5444,0,0,-0.3608,0,GLOBAL
ranking,variant,432,175,mutated position (variants at one position enter the bootstrap together),,,,"one quantity on the 432 evaluation variants; best-of-114 threshold for rho 0.3235 (median 0.2386), for the AUROC 0.6754 (median 0.6272)",0,complete,D2DCure_aggregate,106,,frac_S,frac_S,structure-space,seq_only,supp_global,431,-0.047,-0.1469,0.052,0,0,-0.6634,0.0665,0.487,0.4508,0.5182,0,0,-0.3493,0,GLOBAL
ranking,variant,432,175,mutated position (variants at one position enter the bootstrap together),,,,"one quantity on the 432 evaluation variants; best-of-114 threshold for rho 0.3235 (median 0.2386), for the AUROC 0.6754 (median 0.6272)",0,complete,D2DCure_aggregate,107,,frac_I,frac_I,structure-space,seq_only,supp_global,431,-0.0704,-0.1614,0.024,0,0,-0.6753,0.0728,0.4798,0.4508,0.5072,0,0,-0.3512,0,GLOBAL
ranking,variant,432,175,mutated position (variants at one position enter the bootstrap together),,,,"one quantity on the 432 evaluation variants; best-of-114 threshold for rho 0.3235 (median 0.2386), for the AUROC 0.6754 (median 0.6272)",0,complete,D2DCure_aggregate,108,,frac_L,frac_L,structure-space,seq_only,supp_global,431,-0.0849,-0.157,-0.0086,0,0,-0.6753,0.0714,0.4627,0.4276,0.4925,0,0,-0.3633,0,GLOBAL
ranking,variant,432,175,mutated position (variants at one position enter the bootstrap together),,,,"one quantity on the 432 evaluation variants; best-of-114 threshold for rho 0.3235 (median 0.2386), for the AUROC 0.6754 (median 0.6272)",0,complete,D2DCure_aggregate,109,,rosetta_omega,rosetta_omega,structure-space,struct_whole,supp_global,431,-0.0964,-0.2051,0.0182,0,0,-0.7207,-0.1125,0.4662,0.4183,0.5129,0,0,-0.3772,0,GLOBAL
ranking,variant,432,175,mutated position (variants at one position enter the bootstrap together),,,,"one quantity on the 432 evaluation variants; best-of-114 threshold for rho 0.3235 (median 0.2386), for the AUROC 0.6754 (median 0.6272)",0,complete,D2DCure_aggregate,110,,frac_K,frac_K,structure-space,seq_only,supp_global,431,-0.0984,-0.2046,0.0268,0,0,-0.708,0.0766,0.47,0.4108,0.518,0,0,-0.3899,0,GLOBAL
ranking,variant,432,175,mutated position (variants at one position enter the bootstrap together),,,,"one quantity on the 432 evaluation variants; best-of-114 threshold for rho 0.3235 (median 0.2386), for the AUROC 0.6754 (median 0.6272)",0,complete,D2DCure_aggregate,111,,lys_fraction,frac_K,structure-space,seq_only,supp_global,431,-0.0984,-0.2046,0.0268,0,0,-0.708,0.0766,0.47,0.4108,0.518,0,0,-0.3899,0,GLOBAL
ranking,variant,432,175,mutated position (variants at one position enter the bootstrap together),,,,"one quantity on the 432 evaluation variants; best-of-114 threshold for rho 0.3235 (median 0.2386), for the AUROC 0.6754 (median 0.6272)",0,complete,D2DCure_aggregate,112,,frac_E,frac_E,structure-space,seq_only,supp_global,431,-0.1106,-0.2026,-0.0112,0,0,-0.7212,0.0262,0.4732,0.4374,0.509,0,0,-0.3659,0,GLOBAL
ranking,variant,432,175,mutated position (variants at one position enter the bootstrap together),,,,"one quantity on the 432 evaluation variants; best-of-114 threshold for rho 0.3235 (median 0.2386), for the AUROC 0.6754 (median 0.6272)",0,complete,D2DCure_aggregate,113,,glu_fraction,frac_E,structure-space,seq_only,supp_global,431,-0.1106,-0.2026,-0.0112,0,0,-0.7212,0.0262,0.4732,0.4374,0.509,0,0,-0.3659,0,GLOBAL
ranking,variant,432,175,mutated position (variants at one position enter the bootstrap together),,,,"one quantity on the 432 evaluation variants; best-of-114 threshold for rho 0.3235 (median 0.2386), for the AUROC 0.6754 (median 0.6272)",0,complete,D2DCure_aggregate,114,,frac_V,frac_V,structure-space,seq_only,supp_global,431,-0.1686,-0.2823,-0.0383,0,0,-0.8033,0.0291,0.4716,0.4292,0.5034,0,0,-0.3678,0,GLOBAL
