claim_type,unit,n_units,n_clusters,cluster_def,k,N,k_of_N,denominator_def,headline_ok,status,licence_flag,analysis,n_variants,n_positions,n_impaired,n_wtlike,n_metrics_analysed,n_auc_mag_ci_above_half,n_beats_neg_d_cat,n_beats_all_baselines,auc_neg_d_cat_baseline
ranking,variant,432,175,mutated position,0,84,0 of 84,metrics analysed in this sensitivity analysis; k = metrics beating the distance baseline,0,complete,D2DCure_aggregate,main analysis,432,175,166,254,84,41,0,0,0.7633
ranking,variant,432,175,mutated position,0,75,0 of 75,metrics analysed in this sensitivity analysis; k = metrics beating the distance baseline,0,complete,D2DCure_aggregate,variants distal from the catalytic residues,288,136,71,207,75,32,0,0,0.6476
ranking,variant,432,175,mutated position,0,84,0 of 84,metrics analysed in this sensitivity analysis; k = metrics beating the distance baseline,0,complete,D2DCure_aggregate,variants near the catalytic residues,144,39,95,47,84,17,0,0,0.672
ranking,variant,432,175,mutated position,0,78,0 of 78,metrics analysed in this sensitivity analysis; k = metrics beating the distance baseline,0,complete,D2DCure_aggregate,measured stability only,292,129,89,192,78,35,0,0,0.7944
ranking,variant,432,175,mutated position,0,84,0 of 84,metrics analysed in this sensitivity analysis; k = metrics beating the distance baseline,0,complete,D2DCure_aggregate,leave out FIU,353,169,139,204,84,41,0,0,0.7337
ranking,variant,432,175,mutated position,0,84,0 of 84,metrics analysed in this sensitivity analysis; k = metrics beating the distance baseline,0,complete,D2DCure_aggregate,leave out MiraCosta,411,173,157,242,84,40,0,0,0.7634
ranking,variant,432,175,mutated position,0,78,0 of 78,metrics analysed in this sensitivity analysis; k = metrics beating the distance baseline,0,complete,D2DCure_aggregate,leave out UC Davis,128,55,37,87,78,32,0,0,0.7687
ranking,variant,432,175,mutated position,0,84,0 of 84,metrics analysed in this sensitivity analysis; k = metrics beating the distance baseline,0,complete,D2DCure_aggregate,impaired threshold 1 SD,348,155,173,146,84,40,0,0,0.7713
ranking,variant,432,175,mutated position,0,84,0 of 84,metrics analysed in this sensitivity analysis; k = metrics beating the distance baseline,0,complete,D2DCure_aggregate,impaired threshold 3 SD,474,183,139,333,84,40,0,0,0.7482
ranking,variant,432,175,mutated position,0,70,0 of 70,metrics analysed in this sensitivity analysis; k = metrics beating the distance baseline,0,complete,D2DCure_aggregate,responding metrics only,432,175,166,254,70,29,0,0,0.7633
ranking,variant,432,175,mutated position,0,79,0 of 79,metrics analysed in this sensitivity analysis; k = metrics beating the distance baseline,0,complete,D2DCure_aggregate,without catalytic-position variants,431,174,165,254,79,44,0,0,0.7618
