claim_type,unit,n_units,n_clusters,cluster_def,k,N,k_of_N,denominator_def,headline_ok,status,licence_flag,metric,canonical_key,input_class,in_main_set,rho,rho_lo,rho_hi,auc_signed,auc_signed_lo,auc_signed_hi,auc_dirfree,auc_mag,auc_mag_lo,auc_mag_hi,diff_vs_neg_d_cat_lo,beats_all_baselines,applicability_status
ranking,variant,432,175,mutated position,,,,one metric,0,complete,D2DCure_aggregate,ame_crystal_clash_max,ame_crystal_clash_max,pred_interface,1,0.0828,-0.0534,0.2162,0.5914,0.5127,0.6629,0.5914,0.5754,0.5045,0.6371,-0.2555,0,OK
ranking,variant,432,175,mutated position,,,,one metric,0,complete,D2DCure_aggregate,ame_crystal_rmsd_max,ame_crystal_rmsd,ame,1,0.0632,-0.0622,0.1849,0.5331,0.4637,0.6033,0.5331,0.5438,0.4694,0.6191,-0.302,0,OK
ranking,variant,432,175,mutated position,,,,one metric,0,complete,D2DCure_aggregate,ame_crystal_rmsd_mean,ame_crystal_rmsd,ame,1,0.1213,-0.0079,0.259,0.5718,0.5022,0.6449,0.5718,0.5951,0.5221,0.6696,-0.2393,0,OK
ranking,variant,432,175,mutated position,,,,one metric,0,complete,D2DCure_aggregate,ame_crystal_rmsd_min,ame_crystal_rmsd,ame,1,0.145,0.0469,0.2426,0.5696,0.5144,0.623,0.5696,0.5366,0.4759,0.5927,-0.2949,0,OK
ranking,variant,432,175,mutated position,,,,one metric,0,complete,D2DCure_aggregate,ame_crystal_rmsd_naive_min,ame_crystal_rmsd,ame,1,0.1702,0.0543,0.286,0.581,0.5116,0.6449,0.581,0.5021,0.4398,0.5616,-0.3393,0,OK
ranking,variant,432,175,mutated position,,,,one metric,0,complete,D2DCure_aggregate,ame_crystal_rmsd_std,ame_crystal_rmsd,ame,1,-0.0708,-0.1557,0.0111,0.4683,0.4165,0.5201,0.5317,0.496,0.4382,0.5517,-0.3429,0,OK
ranking,variant,432,175,mutated position,,,,one metric,0,complete,D2DCure_aggregate,chai_aggregate_score_max,chai_aggregate_score,pred_interface,0,-0.2513,-0.3905,-0.0969,0.3445,0.2597,0.4415,0.6555,0.704,0.6221,0.7741,-0.1251,0,OK
ranking,variant,432,175,mutated position,,,,one metric,0,complete,D2DCure_aggregate,chai_aggregate_score_mean,chai_aggregate_score,pred_interface,0,-0.2526,-0.389,-0.101,0.3443,0.2611,0.4403,0.6557,0.7011,0.6179,0.7719,-0.1271,0,OK
ranking,variant,432,175,mutated position,,,,one metric,0,complete,D2DCure_aggregate,chai_aggregate_score_std,chai_aggregate_score,pred_interface,0,0.0429,-0.0691,0.1597,0.5448,0.4755,0.6187,0.5448,0.569,0.5176,0.6193,-0.2681,0,OK
ranking,variant,432,175,mutated position,,,,one metric,0,complete,D2DCure_aggregate,chai_iptm_max,chai_iptm,pred_interface,1,-0.2465,-0.3857,-0.0917,0.347,0.2619,0.4448,0.653,0.7054,0.6235,0.7753,-0.1226,0,OK
ranking,variant,432,175,mutated position,,,,one metric,0,complete,D2DCure_aggregate,chai_iptm_mean,chai_iptm,pred_interface,1,-0.2505,-0.3878,-0.0982,0.3461,0.2624,0.4433,0.6539,0.7042,0.6218,0.7743,-0.123,0,OK
ranking,variant,432,175,mutated position,,,,one metric,0,complete,D2DCure_aggregate,chai_iptm_std,chai_iptm,pred_interface,1,0.0484,-0.0623,0.163,0.5475,0.4785,0.6202,0.5475,0.576,0.5231,0.6281,-0.2625,0,OK
ranking,variant,432,175,mutated position,,,,one metric,0,complete,D2DCure_aggregate,chai_per_chain_ptm_min_max,chai_per_chain_ptm_min,pred_interface,1,-0.1673,-0.3142,-0.0034,0.3917,0.314,0.4811,0.6083,0.6765,0.6,0.7411,-0.1469,0,OK
ranking,variant,432,175,mutated position,,,,one metric,0,complete,D2DCure_aggregate,chai_per_chain_ptm_min_mean,chai_per_chain_ptm_min,pred_interface,1,-0.2041,-0.3446,-0.0501,0.3885,0.3127,0.473,0.6115,0.668,0.5931,0.734,-0.1605,0,OK
ranking,variant,432,175,mutated position,,,,one metric,0,complete,D2DCure_aggregate,chai_per_chain_ptm_min_std,chai_per_chain_ptm_min,pred_interface,1,0.1166,0.003,0.2235,0.5369,0.4733,0.5974,0.5369,0.5018,0.4427,0.5666,-0.3565,0,OK
ranking,variant,432,175,mutated position,,,,one metric,0,complete,D2DCure_aggregate,chai_per_chain_ptm_protein_max,chai_per_chain_ptm_protein,pred_global,0,0.0243,-0.1443,0.1932,0.5181,0.4174,0.6143,0.5181,0.6565,0.5739,0.7308,-0.1857,0,GLOBAL
ranking,variant,432,175,mutated position,,,,one metric,0,complete,D2DCure_aggregate,chai_per_chain_ptm_protein_mean,chai_per_chain_ptm_protein,pred_global,0,-0.0012,-0.1683,0.1658,0.4981,0.3988,0.5929,0.5019,0.6408,0.5575,0.7151,-0.2005,0,GLOBAL
ranking,variant,432,175,mutated position,,,,one metric,0,complete,D2DCure_aggregate,chai_per_chain_ptm_protein_std,chai_per_chain_ptm_protein,pred_global,0,0.1106,0.0067,0.22,0.5623,0.501,0.6246,0.5623,0.5259,0.4593,0.5949,-0.3278,0,GLOBAL
ranking,variant,432,175,mutated position,,,,one metric,0,complete,D2DCure_aggregate,chai_plddt_best_model,chai_plddt_best_model,pred_global,0,-0.0293,-0.1507,0.0884,0.5174,0.4442,0.5889,0.5174,0.568,0.5108,0.6255,-0.2747,0,GLOBAL
ranking,variant,432,175,mutated position,,,,one metric,0,complete,D2DCure_aggregate,chai_plddt_mean,chai_plddt,pred_global,0,-0.0771,-0.2007,0.0524,0.4816,0.4088,0.559,0.5184,0.5503,0.4845,0.6188,-0.3016,0,REF
ranking,variant,432,175,mutated position,,,,one metric,0,complete,D2DCure_aggregate,chai_plddt_min,chai_plddt_min,pred_global,0,-0.0369,-0.1478,0.076,0.4875,0.4223,0.5507,0.5125,0.5512,0.4877,0.6126,-0.2918,0,GLOBAL
ranking,variant,432,175,mutated position,,,,one metric,0,complete,D2DCure_aggregate,chai_plddt_std_across_models,chai_plddt_std_across_models,pred_global,0,0.0942,-0.0228,0.1998,0.5561,0.4848,0.6189,0.5561,0.5217,0.4517,0.5893,-0.3255,0,GLOBAL
ranking,variant,432,175,mutated position,,,,one metric,0,complete,D2DCure_aggregate,chai_ptm_max,chai_ptm,pred_global,0,-0.0878,-0.2465,0.0747,0.4593,0.3648,0.5543,0.5407,0.6481,0.5722,0.7177,-0.1954,0,GLOBAL
ranking,variant,432,175,mutated position,,,,one metric,0,complete,D2DCure_aggregate,chai_ptm_mean,chai_ptm,pred_global,0,-0.1279,-0.2852,0.0408,0.4279,0.3323,0.5242,0.5721,0.6585,0.5812,0.7259,-0.184,0,REF
ranking,variant,432,175,mutated position,,,,one metric,0,complete,D2DCure_aggregate,chai_ptm_std,chai_ptm,pred_global,0,0.1049,-0.0184,0.2334,0.5587,0.4868,0.6358,0.5587,0.5559,0.4902,0.621,-0.2963,0,GLOBAL
ranking,variant,432,175,mutated position,,,,one metric,0,complete,D2DCure_aggregate,frac_Y,frac_Y,seq_only,0,-0.0851,-0.1898,0.0228,0.4733,0.4411,0.5012,0.5267,0.4967,0.4689,0.5296,-0.3369,0,X-ARM
ranking,variant,432,175,mutated position,,,,one metric,0,complete,D2DCure_aggregate,net_charge,net_charge,seq_only,0,0.0073,-0.1251,0.1294,0.5474,0.4807,0.6145,0.5474,0.4907,0.4293,0.5551,-0.3772,0,X-ARM
ranking,variant,432,175,mutated position,,,,one metric,0,complete,D2DCure_aggregate,seq_length,seq_length,seq_only,0,,,,,,,,,,,,,X-ARM
