claim_type,unit,n_units,n_clusters,cluster_def,k,N,k_of_N,denominator_def,headline_ok,status,licence_flag,rank,rank_among_ranked_items,metric_name,canonical_key,source,input_class,role,n_designs,n_active,n_kept_highest,hits_highest_quarter,hits_highest_ci_lo90,hits_highest_ci_hi90,actives_in_highest_quarter,n_kept_lowest,hits_lowest_quarter,hits_lowest_ci_lo90,hits_lowest_ci_hi90,actives_in_lowest_quarter,better_end,best_hits_per_plate,above_random_band,ranked_item,applicability_status,note
enrichment,design,192,192,design (backbone clusters are reported in Table 7),,,,one metric on the 192 plated designs; descriptive analysis; unfiltered plate 8.0 hits; a random choice of 48 designs holds more than 14.0 hits with probability 0.022 and either end of a random metric does so with probability 0.044 (hypergeometric),0,complete,public,1,1,frac_Y,frac_Y,structure-space,seq_only,reference,192,16,48,24.0,12.0,32.0,12,48,2.0,0.0,6.0,1,highest,24.0,1,1,REF,
enrichment,design,192,192,design (backbone clusters are reported in Table 7),,,,one metric on the 192 plated designs; descriptive analysis; unfiltered plate 8.0 hits; a random choice of 48 designs holds more than 14.0 hits with probability 0.022 and either end of a random metric does so with probability 0.044 (hypergeometric),0,complete,public,2,,frac_G,frac_G,structure-space,seq_only,supp_global,192,16,48,0.0,0.0,0.0,0,48,22.0,12.0,32.0,11,lowest,22.0,1,0,GLOBAL,
enrichment,design,192,192,design (backbone clusters are reported in Table 7),,,,one metric on the 192 plated designs; descriptive analysis; unfiltered plate 8.0 hits; a random choice of 48 designs holds more than 14.0 hits with probability 0.022 and either end of a random metric does so with probability 0.044 (hypergeometric),0,complete,public,3,2,rosetta_cat_fa_intra_rep,rosetta_cat_fa_intra_rep,structure-space,struct_site,main,192,16,48,0.0,0.0,0.0,0,48,22.0,10.0,32.0,11,lowest,22.0,1,1,OK,
enrichment,design,192,192,design (backbone clusters are reported in Table 7),,,,one metric on the 192 plated designs; descriptive analysis; unfiltered plate 8.0 hits; a random choice of 48 designs holds more than 14.0 hits with probability 0.022 and either end of a random metric does so with probability 0.044 (hypergeometric),0,complete,public,4,3,rosetta_cat_fa_rep,rosetta_cat_fa_rep,structure-space,struct_site,main,192,16,48,2.0,0.0,6.0,1,48,22.0,12.0,30.0,11,lowest,22.0,1,1,OK,
enrichment,design,192,192,design (backbone clusters are reported in Table 7),,,,one metric on the 192 plated designs; descriptive analysis; unfiltered plate 8.0 hits; a random choice of 48 designs holds more than 14.0 hits with probability 0.022 and either end of a random metric does so with probability 0.044 (hypergeometric),0,complete,public,5,,rosetta_catalytic_vdw_rep,rosetta_cat_fa_rep,structure-space,struct_site,main,192,16,48,2.0,0.0,6.0,1,48,22.0,12.0,30.0,11,lowest,22.0,1,0,OK,
enrichment,design,192,192,design (backbone clusters are reported in Table 7),,,,one metric on the 192 plated designs; descriptive analysis; unfiltered plate 8.0 hits; a random choice of 48 designs holds more than 14.0 hits with probability 0.022 and either end of a random metric does so with probability 0.044 (hypergeometric),0,complete,public,6,,rosetta_catalytic_vdw_rep_per_res,rosetta_catalytic_vdw_rep_per_res,structure-space,struct_site,supp_aggregate,192,16,48,2.0,0.0,6.0,1,48,22.0,12.0,30.0,11,lowest,22.0,1,0,OK,
enrichment,design,192,192,design (backbone clusters are reported in Table 7),,,,one metric on the 192 plated designs; descriptive analysis; unfiltered plate 8.0 hits; a random choice of 48 designs holds more than 14.0 hits with probability 0.022 and either end of a random metric does so with probability 0.044 (hypergeometric),0,complete,public,7,,rosetta_omega,rosetta_omega,structure-space,struct_whole,supp_global,192,16,48,2.0,0.0,6.0,1,48,22.0,12.0,30.0,11,lowest,22.0,1,0,GLOBAL,
enrichment,design,192,192,design (backbone clusters are reported in Table 7),,,,one metric on the 192 plated designs; descriptive analysis; unfiltered plate 8.0 hits; a random choice of 48 designs holds more than 14.0 hits with probability 0.022 and either end of a random metric does so with probability 0.044 (hypergeometric),0,complete,public,8,,ame_self_rmsd_max,ame_self_rmsd,prediction-based,ame,supp_excluded,192,16,48,6.0,2.0,12.0,3,48,20.0,10.0,30.0,10,lowest,20.0,1,0,OK,
enrichment,design,192,192,design (backbone clusters are reported in Table 7),,,,one metric on the 192 plated designs; descriptive analysis; unfiltered plate 8.0 hits; a random choice of 48 designs holds more than 14.0 hits with probability 0.022 and either end of a random metric does so with probability 0.044 (hypergeometric),0,complete,public,9,,ame_self_rmsd_mean,ame_self_rmsd,prediction-based,ame,supp_excluded,192,16,48,6.0,0.0,12.0,3,48,20.0,10.0,30.0,10,lowest,20.0,1,0,OK,
enrichment,design,192,192,design (backbone clusters are reported in Table 7),,,,one metric on the 192 plated designs; descriptive analysis; unfiltered plate 8.0 hits; a random choice of 48 designs holds more than 14.0 hits with probability 0.022 and either end of a random metric does so with probability 0.044 (hypergeometric),0,complete,public,10,,ame_self_rmsd_min,ame_self_rmsd,prediction-based,ame,supp_excluded,192,16,48,6.0,0.0,12.0,3,48,20.0,10.0,28.0,10,lowest,20.0,1,0,OK,
enrichment,design,192,192,design (backbone clusters are reported in Table 7),,,,one metric on the 192 plated designs; descriptive analysis; unfiltered plate 8.0 hits; a random choice of 48 designs holds more than 14.0 hits with probability 0.022 and either end of a random metric does so with probability 0.044 (hypergeometric),0,complete,public,11,,ame_self_rmsd_naive_min,ame_self_rmsd,prediction-based,ame,supp_excluded,192,16,48,6.0,0.0,12.0,3,48,20.0,10.0,28.0,10,lowest,20.0,1,0,OK,
enrichment,design,192,192,design (backbone clusters are reported in Table 7),,,,one metric on the 192 plated designs; descriptive analysis; unfiltered plate 8.0 hits; a random choice of 48 designs holds more than 14.0 hits with probability 0.022 and either end of a random metric does so with probability 0.044 (hypergeometric),0,complete,public,12,,chai_ptm_max,chai_ptm,prediction-based,pred_global,reference,192,16,48,20.0,10.0,30.0,10,48,2.0,0.0,6.0,1,highest,20.0,1,0,GLOBAL,
enrichment,design,192,192,design (backbone clusters are reported in Table 7),,,,one metric on the 192 plated designs; descriptive analysis; unfiltered plate 8.0 hits; a random choice of 48 designs holds more than 14.0 hits with probability 0.022 and either end of a random metric does so with probability 0.044 (hypergeometric),0,complete,public,13,,frac_aromatic,frac_aromatic,structure-space,seq_only,supp_global,192,16,48,20.0,10.0,30.0,10,48,4.0,0.0,8.0,2,highest,20.0,1,0,GLOBAL,
enrichment,design,192,192,design (backbone clusters are reported in Table 7),,,,one metric on the 192 plated designs; descriptive analysis; unfiltered plate 8.0 hits; a random choice of 48 designs holds more than 14.0 hits with probability 0.022 and either end of a random metric does so with probability 0.044 (hypergeometric),0,complete,public,14,4,chai_ptm_mean,chai_ptm,prediction-based,pred_global,reference,192,16,48,18.0,10.0,28.0,9,48,2.0,0.0,6.0,1,highest,18.0,1,1,REF,
enrichment,design,192,192,design (backbone clusters are reported in Table 7),,,,one metric on the 192 plated designs; descriptive analysis; unfiltered plate 8.0 hits; a random choice of 48 designs holds more than 14.0 hits with probability 0.022 and either end of a random metric does so with probability 0.044 (hypergeometric),0,complete,public,15,,frac_D,frac_D,structure-space,seq_only,supp_global,192,16,48,0.0,0.0,0.0,0,48,18.0,10.0,28.0,9,lowest,18.0,1,0,GLOBAL,
enrichment,design,192,192,design (backbone clusters are reported in Table 7),,,,one metric on the 192 plated designs; descriptive analysis; unfiltered plate 8.0 hits; a random choice of 48 designs holds more than 14.0 hits with probability 0.022 and either end of a random metric does so with probability 0.044 (hypergeometric),0,complete,public,16,,frac_E,frac_E,structure-space,seq_only,supp_global,192,16,48,18.0,10.0,28.0,9,48,0.0,0.0,0.0,0,highest,18.0,1,0,GLOBAL,
enrichment,design,192,192,design (backbone clusters are reported in Table 7),,,,one metric on the 192 plated designs; descriptive analysis; unfiltered plate 8.0 hits; a random choice of 48 designs holds more than 14.0 hits with probability 0.022 and either end of a random metric does so with probability 0.044 (hypergeometric),0,complete,public,17,,glu_fraction,frac_E,structure-space,seq_only,supp_global,192,16,48,18.0,8.0,28.0,9,48,0.0,0.0,0.0,0,highest,18.0,1,0,GLOBAL,
enrichment,design,192,192,design (backbone clusters are reported in Table 7),,,,one metric on the 192 plated designs; descriptive analysis; unfiltered plate 8.0 hits; a random choice of 48 designs holds more than 14.0 hits with probability 0.022 and either end of a random metric does so with probability 0.044 (hypergeometric),0,complete,public,18,,rosetta_p_aa_pp,rosetta_p_aa_pp,structure-space,struct_whole,supp_global,192,16,48,18.0,8.0,28.0,9,48,0.0,0.0,4.0,0,highest,18.0,1,0,GLOBAL,
enrichment,design,192,192,design (backbone clusters are reported in Table 7),,,,one metric on the 192 plated designs; descriptive analysis; unfiltered plate 8.0 hits; a random choice of 48 designs holds more than 14.0 hits with probability 0.022 and either end of a random metric does so with probability 0.044 (hypergeometric),0,complete,public,19,5,catalytic_pairwise_dist_max,catalytic_pairwise_dist_max,structure-space,struct_site,main,192,16,48,16.0,6.0,24.0,8,48,6.0,2.0,12.0,3,highest,16.0,1,1,OK,
enrichment,design,192,192,design (backbone clusters are reported in Table 7),,,,one metric on the 192 plated designs; descriptive analysis; unfiltered plate 8.0 hits; a random choice of 48 designs holds more than 14.0 hits with probability 0.022 and either end of a random metric does so with probability 0.044 (hypergeometric),0,complete,public,20,,chai_per_chain_ptm_min_max,chai_per_chain_ptm_min,prediction-based,pred_interface,main,192,16,48,16.0,6.0,24.0,8,48,2.0,0.0,6.0,1,highest,16.0,1,0,OK,
enrichment,design,192,192,design (backbone clusters are reported in Table 7),,,,one metric on the 192 plated designs; descriptive analysis; unfiltered plate 8.0 hits; a random choice of 48 designs holds more than 14.0 hits with probability 0.022 and either end of a random metric does so with probability 0.044 (hypergeometric),0,complete,public,21,,chai_per_chain_ptm_min_std,chai_per_chain_ptm_min,prediction-based,pred_interface,main,192,16,48,16.0,8.0,24.0,8,48,6.0,0.0,12.0,3,highest,16.0,1,0,OK,
enrichment,design,192,192,design (backbone clusters are reported in Table 7),,,,one metric on the 192 plated designs; descriptive analysis; unfiltered plate 8.0 hits; a random choice of 48 designs holds more than 14.0 hits with probability 0.022 and either end of a random metric does so with probability 0.044 (hypergeometric),0,complete,public,22,,chai_per_chain_ptm_protein_std,chai_per_chain_ptm_protein,prediction-based,pred_global,supp_global,192,16,48,6.0,2.0,12.0,3,48,16.0,6.0,24.0,8,lowest,16.0,1,0,GLOBAL,
enrichment,design,192,192,design (backbone clusters are reported in Table 7),,,,one metric on the 192 plated designs; descriptive analysis; unfiltered plate 8.0 hits; a random choice of 48 designs holds more than 14.0 hits with probability 0.022 and either end of a random metric does so with probability 0.044 (hypergeometric),0,complete,public,23,,chai_plddt_best_model,chai_plddt_best_model,prediction-based,pred_global,supp_global,192,16,48,16.0,8.0,24.0,8,48,2.0,0.0,6.0,1,highest,16.0,1,0,GLOBAL,
enrichment,design,192,192,design (backbone clusters are reported in Table 7),,,,one metric on the 192 plated designs; descriptive analysis; unfiltered plate 8.0 hits; a random choice of 48 designs holds more than 14.0 hits with probability 0.022 and either end of a random metric does so with probability 0.044 (hypergeometric),0,complete,public,24,6,chai_plddt_mean,chai_plddt,prediction-based,pred_global,reference,192,16,48,16.0,8.0,24.0,8,48,2.0,0.0,6.0,1,highest,16.0,1,1,REF,
enrichment,design,192,192,design (backbone clusters are reported in Table 7),,,,one metric on the 192 plated designs; descriptive analysis; unfiltered plate 8.0 hits; a random choice of 48 designs holds more than 14.0 hits with probability 0.022 and either end of a random metric does so with probability 0.044 (hypergeometric),0,complete,public,25,,chai_plddt_min,chai_plddt_min,prediction-based,pred_global,supp_global,192,16,48,16.0,8.0,26.0,8,48,2.0,0.0,6.0,1,highest,16.0,1,0,GLOBAL,
enrichment,design,192,192,design (backbone clusters are reported in Table 7),,,,one metric on the 192 plated designs; descriptive analysis; unfiltered plate 8.0 hits; a random choice of 48 designs holds more than 14.0 hits with probability 0.022 and either end of a random metric does so with probability 0.044 (hypergeometric),0,complete,public,26,,mean_hydropathy,mean_hydropathy,structure-space,seq_only,supp_global,192,16,48,2.0,0.0,6.0,1,48,16.0,8.0,26.0,8,lowest,16.0,1,0,GLOBAL,
enrichment,design,192,192,design (backbone clusters are reported in Table 7),,,,one metric on the 192 plated designs; descriptive analysis; unfiltered plate 8.0 hits; a random choice of 48 designs holds more than 14.0 hits with probability 0.022 and either end of a random metric does so with probability 0.044 (hypergeometric),0,complete,public,27,7,net_charge,net_charge,structure-space,seq_only,reference,192,16,48,16.0,8.0,24.0,8,48,12.0,4.0,18.0,6,highest,16.0,1,1,REF,
enrichment,design,192,192,design (backbone clusters are reported in Table 7),,,,one metric on the 192 plated designs; descriptive analysis; unfiltered plate 8.0 hits; a random choice of 48 designs holds more than 14.0 hits with probability 0.022 and either end of a random metric does so with probability 0.044 (hypergeometric),0,complete,public,28,8,rosetta_cat_fa_dun,rosetta_cat_fa_dun,structure-space,struct_site,main,192,16,48,0.0,0.0,0.0,0,48,16.0,6.0,24.0,8,lowest,16.0,1,1,OK,
enrichment,design,192,192,design (backbone clusters are reported in Table 7),,,,one metric on the 192 plated designs; descriptive analysis; unfiltered plate 8.0 hits; a random choice of 48 designs holds more than 14.0 hits with probability 0.022 and either end of a random metric does so with probability 0.044 (hypergeometric),0,complete,public,29,,rosetta_fa_dun,rosetta_fa_dun,structure-space,struct_whole,supp_global,192,16,48,4.0,0.0,10.0,2,48,16.0,8.0,26.0,8,lowest,16.0,1,0,GLOBAL,
enrichment,design,192,192,design (backbone clusters are reported in Table 7),,,,one metric on the 192 plated designs; descriptive analysis; unfiltered plate 8.0 hits; a random choice of 48 designs holds more than 14.0 hits with probability 0.022 and either end of a random metric does so with probability 0.044 (hypergeometric),0,complete,public,30,,rosetta_ref,rosetta_ref,structure-space,bookkeeping,excluded_bookkeeping,192,16,48,0.0,0.0,0.0,0,48,16.0,8.0,26.0,8,lowest,16.0,1,0,X-BOOKKEEP,
enrichment,design,192,192,design (backbone clusters are reported in Table 7),,,,one metric on the 192 plated designs; descriptive analysis; unfiltered plate 8.0 hits; a random choice of 48 designs holds more than 14.0 hits with probability 0.022 and either end of a random metric does so with probability 0.044 (hypergeometric),0,complete,public,31,,chai_aggregate_score_max,chai_aggregate_score,prediction-based,pred_interface,supp_derived,192,16,48,14.0,6.0,22.0,7,48,2.0,0.0,6.0,1,highest,14.0,0,0,OK,
enrichment,design,192,192,design (backbone clusters are reported in Table 7),,,,one metric on the 192 plated designs; descriptive analysis; unfiltered plate 8.0 hits; a random choice of 48 designs holds more than 14.0 hits with probability 0.022 and either end of a random metric does so with probability 0.044 (hypergeometric),0,complete,public,32,,chai_aggregate_score_mean,chai_aggregate_score,prediction-based,pred_interface,supp_derived,192,16,48,14.0,6.0,22.0,7,48,2.0,0.0,6.0,1,highest,14.0,0,0,OK,
enrichment,design,192,192,design (backbone clusters are reported in Table 7),,,,one metric on the 192 plated designs; descriptive analysis; unfiltered plate 8.0 hits; a random choice of 48 designs holds more than 14.0 hits with probability 0.022 and either end of a random metric does so with probability 0.044 (hypergeometric),0,complete,public,33,,chai_iptm_max,chai_iptm,prediction-based,pred_interface,main,192,16,48,14.0,6.0,22.0,7,48,2.0,0.0,6.0,1,highest,14.0,0,0,OK,
enrichment,design,192,192,design (backbone clusters are reported in Table 7),,,,one metric on the 192 plated designs; descriptive analysis; unfiltered plate 8.0 hits; a random choice of 48 designs holds more than 14.0 hits with probability 0.022 and either end of a random metric does so with probability 0.044 (hypergeometric),0,complete,public,34,9,chai_iptm_mean,chai_iptm,prediction-based,pred_interface,main,192,16,48,14.0,6.0,22.0,7,48,2.0,0.0,6.0,1,highest,14.0,0,1,OK,
enrichment,design,192,192,design (backbone clusters are reported in Table 7),,,,one metric on the 192 plated designs; descriptive analysis; unfiltered plate 8.0 hits; a random choice of 48 designs holds more than 14.0 hits with probability 0.022 and either end of a random metric does so with probability 0.044 (hypergeometric),0,complete,public,35,,frac_L,frac_L,structure-space,seq_only,supp_global,192,16,48,2.0,0.0,6.0,1,48,14.0,6.0,22.0,7,lowest,14.0,0,0,GLOBAL,
enrichment,design,192,192,design (backbone clusters are reported in Table 7),,,,one metric on the 192 plated designs; descriptive analysis; unfiltered plate 8.0 hits; a random choice of 48 designs holds more than 14.0 hits with probability 0.022 and either end of a random metric does so with probability 0.044 (hypergeometric),0,complete,public,36,,frac_S,frac_S,structure-space,seq_only,supp_global,192,16,48,8.0,2.0,14.0,4,48,14.0,6.0,22.0,7,lowest,14.0,0,0,GLOBAL,
enrichment,design,192,192,design (backbone clusters are reported in Table 7),,,,one metric on the 192 plated designs; descriptive analysis; unfiltered plate 8.0 hits; a random choice of 48 designs holds more than 14.0 hits with probability 0.022 and either end of a random metric does so with probability 0.044 (hypergeometric),0,complete,public,37,,frac_charged,frac_charged,structure-space,seq_only,supp_global,192,16,48,14.0,6.0,22.0,7,48,4.0,0.0,8.0,2,highest,14.0,0,0,GLOBAL,
enrichment,design,192,192,design (backbone clusters are reported in Table 7),,,,one metric on the 192 plated designs; descriptive analysis; unfiltered plate 8.0 hits; a random choice of 48 designs holds more than 14.0 hits with probability 0.022 and either end of a random metric does so with probability 0.044 (hypergeometric),0,complete,public,38,,net_charge_per_residue,net_charge_per_residue,structure-space,seq_only,supp_global,192,16,48,10.0,4.0,18.0,5,48,14.0,6.0,22.0,7,lowest,14.0,0,0,GLOBAL,
enrichment,design,192,192,design (backbone clusters are reported in Table 7),,,,one metric on the 192 plated designs; descriptive analysis; unfiltered plate 8.0 hits; a random choice of 48 designs holds more than 14.0 hits with probability 0.022 and either end of a random metric does so with probability 0.044 (hypergeometric),0,complete,public,39,10,rosetta_cat_hbond_sc,rosetta_cat_hbond_sc,structure-space,struct_site,main,192,16,48,8.0,0.0,12.0,4,48,14.0,6.0,24.0,7,lowest,14.0,0,1,OK,
enrichment,design,192,192,design (backbone clusters are reported in Table 7),,,,one metric on the 192 plated designs; descriptive analysis; unfiltered plate 8.0 hits; a random choice of 48 designs holds more than 14.0 hits with probability 0.022 and either end of a random metric does so with probability 0.044 (hypergeometric),0,complete,public,40,,rosetta_fa_intra_rep,rosetta_fa_intra_rep,structure-space,struct_whole,supp_global,192,16,48,0.0,0.0,2.0,0,48,14.0,6.0,22.0,7,lowest,14.0,0,0,GLOBAL,
enrichment,design,192,192,design (backbone clusters are reported in Table 7),,,,one metric on the 192 plated designs; descriptive analysis; unfiltered plate 8.0 hits; a random choice of 48 designs holds more than 14.0 hits with probability 0.022 and either end of a random metric does so with probability 0.044 (hypergeometric),0,complete,public,41,11,chai_per_chain_ptm_min_mean,chai_per_chain_ptm_min,prediction-based,pred_interface,main,192,16,48,12.0,6.0,22.0,6,48,2.0,0.0,6.0,1,highest,12.0,0,1,OK,
enrichment,design,192,192,design (backbone clusters are reported in Table 7),,,,one metric on the 192 plated designs; descriptive analysis; unfiltered plate 8.0 hits; a random choice of 48 designs holds more than 14.0 hits with probability 0.022 and either end of a random metric does so with probability 0.044 (hypergeometric),0,complete,public,42,,chai_plddt_std_across_models,chai_plddt_std_across_models,prediction-based,pred_global,supp_global,192,16,48,4.0,0.0,8.0,2,48,12.0,4.0,20.0,6,lowest,12.0,0,0,GLOBAL,
enrichment,design,192,192,design (backbone clusters are reported in Table 7),,,,one metric on the 192 plated designs; descriptive analysis; unfiltered plate 8.0 hits; a random choice of 48 designs holds more than 14.0 hits with probability 0.022 and either end of a random metric does so with probability 0.044 (hypergeometric),0,complete,public,43,,frac_A,frac_A,structure-space,seq_only,supp_global,192,16,48,12.0,4.0,20.0,6,48,4.0,0.0,10.0,2,highest,12.0,0,0,GLOBAL,
enrichment,design,192,192,design (backbone clusters are reported in Table 7),,,,one metric on the 192 plated designs; descriptive analysis; unfiltered plate 8.0 hits; a random choice of 48 designs holds more than 14.0 hits with probability 0.022 and either end of a random metric does so with probability 0.044 (hypergeometric),0,complete,public,44,,frac_P,frac_P,structure-space,seq_only,supp_global,192,16,48,10.0,2.0,18.0,5,48,12.0,4.0,18.0,6,lowest,12.0,0,0,GLOBAL,
enrichment,design,192,192,design (backbone clusters are reported in Table 7),,,,one metric on the 192 plated designs; descriptive analysis; unfiltered plate 8.0 hits; a random choice of 48 designs holds more than 14.0 hits with probability 0.022 and either end of a random metric does so with probability 0.044 (hypergeometric),0,complete,public,45,,frac_V,frac_V,structure-space,seq_only,supp_global,192,16,48,2.0,0.0,6.0,1,48,12.0,6.0,22.0,6,lowest,12.0,0,0,GLOBAL,
enrichment,design,192,192,design (backbone clusters are reported in Table 7),,,,one metric on the 192 plated designs; descriptive analysis; unfiltered plate 8.0 hits; a random choice of 48 designs holds more than 14.0 hits with probability 0.022 and either end of a random metric does so with probability 0.044 (hypergeometric),0,complete,public,46,,frac_ivywrel,frac_ivywrel,structure-space,seq_only,supp_global,192,16,48,12.0,4.0,20.0,6,48,8.0,2.0,14.0,4,highest,12.0,0,0,GLOBAL,
enrichment,design,192,192,design (backbone clusters are reported in Table 7),,,,one metric on the 192 plated designs; descriptive analysis; unfiltered plate 8.0 hits; a random choice of 48 designs holds more than 14.0 hits with probability 0.022 and either end of a random metric does so with probability 0.044 (hypergeometric),0,complete,public,47,12,rosetta_cat_fa_atr,rosetta_cat_fa_atr,structure-space,struct_site,main,192,16,48,12.0,2.0,22.0,6,48,0.0,0.0,0.0,0,highest,12.0,0,1,OK,
enrichment,design,192,192,design (backbone clusters are reported in Table 7),,,,one metric on the 192 plated designs; descriptive analysis; unfiltered plate 8.0 hits; a random choice of 48 designs holds more than 14.0 hits with probability 0.022 and either end of a random metric does so with probability 0.044 (hypergeometric),0,complete,public,48,13,rosetta_cat_lk_ball_wtd,rosetta_cat_lk_ball_wtd,structure-space,struct_site,main,192,16,48,12.0,6.0,20.0,6,48,2.0,0.0,4.0,1,highest,12.0,0,1,OK,
enrichment,design,192,192,design (backbone clusters are reported in Table 7),,,,one metric on the 192 plated designs; descriptive analysis; unfiltered plate 8.0 hits; a random choice of 48 designs holds more than 14.0 hits with probability 0.022 and either end of a random metric does so with probability 0.044 (hypergeometric),0,complete,public,49,14,rosetta_cat_total,rosetta_cat_total,structure-space,struct_site,main,192,16,48,2.0,0.0,6.0,1,48,12.0,4.0,20.0,6,lowest,12.0,0,1,OK,
enrichment,design,192,192,design (backbone clusters are reported in Table 7),,,,one metric on the 192 plated designs; descriptive analysis; unfiltered plate 8.0 hits; a random choice of 48 designs holds more than 14.0 hits with probability 0.022 and either end of a random metric does so with probability 0.044 (hypergeometric),0,complete,public,50,,rosetta_cat_total_mean,rosetta_cat_total_mean,structure-space,struct_site,supp_aggregate,192,16,48,2.0,0.0,6.0,1,48,12.0,4.0,20.0,6,lowest,12.0,0,0,OK,
enrichment,design,192,192,design (backbone clusters are reported in Table 7),,,,one metric on the 192 plated designs; descriptive analysis; unfiltered plate 8.0 hits; a random choice of 48 designs holds more than 14.0 hits with probability 0.022 and either end of a random metric does so with probability 0.044 (hypergeometric),0,complete,public,51,,rosetta_catalytic_vdw_atr,rosetta_cat_fa_atr,structure-space,struct_site,main,192,16,48,12.0,2.0,22.0,6,48,0.0,0.0,0.0,0,highest,12.0,0,0,OK,
enrichment,design,192,192,design (backbone clusters are reported in Table 7),,,,one metric on the 192 plated designs; descriptive analysis; unfiltered plate 8.0 hits; a random choice of 48 designs holds more than 14.0 hits with probability 0.022 and either end of a random metric does so with probability 0.044 (hypergeometric),0,complete,public,52,,rosetta_fa_atr,rosetta_fa_atr,structure-space,struct_whole,supp_global,192,16,48,12.0,4.0,20.0,6,48,2.0,0.0,6.0,1,highest,12.0,0,0,GLOBAL,
enrichment,design,192,192,design (backbone clusters are reported in Table 7),,,,one metric on the 192 plated designs; descriptive analysis; unfiltered plate 8.0 hits; a random choice of 48 designs holds more than 14.0 hits with probability 0.022 and either end of a random metric does so with probability 0.044 (hypergeometric),0,complete,public,53,,rosetta_fa_elec,rosetta_fa_elec,structure-space,struct_whole,supp_global,192,16,48,12.0,6.0,20.0,6,48,2.0,0.0,6.0,1,highest,12.0,0,0,GLOBAL,
enrichment,design,192,192,design (backbone clusters are reported in Table 7),,,,one metric on the 192 plated designs; descriptive analysis; unfiltered plate 8.0 hits; a random choice of 48 designs holds more than 14.0 hits with probability 0.022 and either end of a random metric does so with probability 0.044 (hypergeometric),0,complete,public,54,,rosetta_fa_rep,rosetta_fa_rep,structure-space,struct_whole,supp_global,192,16,48,0.0,0.0,0.0,0,48,12.0,4.0,22.0,6,lowest,12.0,0,0,GLOBAL,
enrichment,design,192,192,design (backbone clusters are reported in Table 7),,,,one metric on the 192 plated designs; descriptive analysis; unfiltered plate 8.0 hits; a random choice of 48 designs holds more than 14.0 hits with probability 0.022 and either end of a random metric does so with probability 0.044 (hypergeometric),0,complete,public,55,,rosetta_fa_sol,rosetta_fa_sol,structure-space,struct_whole,supp_global,192,16,48,2.0,0.0,6.0,1,48,12.0,4.0,20.0,6,lowest,12.0,0,0,GLOBAL,
enrichment,design,192,192,design (backbone clusters are reported in Table 7),,,,one metric on the 192 plated designs; descriptive analysis; unfiltered plate 8.0 hits; a random choice of 48 designs holds more than 14.0 hits with probability 0.022 and either end of a random metric does so with probability 0.044 (hypergeometric),0,complete,public,56,,rosetta_hbond_bb_sc,rosetta_hbond_bb_sc,structure-space,struct_whole,supp_global,192,16,48,12.0,4.0,20.0,6,48,0.0,0.0,0.0,0,highest,12.0,0,0,GLOBAL,
enrichment,design,192,192,design (backbone clusters are reported in Table 7),,,,one metric on the 192 plated designs; descriptive analysis; unfiltered plate 8.0 hits; a random choice of 48 designs holds more than 14.0 hits with probability 0.022 and either end of a random metric does so with probability 0.044 (hypergeometric),0,complete,public,57,,rosetta_n_residues,seq_length,structure-space,bookkeeping,reference,192,16,48,0.0,0.0,4.0,0,48,12.0,4.0,20.0,6,lowest,12.0,0,0,X-BOOKKEEP,
enrichment,design,192,192,design (backbone clusters are reported in Table 7),,,,one metric on the 192 plated designs; descriptive analysis; unfiltered plate 8.0 hits; a random choice of 48 designs holds more than 14.0 hits with probability 0.022 and either end of a random metric does so with probability 0.044 (hypergeometric),0,complete,public,58,15,seq_length,seq_length,structure-space,seq_only,reference,192,16,48,0.0,0.0,4.0,0,48,12.0,6.0,20.0,6,lowest,12.0,0,1,REF,
enrichment,design,192,192,design (backbone clusters are reported in Table 7),,,,one metric on the 192 plated designs; descriptive analysis; unfiltered plate 8.0 hits; a random choice of 48 designs holds more than 14.0 hits with probability 0.022 and either end of a random metric does so with probability 0.044 (hypergeometric),0,complete,public,59,,total_sasa,total_sasa,structure-space,struct_whole,supp_global,192,16,48,2.0,0.0,6.0,1,48,12.0,4.0,20.0,6,lowest,12.0,0,0,GLOBAL,
enrichment,design,192,192,design (backbone clusters are reported in Table 7),,,,one metric on the 192 plated designs; descriptive analysis; unfiltered plate 8.0 hits; a random choice of 48 designs holds more than 14.0 hits with probability 0.022 and either end of a random metric does so with probability 0.044 (hypergeometric),0,complete,public,60,,ame_self_clash_max,ame_self_clash_max,prediction-based,pred_interface,supp_excluded,192,16,48,10.0,4.0,20.0,5,48,2.0,0.0,6.0,1,highest,10.0,0,0,OK,
enrichment,design,192,192,design (backbone clusters are reported in Table 7),,,,one metric on the 192 plated designs; descriptive analysis; unfiltered plate 8.0 hits; a random choice of 48 designs holds more than 14.0 hits with probability 0.022 and either end of a random metric does so with probability 0.044 (hypergeometric),0,complete,public,61,,ame_self_rmsd_std,ame_self_rmsd,prediction-based,ame,supp_excluded,192,16,48,6.0,0.0,10.0,3,48,10.0,4.0,18.0,5,lowest,10.0,0,0,OK,
enrichment,design,192,192,design (backbone clusters are reported in Table 7),,,,one metric on the 192 plated designs; descriptive analysis; unfiltered plate 8.0 hits; a random choice of 48 designs holds more than 14.0 hits with probability 0.022 and either end of a random metric does so with probability 0.044 (hypergeometric),0,complete,public,62,16,catalytic_pairwise_dist_mean,catalytic_pairwise_dist_mean,structure-space,struct_site,main,192,16,48,10.0,2.0,16.0,5,48,0.0,0.0,0.0,0,highest,10.0,0,1,OK,
enrichment,design,192,192,design (backbone clusters are reported in Table 7),,,,one metric on the 192 plated designs; descriptive analysis; unfiltered plate 8.0 hits; a random choice of 48 designs holds more than 14.0 hits with probability 0.022 and either end of a random metric does so with probability 0.044 (hypergeometric),0,complete,public,63,17,catalytic_radius_of_gyration,catalytic_radius_of_gyration,structure-space,struct_site,main,192,16,48,10.0,2.0,18.0,5,48,0.0,0.0,0.0,0,highest,10.0,0,1,OK,
enrichment,design,192,192,design (backbone clusters are reported in Table 7),,,,one metric on the 192 plated designs; descriptive analysis; unfiltered plate 8.0 hits; a random choice of 48 designs holds more than 14.0 hits with probability 0.022 and either end of a random metric does so with probability 0.044 (hypergeometric),0,complete,public,64,18,catalytic_rel_sasa_mean,catalytic_rel_sasa_mean,structure-space,struct_site,main,192,16,48,10.0,4.0,16.0,5,48,2.0,0.0,6.0,1,highest,10.0,0,1,OK,
enrichment,design,192,192,design (backbone clusters are reported in Table 7),,,,one metric on the 192 plated designs; descriptive analysis; unfiltered plate 8.0 hits; a random choice of 48 designs holds more than 14.0 hits with probability 0.022 and either end of a random metric does so with probability 0.044 (hypergeometric),0,complete,public,65,,catalytic_sasa_mean,catalytic_sasa_mean,structure-space,struct_site,supp_aggregate,192,16,48,10.0,4.0,16.0,5,48,2.0,0.0,6.0,1,highest,10.0,0,0,OK,
enrichment,design,192,192,design (backbone clusters are reported in Table 7),,,,one metric on the 192 plated designs; descriptive analysis; unfiltered plate 8.0 hits; a random choice of 48 designs holds more than 14.0 hits with probability 0.022 and either end of a random metric does so with probability 0.044 (hypergeometric),0,complete,public,66,19,catalytic_sasa_total,catalytic_sasa_total,structure-space,struct_site,main,192,16,48,10.0,4.0,16.0,5,48,2.0,0.0,6.0,1,highest,10.0,0,1,OK,
enrichment,design,192,192,design (backbone clusters are reported in Table 7),,,,one metric on the 192 plated designs; descriptive analysis; unfiltered plate 8.0 hits; a random choice of 48 designs holds more than 14.0 hits with probability 0.022 and either end of a random metric does so with probability 0.044 (hypergeometric),0,complete,public,67,,frac_I,frac_I,structure-space,seq_only,supp_global,192,16,48,4.0,0.0,10.0,2,48,10.0,2.0,16.0,5,lowest,10.0,0,0,GLOBAL,
enrichment,design,192,192,design (backbone clusters are reported in Table 7),,,,one metric on the 192 plated designs; descriptive analysis; unfiltered plate 8.0 hits; a random choice of 48 designs holds more than 14.0 hits with probability 0.022 and either end of a random metric does so with probability 0.044 (hypergeometric),0,complete,public,68,,frac_N,frac_N,structure-space,seq_only,supp_global,192,16,48,6.0,2.0,12.0,3,48,10.0,4.0,18.0,5,lowest,10.0,0,0,GLOBAL,
enrichment,design,192,192,design (backbone clusters are reported in Table 7),,,,one metric on the 192 plated designs; descriptive analysis; unfiltered plate 8.0 hits; a random choice of 48 designs holds more than 14.0 hits with probability 0.022 and either end of a random metric does so with probability 0.044 (hypergeometric),0,complete,public,69,,frac_W,frac_W,structure-space,seq_only,supp_global,192,16,48,10.0,4.0,18.0,5,48,8.0,6.0,20.0,4,highest,10.0,0,0,GLOBAL,
enrichment,design,192,192,design (backbone clusters are reported in Table 7),,,,one metric on the 192 plated designs; descriptive analysis; unfiltered plate 8.0 hits; a random choice of 48 designs holds more than 14.0 hits with probability 0.022 and either end of a random metric does so with probability 0.044 (hypergeometric),0,complete,public,70,20,rosetta_cat_rama_prepro,rosetta_cat_rama_prepro,structure-space,struct_site,main,192,16,48,10.0,4.0,16.1,5,48,2.0,0.0,8.0,1,highest,10.0,0,1,OK,
enrichment,design,192,192,design (backbone clusters are reported in Table 7),,,,one metric on the 192 plated designs; descriptive analysis; unfiltered plate 8.0 hits; a random choice of 48 designs holds more than 14.0 hits with probability 0.022 and either end of a random metric does so with probability 0.044 (hypergeometric),0,complete,public,71,21,rosetta_cat_worst_residue,rosetta_cat_worst_residue,structure-space,struct_site,main,192,16,48,2.0,0.0,6.0,1,48,10.0,4.0,20.0,5,lowest,10.0,0,1,OK,
enrichment,design,192,192,design (backbone clusters are reported in Table 7),,,,one metric on the 192 plated designs; descriptive analysis; unfiltered plate 8.0 hits; a random choice of 48 designs holds more than 14.0 hits with probability 0.022 and either end of a random metric does so with probability 0.044 (hypergeometric),0,complete,public,72,,rosetta_hbond_sc,rosetta_hbond_sc,structure-space,struct_whole,supp_global,192,16,48,10.0,4.0,18.0,5,48,8.0,2.0,16.0,4,highest,10.0,0,0,GLOBAL,
enrichment,design,192,192,design (backbone clusters are reported in Table 7),,,,one metric on the 192 plated designs; descriptive analysis; unfiltered plate 8.0 hits; a random choice of 48 designs holds more than 14.0 hits with probability 0.022 and either end of a random metric does so with probability 0.044 (hypergeometric),0,complete,public,73,,rosetta_lk_ball_wtd,rosetta_lk_ball_wtd,structure-space,struct_whole,supp_global,192,16,48,10.0,4.0,18.0,5,48,2.0,0.0,6.0,1,highest,10.0,0,0,GLOBAL,
enrichment,design,192,192,design (backbone clusters are reported in Table 7),,,,one metric on the 192 plated designs; descriptive analysis; unfiltered plate 8.0 hits; a random choice of 48 designs holds more than 14.0 hits with probability 0.022 and either end of a random metric does so with probability 0.044 (hypergeometric),0,complete,public,74,,rosetta_score_per_residue,rosetta_score_per_residue,structure-space,struct_whole,supp_global,192,16,48,10.0,2.0,16.0,5,48,6.0,2.0,12.0,3,highest,10.0,0,0,GLOBAL,
enrichment,design,192,192,design (backbone clusters are reported in Table 7),,,,one metric on the 192 plated designs; descriptive analysis; unfiltered plate 8.0 hits; a random choice of 48 designs holds more than 14.0 hits with probability 0.022 and either end of a random metric does so with probability 0.044 (hypergeometric),0,complete,public,75,,rosetta_total_score,rosetta_total_score,structure-space,struct_whole,supp_global,192,16,48,10.0,4.0,18.0,5,48,2.0,0.0,6.0,1,highest,10.0,0,0,GLOBAL,
enrichment,design,192,192,design (backbone clusters are reported in Table 7),,,,one metric on the 192 plated designs; descriptive analysis; unfiltered plate 8.0 hits; a random choice of 48 designs holds more than 14.0 hits with probability 0.022 and either end of a random metric does so with probability 0.044 (hypergeometric),0,complete,public,76,22,catalytic_rel_sasa_max,catalytic_rel_sasa_max,structure-space,struct_site,main,192,16,48,8.0,2.0,14.0,4,48,0.0,0.0,0.0,0,highest,8.0,0,1,OK,
enrichment,design,192,192,design (backbone clusters are reported in Table 7),,,,one metric on the 192 plated designs; descriptive analysis; unfiltered plate 8.0 hits; a random choice of 48 designs holds more than 14.0 hits with probability 0.022 and either end of a random metric does so with probability 0.044 (hypergeometric),0,complete,public,77,,chai_aggregate_score_std,chai_aggregate_score,prediction-based,pred_interface,supp_derived,192,16,48,8.0,2.0,14.0,4,48,8.0,2.0,16.0,4,tie,8.0,0,0,OK,
enrichment,design,192,192,design (backbone clusters are reported in Table 7),,,,one metric on the 192 plated designs; descriptive analysis; unfiltered plate 8.0 hits; a random choice of 48 designs holds more than 14.0 hits with probability 0.022 and either end of a random metric does so with probability 0.044 (hypergeometric),0,complete,public,78,,chai_iptm_std,chai_iptm,prediction-based,pred_interface,main,192,16,48,8.0,2.0,14.0,4,48,8.0,2.0,16.0,4,tie,8.0,0,0,OK,
enrichment,design,192,192,design (backbone clusters are reported in Table 7),,,,one metric on the 192 plated designs; descriptive analysis; unfiltered plate 8.0 hits; a random choice of 48 designs holds more than 14.0 hits with probability 0.022 and either end of a random metric does so with probability 0.044 (hypergeometric),0,complete,public,79,,chai_ptm_std,chai_ptm,prediction-based,pred_global,reference,192,16,48,8.0,2.0,14.0,4,48,8.0,2.0,16.0,4,tie,8.0,0,0,GLOBAL,
enrichment,design,192,192,design (backbone clusters are reported in Table 7),,,,one metric on the 192 plated designs; descriptive analysis; unfiltered plate 8.0 hits; a random choice of 48 designs holds more than 14.0 hits with probability 0.022 and either end of a random metric does so with probability 0.044 (hypergeometric),0,complete,public,80,,frac_F,frac_F,structure-space,seq_only,supp_global,192,16,48,8.0,4.0,18.0,4,48,2.0,0.0,8.0,1,highest,8.0,0,0,GLOBAL,
enrichment,design,192,192,design (backbone clusters are reported in Table 7),,,,one metric on the 192 plated designs; descriptive analysis; unfiltered plate 8.0 hits; a random choice of 48 designs holds more than 14.0 hits with probability 0.022 and either end of a random metric does so with probability 0.044 (hypergeometric),0,complete,public,81,,frac_K,frac_K,structure-space,seq_only,supp_global,192,16,48,8.0,2.0,14.1,4,48,2.0,0.0,6.0,1,highest,8.0,0,0,GLOBAL,
enrichment,design,192,192,design (backbone clusters are reported in Table 7),,,,one metric on the 192 plated designs; descriptive analysis; unfiltered plate 8.0 hits; a random choice of 48 designs holds more than 14.0 hits with probability 0.022 and either end of a random metric does so with probability 0.044 (hypergeometric),0,complete,public,82,,frac_Q,frac_Q,structure-space,seq_only,supp_global,192,16,48,8.0,2.0,14.0,4,48,6.0,0.0,16.0,3,highest,8.0,0,0,GLOBAL,
enrichment,design,192,192,design (backbone clusters are reported in Table 7),,,,one metric on the 192 plated designs; descriptive analysis; unfiltered plate 8.0 hits; a random choice of 48 designs holds more than 14.0 hits with probability 0.022 and either end of a random metric does so with probability 0.044 (hypergeometric),0,complete,public,83,,frac_R,frac_R,structure-space,seq_only,supp_global,192,16,48,4.0,0.0,12.0,2,48,8.0,2.0,14.0,4,lowest,8.0,0,0,GLOBAL,
enrichment,design,192,192,design (backbone clusters are reported in Table 7),,,,one metric on the 192 plated designs; descriptive analysis; unfiltered plate 8.0 hits; a random choice of 48 designs holds more than 14.0 hits with probability 0.022 and either end of a random metric does so with probability 0.044 (hypergeometric),0,complete,public,84,,lys_fraction,frac_K,structure-space,seq_only,supp_global,192,16,48,8.0,2.0,16.0,4,48,2.0,0.0,6.0,1,highest,8.0,0,0,GLOBAL,
enrichment,design,192,192,design (backbone clusters are reported in Table 7),,,,one metric on the 192 plated designs; descriptive analysis; unfiltered plate 8.0 hits; a random choice of 48 designs holds more than 14.0 hits with probability 0.022 and either end of a random metric does so with probability 0.044 (hypergeometric),0,complete,public,85,23,propka_catalytic_pka_max,propka_catalytic_pka_max,structure-space,struct_site,main,192,16,48,6.0,2.0,12.0,3,48,8.0,2.0,16.0,4,lowest,8.0,0,1,OK,
enrichment,design,192,192,design (backbone clusters are reported in Table 7),,,,one metric on the 192 plated designs; descriptive analysis; unfiltered plate 8.0 hits; a random choice of 48 designs holds more than 14.0 hits with probability 0.022 and either end of a random metric does so with probability 0.044 (hypergeometric),0,complete,public,86,24,propka_catalytic_pka_range,propka_catalytic_pka_range,structure-space,struct_site,main,192,16,48,6.0,2.0,12.0,3,48,8.0,2.0,14.0,4,lowest,8.0,0,1,OK,
enrichment,design,192,192,design (backbone clusters are reported in Table 7),,,,one metric on the 192 plated designs; descriptive analysis; unfiltered plate 8.0 hits; a random choice of 48 designs holds more than 14.0 hits with probability 0.022 and either end of a random metric does so with probability 0.044 (hypergeometric),0,complete,public,87,25,rosetta_cat_fa_elec,rosetta_cat_fa_elec,structure-space,struct_site,main,192,16,48,0.0,0.0,2.0,0,48,8.0,2.0,16.0,4,lowest,8.0,0,1,OK,
enrichment,design,192,192,design (backbone clusters are reported in Table 7),,,,one metric on the 192 plated designs; descriptive analysis; unfiltered plate 8.0 hits; a random choice of 48 designs holds more than 14.0 hits with probability 0.022 and either end of a random metric does so with probability 0.044 (hypergeometric),0,complete,public,88,26,rosetta_cat_hbond_bb_sc,rosetta_cat_hbond_bb_sc,structure-space,struct_site,main,192,16,48,6.0,2.0,14.0,3,48,8.0,2.0,16.0,4,lowest,8.0,0,1,OK,
enrichment,design,192,192,design (backbone clusters are reported in Table 7),,,,one metric on the 192 plated designs; descriptive analysis; unfiltered plate 8.0 hits; a random choice of 48 designs holds more than 14.0 hits with probability 0.022 and either end of a random metric does so with probability 0.044 (hypergeometric),0,complete,public,89,27,rosetta_cat_omega,rosetta_cat_omega,structure-space,struct_site,main,192,16,48,8.0,2.0,18.0,4,48,4.0,0.0,8.0,2,highest,8.0,0,1,OK,
enrichment,design,192,192,design (backbone clusters are reported in Table 7),,,,one metric on the 192 plated designs; descriptive analysis; unfiltered plate 8.0 hits; a random choice of 48 designs holds more than 14.0 hits with probability 0.022 and either end of a random metric does so with probability 0.044 (hypergeometric),0,complete,public,90,28,rosetta_cat_p_aa_pp,rosetta_cat_p_aa_pp,structure-space,struct_site,main,192,16,48,8.0,2.0,14.0,4,48,4.0,0.0,8.0,2,highest,8.0,0,1,OK,
enrichment,design,192,192,design (backbone clusters are reported in Table 7),,,,one metric on the 192 plated designs; descriptive analysis; unfiltered plate 8.0 hits; a random choice of 48 designs holds more than 14.0 hits with probability 0.022 and either end of a random metric does so with probability 0.044 (hypergeometric),0,complete,public,91,,catalytic_polar_dist_mean,catalytic_polar_dist_mean,structure-space,struct_site,supp_partial,192,16,46,6.26,2.09,12.52,3,46,2.09,0.0,6.26,1,highest,6.26,0,0,OK,"many designs tie at the cut, so fewer than 48 are kept at this end and the bootstrap interval can exclude the point estimate"
enrichment,design,192,192,design (backbone clusters are reported in Table 7),,,,one metric on the 192 plated designs; descriptive analysis; unfiltered plate 8.0 hits; a random choice of 48 designs holds more than 14.0 hits with probability 0.022 and either end of a random metric does so with probability 0.044 (hypergeometric),0,complete,public,92,,ame_self_pass,ame_self_pass,prediction-based,ame,supp_excluded,192,16,48,4.0,4.0,16.0,2,48,6.0,0.0,10.0,3,lowest,6.0,0,0,OK,
enrichment,design,192,192,design (backbone clusters are reported in Table 7),,,,one metric on the 192 plated designs; descriptive analysis; unfiltered plate 8.0 hits; a random choice of 48 designs holds more than 14.0 hits with probability 0.022 and either end of a random metric does so with probability 0.044 (hypergeometric),0,complete,public,93,,catalytic_n_atoms,catalytic_n_atoms,structure-space,bookkeeping,excluded_bookkeeping,192,16,48,6.0,2.0,14.0,3,48,6.0,2.0,14.0,3,tie,6.0,0,0,X-BOOKKEEP,
enrichment,design,192,192,design (backbone clusters are reported in Table 7),,,,one metric on the 192 plated designs; descriptive analysis; unfiltered plate 8.0 hits; a random choice of 48 designs holds more than 14.0 hits with probability 0.022 and either end of a random metric does so with probability 0.044 (hypergeometric),0,complete,public,94,,catalytic_n_atoms_used,catalytic_n_atoms_used,structure-space,bookkeeping,excluded_bookkeeping,192,16,48,6.0,2.0,14.0,3,48,6.0,2.0,14.0,3,tie,6.0,0,0,X-BOOKKEEP,
enrichment,design,192,192,design (backbone clusters are reported in Table 7),,,,one metric on the 192 plated designs; descriptive analysis; unfiltered plate 8.0 hits; a random choice of 48 designs holds more than 14.0 hits with probability 0.022 and either end of a random metric does so with probability 0.044 (hypergeometric),0,complete,public,95,,catalytic_n_no_sidechain,catalytic_n_no_sidechain,structure-space,bookkeeping,excluded_bookkeeping,192,16,48,6.0,2.0,14.0,3,48,6.0,2.0,14.0,3,tie,6.0,0,0,X-BOOKKEEP,
enrichment,design,192,192,design (backbone clusters are reported in Table 7),,,,one metric on the 192 plated designs; descriptive analysis; unfiltered plate 8.0 hits; a random choice of 48 designs holds more than 14.0 hits with probability 0.022 and either end of a random metric does so with probability 0.044 (hypergeometric),0,complete,public,96,,chai_per_chain_ptm_protein_max,chai_per_chain_ptm_protein,prediction-based,pred_global,supp_global,192,16,48,6.0,2.0,14.0,3,48,2.0,0.0,6.0,1,highest,6.0,0,0,GLOBAL,
enrichment,design,192,192,design (backbone clusters are reported in Table 7),,,,one metric on the 192 plated designs; descriptive analysis; unfiltered plate 8.0 hits; a random choice of 48 designs holds more than 14.0 hits with probability 0.022 and either end of a random metric does so with probability 0.044 (hypergeometric),0,complete,public,97,,chai_per_chain_ptm_protein_mean,chai_per_chain_ptm_protein,prediction-based,pred_global,supp_global,192,16,48,6.0,2.0,14.0,3,48,2.0,0.0,6.0,1,highest,6.0,0,0,GLOBAL,
enrichment,design,192,192,design (backbone clusters are reported in Table 7),,,,one metric on the 192 plated designs; descriptive analysis; unfiltered plate 8.0 hits; a random choice of 48 designs holds more than 14.0 hits with probability 0.022 and either end of a random metric does so with probability 0.044 (hypergeometric),0,complete,public,98,,frac_C,frac_C,structure-space,seq_only,supp_global,192,16,48,6.0,2.0,14.0,3,48,6.0,2.0,14.0,3,tie,6.0,0,0,GLOBAL,
enrichment,design,192,192,design (backbone clusters are reported in Table 7),,,,one metric on the 192 plated designs; descriptive analysis; unfiltered plate 8.0 hits; a random choice of 48 designs holds more than 14.0 hits with probability 0.022 and either end of a random metric does so with probability 0.044 (hypergeometric),0,complete,public,99,,frac_H,frac_H,structure-space,seq_only,supp_global,192,16,48,6.0,0.0,12.0,3,48,6.0,2.0,12.0,3,tie,6.0,0,0,GLOBAL,
enrichment,design,192,192,design (backbone clusters are reported in Table 7),,,,one metric on the 192 plated designs; descriptive analysis; unfiltered plate 8.0 hits; a random choice of 48 designs holds more than 14.0 hits with probability 0.022 and either end of a random metric does so with probability 0.044 (hypergeometric),0,complete,public,100,,frac_M,frac_M,structure-space,seq_only,supp_global,192,16,48,6.0,2.0,14.0,3,48,6.0,2.0,14.0,3,tie,6.0,0,0,GLOBAL,
enrichment,design,192,192,design (backbone clusters are reported in Table 7),,,,one metric on the 192 plated designs; descriptive analysis; unfiltered plate 8.0 hits; a random choice of 48 designs holds more than 14.0 hits with probability 0.022 and either end of a random metric does so with probability 0.044 (hypergeometric),0,complete,public,101,,frac_catalytic_found,frac_catalytic_found,structure-space,bookkeeping,excluded_bookkeeping,192,16,48,6.0,2.0,14.0,3,48,6.0,2.0,14.0,3,tie,6.0,0,0,X-BOOKKEEP,
enrichment,design,192,192,design (backbone clusters are reported in Table 7),,,,one metric on the 192 plated designs; descriptive analysis; unfiltered plate 8.0 hits; a random choice of 48 designs holds more than 14.0 hits with probability 0.022 and either end of a random metric does so with probability 0.044 (hypergeometric),0,complete,public,102,,frac_catalytic_present,frac_catalytic_present,structure-space,bookkeeping,excluded_bookkeeping,192,16,48,6.0,2.0,16.0,3,48,6.0,2.0,14.0,3,tie,6.0,0,0,X-BOOKKEEP,
enrichment,design,192,192,design (backbone clusters are reported in Table 7),,,,one metric on the 192 plated designs; descriptive analysis; unfiltered plate 8.0 hits; a random choice of 48 designs holds more than 14.0 hits with probability 0.022 and either end of a random metric does so with probability 0.044 (hypergeometric),0,complete,public,103,,n_catalytic_expected,n_catalytic_expected,structure-space,bookkeeping,excluded_bookkeeping,192,16,48,6.0,2.0,14.0,3,48,6.0,2.0,14.0,3,tie,6.0,0,0,X-BOOKKEEP,
enrichment,design,192,192,design (backbone clusters are reported in Table 7),,,,one metric on the 192 plated designs; descriptive analysis; unfiltered plate 8.0 hits; a random choice of 48 designs holds more than 14.0 hits with probability 0.022 and either end of a random metric does so with probability 0.044 (hypergeometric),0,complete,public,104,,n_catalytic_found,n_catalytic_found,structure-space,bookkeeping,excluded_bookkeeping,192,16,48,6.0,2.0,14.0,3,48,6.0,2.0,14.0,3,tie,6.0,0,0,X-BOOKKEEP,
enrichment,design,192,192,design (backbone clusters are reported in Table 7),,,,one metric on the 192 plated designs; descriptive analysis; unfiltered plate 8.0 hits; a random choice of 48 designs holds more than 14.0 hits with probability 0.022 and either end of a random metric does so with probability 0.044 (hypergeometric),0,complete,public,105,,n_catalytic_identity_match,n_catalytic_identity_match,structure-space,bookkeeping,excluded_bookkeeping,192,16,48,6.0,2.0,16.0,3,48,6.0,2.0,14.0,3,tie,6.0,0,0,X-BOOKKEEP,
enrichment,design,192,192,design (backbone clusters are reported in Table 7),,,,one metric on the 192 plated designs; descriptive analysis; unfiltered plate 8.0 hits; a random choice of 48 designs holds more than 14.0 hits with probability 0.022 and either end of a random metric does so with probability 0.044 (hypergeometric),0,complete,public,106,,n_catalytic_in_spec,n_catalytic_in_spec,structure-space,bookkeeping,excluded_bookkeeping,192,16,48,6.0,2.0,14.0,3,48,6.0,2.0,14.0,3,tie,6.0,0,0,X-BOOKKEEP,
enrichment,design,192,192,design (backbone clusters are reported in Table 7),,,,one metric on the 192 plated designs; descriptive analysis; unfiltered plate 8.0 hits; a random choice of 48 designs holds more than 14.0 hits with probability 0.022 and either end of a random metric does so with probability 0.044 (hypergeometric),0,complete,public,107,,n_catalytic_observed,n_catalytic_observed,structure-space,bookkeeping,excluded_bookkeeping,192,16,48,6.0,2.0,14.0,3,48,6.0,2.0,14.0,3,tie,6.0,0,0,X-BOOKKEEP,
enrichment,design,192,192,design (backbone clusters are reported in Table 7),,,,one metric on the 192 plated designs; descriptive analysis; unfiltered plate 8.0 hits; a random choice of 48 designs holds more than 14.0 hits with probability 0.022 and either end of a random metric does so with probability 0.044 (hypergeometric),0,complete,public,108,,n_catalytic_substituted,n_catalytic_substituted,structure-space,bookkeeping,excluded_bookkeeping,192,16,48,6.0,2.0,14.0,3,48,6.0,2.0,14.0,3,tie,6.0,0,0,X-BOOKKEEP,
enrichment,design,192,192,design (backbone clusters are reported in Table 7),,,,one metric on the 192 plated designs; descriptive analysis; unfiltered plate 8.0 hits; a random choice of 48 designs holds more than 14.0 hits with probability 0.022 and either end of a random metric does so with probability 0.044 (hypergeometric),0,complete,public,109,29,propka_catalytic_pka_mean,propka_catalytic_pka_mean,structure-space,struct_site,main,192,16,48,6.0,2.0,12.0,3,48,6.0,0.0,12.0,3,tie,6.0,0,1,OK,
enrichment,design,192,192,design (backbone clusters are reported in Table 7),,,,one metric on the 192 plated designs; descriptive analysis; unfiltered plate 8.0 hits; a random choice of 48 designs holds more than 14.0 hits with probability 0.022 and either end of a random metric does so with probability 0.044 (hypergeometric),0,complete,public,110,30,propka_catalytic_shift_mean,propka_catalytic_shift_mean,structure-space,struct_site,main,192,16,48,6.0,2.0,12.0,3,48,6.0,0.0,12.0,3,tie,6.0,0,1,OK,
enrichment,design,192,192,design (backbone clusters are reported in Table 7),,,,one metric on the 192 plated designs; descriptive analysis; unfiltered plate 8.0 hits; a random choice of 48 designs holds more than 14.0 hits with probability 0.022 and either end of a random metric does so with probability 0.044 (hypergeometric),0,complete,public,111,,propka_n_catalytic_requested,propka_n_catalytic_requested,structure-space,bookkeeping,excluded_bookkeeping,192,16,48,6.0,2.0,14.0,3,48,6.0,2.0,14.0,3,tie,6.0,0,0,X-BOOKKEEP,
enrichment,design,192,192,design (backbone clusters are reported in Table 7),,,,one metric on the 192 plated designs; descriptive analysis; unfiltered plate 8.0 hits; a random choice of 48 designs holds more than 14.0 hits with probability 0.022 and either end of a random metric does so with probability 0.044 (hypergeometric),0,complete,public,112,,propka_n_catalytic_resolved,propka_n_catalytic_resolved,structure-space,bookkeeping,excluded_bookkeeping,192,16,48,6.0,2.0,14.0,3,48,6.0,2.0,14.0,3,tie,6.0,0,0,X-BOOKKEEP,
enrichment,design,192,192,design (backbone clusters are reported in Table 7),,,,one metric on the 192 plated designs; descriptive analysis; unfiltered plate 8.0 hits; a random choice of 48 designs holds more than 14.0 hits with probability 0.022 and either end of a random metric does so with probability 0.044 (hypergeometric),0,complete,public,113,,propka_status_ok,propka_status_ok,structure-space,bookkeeping,excluded_bookkeeping,192,16,48,6.0,2.0,14.0,3,48,6.0,2.0,14.0,3,tie,6.0,0,0,X-BOOKKEEP,
enrichment,design,192,192,design (backbone clusters are reported in Table 7),,,,one metric on the 192 plated designs; descriptive analysis; unfiltered plate 8.0 hits; a random choice of 48 designs holds more than 14.0 hits with probability 0.022 and either end of a random metric does so with probability 0.044 (hypergeometric),0,complete,public,114,,rosetta_cat_ref,rosetta_cat_ref,structure-space,bookkeeping,excluded_bookkeeping,192,16,48,6.0,2.0,14.0,3,48,6.0,2.0,14.0,3,tie,6.0,0,0,X-BOOKKEEP,
enrichment,design,192,192,design (backbone clusters are reported in Table 7),,,,one metric on the 192 plated designs; descriptive analysis; unfiltered plate 8.0 hits; a random choice of 48 designs holds more than 14.0 hits with probability 0.022 and either end of a random metric does so with probability 0.044 (hypergeometric),0,complete,public,115,31,rosetta_catalytic_vdw_net,rosetta_catalytic_vdw_net,structure-space,struct_site,main,192,16,48,6.0,0.0,12.0,3,48,0.0,0.0,4.0,0,highest,6.0,0,1,OK,
enrichment,design,192,192,design (backbone clusters are reported in Table 7),,,,one metric on the 192 plated designs; descriptive analysis; unfiltered plate 8.0 hits; a random choice of 48 designs holds more than 14.0 hits with probability 0.022 and either end of a random metric does so with probability 0.044 (hypergeometric),0,complete,public,116,,rosetta_n_catalytic_mapped,rosetta_n_catalytic_mapped,structure-space,bookkeeping,excluded_bookkeeping,192,16,48,6.0,2.0,14.0,3,48,6.0,2.0,14.0,3,tie,6.0,0,0,X-BOOKKEEP,
enrichment,design,192,192,design (backbone clusters are reported in Table 7),,,,one metric on the 192 plated designs; descriptive analysis; unfiltered plate 8.0 hits; a random choice of 48 designs holds more than 14.0 hits with probability 0.022 and either end of a random metric does so with probability 0.044 (hypergeometric),0,complete,public,117,,rosetta_n_catalytic_requested,rosetta_n_catalytic_requested,structure-space,bookkeeping,excluded_bookkeeping,192,16,48,6.0,2.0,14.0,3,48,6.0,2.0,14.0,3,tie,6.0,0,0,X-BOOKKEEP,
enrichment,design,192,192,design (backbone clusters are reported in Table 7),,,,one metric on the 192 plated designs; descriptive analysis; unfiltered plate 8.0 hits; a random choice of 48 designs holds more than 14.0 hits with probability 0.022 and either end of a random metric does so with probability 0.044 (hypergeometric),0,complete,public,118,,rosetta_rama_prepro,rosetta_rama_prepro,structure-space,struct_whole,supp_global,192,16,48,6.0,0.0,14.0,3,48,6.0,2.0,14.0,3,tie,6.0,0,0,GLOBAL,
enrichment,design,192,192,design (backbone clusters are reported in Table 7),,,,one metric on the 192 plated designs; descriptive analysis; unfiltered plate 8.0 hits; a random choice of 48 designs holds more than 14.0 hits with probability 0.022 and either end of a random metric does so with probability 0.044 (hypergeometric),0,complete,public,119,,rosetta_seed,rosetta_seed,structure-space,bookkeeping,excluded_bookkeeping,192,16,48,6.0,2.0,14.0,3,48,6.0,2.0,14.0,3,tie,6.0,0,0,X-BOOKKEEP,
enrichment,design,192,192,design (backbone clusters are reported in Table 7),,,,one metric on the 192 plated designs; descriptive analysis; unfiltered plate 8.0 hits; a random choice of 48 designs holds more than 14.0 hits with probability 0.022 and either end of a random metric does so with probability 0.044 (hypergeometric),0,complete,public,120,,rosetta_status_ok,rosetta_status_ok,structure-space,bookkeeping,excluded_bookkeeping,192,16,48,6.0,2.0,14.0,3,48,6.0,2.0,14.0,3,tie,6.0,0,0,X-BOOKKEEP,
enrichment,design,192,192,design (backbone clusters are reported in Table 7),,,,one metric on the 192 plated designs; descriptive analysis; unfiltered plate 8.0 hits; a random choice of 48 designs holds more than 14.0 hits with probability 0.022 and either end of a random metric does so with probability 0.044 (hypergeometric),0,complete,public,121,,catalytic_polar_dist_min,catalytic_polar_dist_min,structure-space,struct_site,supp_partial,192,16,46,4.17,0.0,10.43,2,46,2.09,0.0,12.52,1,highest,4.17,0,0,OK,"many designs tie at the cut, so fewer than 48 are kept at this end and the bootstrap interval can exclude the point estimate"
enrichment,design,192,192,design (backbone clusters are reported in Table 7),,,,one metric on the 192 plated designs; descriptive analysis; unfiltered plate 8.0 hits; a random choice of 48 designs holds more than 14.0 hits with probability 0.022 and either end of a random metric does so with probability 0.044 (hypergeometric),0,complete,public,122,32,catalytic_frac_buried,catalytic_frac_buried,structure-space,struct_site,main,192,16,48,2.0,0.0,8.0,1,48,4.0,0.0,12.0,2,lowest,4.0,0,1,OK,
enrichment,design,192,192,design (backbone clusters are reported in Table 7),,,,one metric on the 192 plated designs; descriptive analysis; unfiltered plate 8.0 hits; a random choice of 48 designs holds more than 14.0 hits with probability 0.022 and either end of a random metric does so with probability 0.044 (hypergeometric),0,complete,public,123,33,catalytic_polar_contacts,catalytic_polar_contacts,structure-space,struct_site,main,192,16,48,2.0,4.0,18.0,1,48,4.0,0.0,10.0,2,lowest,4.0,0,1,OK,
enrichment,design,192,192,design (backbone clusters are reported in Table 7),,,,one metric on the 192 plated designs; descriptive analysis; unfiltered plate 8.0 hits; a random choice of 48 designs holds more than 14.0 hits with probability 0.022 and either end of a random metric does so with probability 0.044 (hypergeometric),0,complete,public,124,,catalytic_polar_contacts_per_residue,catalytic_polar_contacts_per_residue,structure-space,struct_site,supp_aggregate,192,16,48,2.0,4.0,18.0,1,48,4.0,0.0,10.0,2,lowest,4.0,0,0,OK,
enrichment,design,192,192,design (backbone clusters are reported in Table 7),,,,one metric on the 192 plated designs; descriptive analysis; unfiltered plate 8.0 hits; a random choice of 48 designs holds more than 14.0 hits with probability 0.022 and either end of a random metric does so with probability 0.044 (hypergeometric),0,complete,public,125,,frac_T,frac_T,structure-space,seq_only,supp_global,192,16,48,4.0,0.0,8.0,2,48,2.0,0.0,8.0,1,highest,4.0,0,0,GLOBAL,
enrichment,design,192,192,design (backbone clusters are reported in Table 7),,,,one metric on the 192 plated designs; descriptive analysis; unfiltered plate 8.0 hits; a random choice of 48 designs holds more than 14.0 hits with probability 0.022 and either end of a random metric does so with probability 0.044 (hypergeometric),0,complete,public,126,34,propka_catalytic_pka_min,propka_catalytic_pka_min,structure-space,struct_site,main,192,16,48,4.0,0.0,10.0,2,48,2.0,0.0,6.0,1,highest,4.0,0,1,OK,
enrichment,design,192,192,design (backbone clusters are reported in Table 7),,,,one metric on the 192 plated designs; descriptive analysis; unfiltered plate 8.0 hits; a random choice of 48 designs holds more than 14.0 hits with probability 0.022 and either end of a random metric does so with probability 0.044 (hypergeometric),0,complete,public,127,35,propka_catalytic_shift_absmax,propka_catalytic_shift_absmax,structure-space,struct_site,main,192,16,48,2.0,0.0,6.0,1,48,4.0,0.0,10.0,2,lowest,4.0,0,1,OK,
enrichment,design,192,192,design (backbone clusters are reported in Table 7),,,,one metric on the 192 plated designs; descriptive analysis; unfiltered plate 8.0 hits; a random choice of 48 designs holds more than 14.0 hits with probability 0.022 and either end of a random metric does so with probability 0.044 (hypergeometric),0,complete,public,128,36,rosetta_cat_fa_sol,rosetta_cat_fa_sol,structure-space,struct_site,main,192,16,48,0.0,0.0,0.0,0,48,4.0,0.0,8.0,2,lowest,4.0,0,1,OK,
