claim_type,unit,n_units,n_clusters,cluster_def,k,N,k_of_N,denominator_def,headline_ok,status,licence_flag,rank,rank_in_table_7,metric_name,canonical_key,source,input_class,role,n_designs,rho,rho_ci_lo90,rho_ci_hi90,interval_excludes_zero,higher_value_means,rho_given_length,survives_length_control,in_table_7,applicability_status
ranking,design,16,192,design (the 8 backbone clusters that hold an active design are reported in Table 7),,,,one metric on the 16 designs with a reported kcat/KM; descriptive analysis,0,complete,public,1,,frac_I,frac_I,structure-space,seq_only,supp_global,16,-0.7821,-0.9494,-0.5042,1,lower activity,-0.6767,True,0,GLOBAL
ranking,design,16,192,design (the 8 backbone clusters that hold an active design are reported in Table 7),,,,one metric on the 16 designs with a reported kcat/KM; descriptive analysis,0,complete,public,2,,frac_A,frac_A,structure-space,seq_only,supp_global,16,0.776,0.4627,0.9348,1,higher activity,0.7251,True,0,GLOBAL
ranking,design,16,192,design (the 8 backbone clusters that hold an active design are reported in Table 7),,,,one metric on the 16 designs with a reported kcat/KM; descriptive analysis,0,complete,public,3,,rosetta_omega,rosetta_omega,structure-space,struct_whole,supp_global,16,-0.7756,-0.8904,-0.5,1,lower activity,-0.6761,True,0,GLOBAL
ranking,design,16,192,design (the 8 backbone clusters that hold an active design are reported in Table 7),,,,one metric on the 16 designs with a reported kcat/KM; descriptive analysis,0,complete,public,4,,frac_S,frac_S,structure-space,seq_only,supp_global,16,-0.7312,-0.9274,-0.3647,1,lower activity,-0.5415,True,0,GLOBAL
ranking,design,16,192,design (the 8 backbone clusters that hold an active design are reported in Table 7),,,,one metric on the 16 designs with a reported kcat/KM; descriptive analysis,0,complete,public,5,,ame_self_rmsd_min,ame_self_rmsd,prediction-based,ame,supp_excluded,16,-0.6843,-0.9359,-0.2752,1,lower activity,-0.5652,True,0,OK
ranking,design,16,192,design (the 8 backbone clusters that hold an active design are reported in Table 7),,,,one metric on the 16 designs with a reported kcat/KM; descriptive analysis,0,complete,public,6,,ame_self_rmsd_naive_min,ame_self_rmsd,prediction-based,ame,supp_excluded,16,-0.6843,-0.9359,-0.2752,1,lower activity,-0.5652,True,0,OK
ranking,design,16,192,design (the 8 backbone clusters that hold an active design are reported in Table 7),,,,one metric on the 16 designs with a reported kcat/KM; descriptive analysis,0,complete,public,7,,ame_self_rmsd_mean,ame_self_rmsd,prediction-based,ame,supp_excluded,16,-0.6755,-0.946,-0.2801,1,lower activity,-0.5557,True,0,OK
ranking,design,16,192,design (the 8 backbone clusters that hold an active design are reported in Table 7),,,,one metric on the 16 designs with a reported kcat/KM; descriptive analysis,0,complete,public,8,1,catalytic_polar_contacts,catalytic_polar_contacts,structure-space,struct_site,main,16,0.6711,0.4115,0.8501,1,higher activity,0.5183,True,1,OK
ranking,design,16,192,design (the 8 backbone clusters that hold an active design are reported in Table 7),,,,one metric on the 16 designs with a reported kcat/KM; descriptive analysis,0,complete,public,9,,catalytic_polar_contacts_per_residue,catalytic_polar_contacts_per_residue,structure-space,struct_site,supp_aggregate,16,0.6711,0.4178,0.8472,1,higher activity,0.5183,True,0,OK
ranking,design,16,192,design (the 8 backbone clusters that hold an active design are reported in Table 7),,,,one metric on the 16 designs with a reported kcat/KM; descriptive analysis,0,complete,public,10,,chai_plddt_std_across_models,chai_plddt_std_across_models,prediction-based,pred_global,supp_global,16,-0.6681,-0.8861,-0.2896,1,lower activity,-0.6089,True,0,GLOBAL
ranking,design,16,192,design (the 8 backbone clusters that hold an active design are reported in Table 7),,,,one metric on the 16 designs with a reported kcat/KM; descriptive analysis,0,complete,public,11,,chai_plddt_min,chai_plddt_min,prediction-based,pred_global,supp_global,16,0.6667,0.3246,0.8689,1,higher activity,0.4424,False,0,GLOBAL
ranking,design,16,192,design (the 8 backbone clusters that hold an active design are reported in Table 7),,,,one metric on the 16 designs with a reported kcat/KM; descriptive analysis,0,complete,public,12,,ame_self_rmsd_max,ame_self_rmsd,prediction-based,ame,supp_excluded,16,-0.6328,-0.9404,-0.2281,1,lower activity,-0.4745,False,0,OK
ranking,design,16,192,design (the 8 backbone clusters that hold an active design are reported in Table 7),,,,one metric on the 16 designs with a reported kcat/KM; descriptive analysis,0,complete,public,13,,rosetta_fa_rep,rosetta_fa_rep,structure-space,struct_whole,supp_global,16,-0.6328,-0.8949,-0.2378,1,lower activity,-0.4614,False,0,GLOBAL
ranking,design,16,192,design (the 8 backbone clusters that hold an active design are reported in Table 7),,,,one metric on the 16 designs with a reported kcat/KM; descriptive analysis,0,complete,public,14,2,rosetta_catalytic_vdw_net,rosetta_catalytic_vdw_net,structure-space,struct_site,main,16,-0.6299,-0.8777,-0.2414,1,lower activity,-0.4743,False,1,OK
ranking,design,16,192,design (the 8 backbone clusters that hold an active design are reported in Table 7),,,,one metric on the 16 designs with a reported kcat/KM; descriptive analysis,0,complete,public,15,,rosetta_fa_intra_rep,rosetta_fa_intra_rep,structure-space,struct_whole,supp_global,16,-0.624,-0.8446,-0.2638,1,lower activity,-0.4495,False,0,GLOBAL
ranking,design,16,192,design (the 8 backbone clusters that hold an active design are reported in Table 7),,,,one metric on the 16 designs with a reported kcat/KM; descriptive analysis,0,complete,public,16,,frac_V,frac_V,structure-space,seq_only,supp_global,16,-0.6201,-0.934,-0.1619,1,lower activity,-0.5038,True,0,GLOBAL
ranking,design,16,192,design (the 8 backbone clusters that hold an active design are reported in Table 7),,,,one metric on the 16 designs with a reported kcat/KM; descriptive analysis,0,complete,public,17,3,chai_plddt_mean,chai_plddt,prediction-based,pred_global,reference,16,0.5975,0.2394,0.8259,1,higher activity,0.3632,False,1,REF
ranking,design,16,192,design (the 8 backbone clusters that hold an active design are reported in Table 7),,,,one metric on the 16 designs with a reported kcat/KM; descriptive analysis,0,complete,public,18,,rosetta_p_aa_pp,rosetta_p_aa_pp,structure-space,struct_whole,supp_global,16,0.5872,0.1514,0.8659,1,higher activity,0.3426,False,0,GLOBAL
ranking,design,16,192,design (the 8 backbone clusters that hold an active design are reported in Table 7),,,,one metric on the 16 designs with a reported kcat/KM; descriptive analysis,0,complete,public,19,,rosetta_n_residues,seq_length,structure-space,bookkeeping,reference,16,-0.5825,-0.8152,-0.2268,1,lower activity,,False,0,X-BOOKKEEP
ranking,design,16,192,design (the 8 backbone clusters that hold an active design are reported in Table 7),,,,one metric on the 16 designs with a reported kcat/KM; descriptive analysis,0,complete,public,20,4,seq_length,seq_length,structure-space,seq_only,reference,16,-0.5825,-0.8169,-0.2348,1,lower activity,,False,1,REF
ranking,design,16,192,design (the 8 backbone clusters that hold an active design are reported in Table 7),,,,one metric on the 16 designs with a reported kcat/KM; descriptive analysis,0,complete,public,21,,chai_plddt_best_model,chai_plddt_best_model,prediction-based,pred_global,supp_global,16,0.5798,0.212,0.8144,1,higher activity,0.3247,False,0,GLOBAL
ranking,design,16,192,design (the 8 backbone clusters that hold an active design are reported in Table 7),,,,one metric on the 16 designs with a reported kcat/KM; descriptive analysis,0,complete,public,22,,catalytic_polar_dist_min,catalytic_polar_dist_min,structure-space,struct_site,supp_partial,16,-0.573,-0.8143,-0.1887,1,lower activity,-0.3299,False,0,OK
ranking,design,16,192,design (the 8 backbone clusters that hold an active design are reported in Table 7),,,,one metric on the 16 designs with a reported kcat/KM; descriptive analysis,0,complete,public,23,,rosetta_lk_ball_wtd,rosetta_lk_ball_wtd,structure-space,struct_whole,supp_global,16,0.571,0.188,0.8214,1,higher activity,0.3095,False,0,GLOBAL
ranking,design,16,192,design (the 8 backbone clusters that hold an active design are reported in Table 7),,,,one metric on the 16 designs with a reported kcat/KM; descriptive analysis,0,complete,public,24,5,rosetta_cat_fa_sol,rosetta_cat_fa_sol,structure-space,struct_site,main,16,0.5651,0.1543,0.8487,1,higher activity,0.538,True,1,OK
ranking,design,16,192,design (the 8 backbone clusters that hold an active design are reported in Table 7),,,,one metric on the 16 designs with a reported kcat/KM; descriptive analysis,0,complete,public,25,6,rosetta_cat_p_aa_pp,rosetta_cat_p_aa_pp,structure-space,struct_site,main,16,0.5404,0.0849,0.8112,1,higher activity,0.6365,True,1,OK
ranking,design,16,192,design (the 8 backbone clusters that hold an active design are reported in Table 7),,,,one metric on the 16 designs with a reported kcat/KM; descriptive analysis,0,complete,public,26,,ame_self_rmsd_std,ame_self_rmsd,prediction-based,ame,supp_excluded,16,-0.5386,-0.8262,-0.1098,1,lower activity,-0.3332,False,0,OK
ranking,design,16,192,design (the 8 backbone clusters that hold an active design are reported in Table 7),,,,one metric on the 16 designs with a reported kcat/KM; descriptive analysis,0,complete,public,27,,rosetta_fa_atr,rosetta_fa_atr,structure-space,struct_whole,supp_global,16,0.5313,0.1487,0.8024,1,higher activity,0.2184,False,0,GLOBAL
ranking,design,16,192,design (the 8 backbone clusters that hold an active design are reported in Table 7),,,,one metric on the 16 designs with a reported kcat/KM; descriptive analysis,0,complete,public,28,,frac_Q,frac_Q,structure-space,seq_only,supp_global,16,0.5182,0.0893,0.828,1,higher activity,0.2574,False,0,GLOBAL
ranking,design,16,192,design (the 8 backbone clusters that hold an active design are reported in Table 7),,,,one metric on the 16 designs with a reported kcat/KM; descriptive analysis,0,complete,public,29,,mean_hydropathy,mean_hydropathy,structure-space,seq_only,supp_global,16,-0.4989,-0.8516,0.0153,0,lower activity,-0.5836,True,0,GLOBAL
ranking,design,16,192,design (the 8 backbone clusters that hold an active design are reported in Table 7),,,,one metric on the 16 designs with a reported kcat/KM; descriptive analysis,0,complete,public,30,,rosetta_total_score,rosetta_total_score,structure-space,struct_whole,supp_global,16,0.496,0.0709,0.7861,1,higher activity,0.1669,False,0,GLOBAL
ranking,design,16,192,design (the 8 backbone clusters that hold an active design are reported in Table 7),,,,one metric on the 16 designs with a reported kcat/KM; descriptive analysis,0,complete,public,31,,frac_W,frac_W,structure-space,seq_only,supp_global,16,0.4885,0.0842,0.763,1,higher activity,0.3477,False,0,GLOBAL
ranking,design,16,192,design (the 8 backbone clusters that hold an active design are reported in Table 7),,,,one metric on the 16 designs with a reported kcat/KM; descriptive analysis,0,complete,public,32,7,net_charge,net_charge,structure-space,seq_only,reference,16,0.4611,-0.0152,0.7963,0,higher activity,0.223,False,1,REF
ranking,design,16,192,design (the 8 backbone clusters that hold an active design are reported in Table 7),,,,one metric on the 16 designs with a reported kcat/KM; descriptive analysis,0,complete,public,33,,rosetta_score_per_residue,rosetta_score_per_residue,structure-space,struct_whole,supp_global,16,0.4606,0.0237,0.7774,1,higher activity,0.2118,False,0,GLOBAL
ranking,design,16,192,design (the 8 backbone clusters that hold an active design are reported in Table 7),,,,one metric on the 16 designs with a reported kcat/KM; descriptive analysis,0,complete,public,34,,chai_per_chain_ptm_protein_mean,chai_per_chain_ptm_protein,prediction-based,pred_global,supp_global,16,-0.443,-0.8796,0.0728,0,lower activity,-0.2974,False,0,GLOBAL
ranking,design,16,192,design (the 8 backbone clusters that hold an active design are reported in Table 7),,,,one metric on the 16 designs with a reported kcat/KM; descriptive analysis,0,complete,public,35,,chai_per_chain_ptm_protein_max,chai_per_chain_ptm_protein,prediction-based,pred_global,supp_global,16,-0.4371,-0.8664,0.0758,0,lower activity,-0.3033,False,0,GLOBAL
ranking,design,16,192,design (the 8 backbone clusters that hold an active design are reported in Table 7),,,,one metric on the 16 designs with a reported kcat/KM; descriptive analysis,0,complete,public,36,,rosetta_fa_dun,rosetta_fa_dun,structure-space,struct_whole,supp_global,16,-0.4356,-0.7581,0.0312,0,lower activity,-0.0423,False,0,GLOBAL
ranking,design,16,192,design (the 8 backbone clusters that hold an active design are reported in Table 7),,,,one metric on the 16 designs with a reported kcat/KM; descriptive analysis,0,complete,public,37,8,catalytic_pairwise_dist_mean,catalytic_pairwise_dist_mean,structure-space,struct_site,main,16,-0.4263,-0.7096,0.0188,0,lower activity,-0.294,False,1,OK
ranking,design,16,192,design (the 8 backbone clusters that hold an active design are reported in Table 7),,,,one metric on the 16 designs with a reported kcat/KM; descriptive analysis,0,complete,public,38,9,rosetta_cat_total,rosetta_cat_total,structure-space,struct_site,main,16,-0.4224,-0.6893,0.006,0,lower activity,-0.3726,False,1,OK
ranking,design,16,192,design (the 8 backbone clusters that hold an active design are reported in Table 7),,,,one metric on the 16 designs with a reported kcat/KM; descriptive analysis,0,complete,public,39,,rosetta_cat_total_mean,rosetta_cat_total_mean,structure-space,struct_site,supp_aggregate,16,-0.4224,-0.6912,-0.0088,1,lower activity,-0.3726,False,0,OK
ranking,design,16,192,design (the 8 backbone clusters that hold an active design are reported in Table 7),,,,one metric on the 16 designs with a reported kcat/KM; descriptive analysis,0,complete,public,40,10,catalytic_radius_of_gyration,catalytic_radius_of_gyration,structure-space,struct_site,main,16,-0.4114,-0.6896,0.0319,0,lower activity,-0.2861,False,1,OK
ranking,design,16,192,design (the 8 backbone clusters that hold an active design are reported in Table 7),,,,one metric on the 16 designs with a reported kcat/KM; descriptive analysis,0,complete,public,41,,net_charge_per_residue,net_charge_per_residue,structure-space,seq_only,supp_global,16,0.4065,-0.076,0.8021,0,higher activity,0.3194,False,0,GLOBAL
ranking,design,16,192,design (the 8 backbone clusters that hold an active design are reported in Table 7),,,,one metric on the 16 designs with a reported kcat/KM; descriptive analysis,0,complete,public,42,,rosetta_fa_sol,rosetta_fa_sol,structure-space,struct_whole,supp_global,16,-0.4032,-0.7088,0.0197,0,lower activity,0.0291,False,0,GLOBAL
ranking,design,16,192,design (the 8 backbone clusters that hold an active design are reported in Table 7),,,,one metric on the 16 designs with a reported kcat/KM; descriptive analysis,0,complete,public,43,11,rosetta_cat_hbond_sc,rosetta_cat_hbond_sc,structure-space,struct_site,main,16,-0.4003,-0.7366,0.0497,0,lower activity,-0.1384,False,1,OK
ranking,design,16,192,design (the 8 backbone clusters that hold an active design are reported in Table 7),,,,one metric on the 16 designs with a reported kcat/KM; descriptive analysis,0,complete,public,44,,rosetta_fa_elec,rosetta_fa_elec,structure-space,struct_whole,supp_global,16,0.3988,-0.0031,0.6732,0,higher activity,-0.0894,False,0,GLOBAL
ranking,design,16,192,design (the 8 backbone clusters that hold an active design are reported in Table 7),,,,one metric on the 16 designs with a reported kcat/KM; descriptive analysis,0,complete,public,45,,total_sasa,total_sasa,structure-space,struct_whole,supp_global,16,-0.3856,-0.766,0.1096,0,lower activity,0.0833,False,0,GLOBAL
ranking,design,16,192,design (the 8 backbone clusters that hold an active design are reported in Table 7),,,,one metric on the 16 designs with a reported kcat/KM; descriptive analysis,0,complete,public,46,12,rosetta_cat_rama_prepro,rosetta_cat_rama_prepro,structure-space,struct_site,main,16,-0.3838,-0.8231,0.1496,0,lower activity,-0.0932,False,1,OK
ranking,design,16,192,design (the 8 backbone clusters that hold an active design are reported in Table 7),,,,one metric on the 16 designs with a reported kcat/KM; descriptive analysis,0,complete,public,47,,rosetta_hbond_bb_sc,rosetta_hbond_bb_sc,structure-space,struct_whole,supp_global,16,0.3829,0.003,0.6622,1,higher activity,0.0926,False,0,GLOBAL
ranking,design,16,192,design (the 8 backbone clusters that hold an active design are reported in Table 7),,,,one metric on the 16 designs with a reported kcat/KM; descriptive analysis,0,complete,public,48,,frac_F,frac_F,structure-space,seq_only,supp_global,16,0.3746,-0.1744,0.7007,0,higher activity,0.5759,True,0,GLOBAL
ranking,design,16,192,design (the 8 backbone clusters that hold an active design are reported in Table 7),,,,one metric on the 16 designs with a reported kcat/KM; descriptive analysis,0,complete,public,49,,frac_G,frac_G,structure-space,seq_only,supp_global,16,-0.366,-0.6637,0.165,0,lower activity,-0.5075,True,0,GLOBAL
ranking,design,16,192,design (the 8 backbone clusters that hold an active design are reported in Table 7),,,,one metric on the 16 designs with a reported kcat/KM; descriptive analysis,0,complete,public,50,,chai_ptm_std,chai_ptm,prediction-based,pred_global,reference,16,-0.3532,-0.7602,0.0964,0,lower activity,-0.2951,False,0,GLOBAL
ranking,design,16,192,design (the 8 backbone clusters that hold an active design are reported in Table 7),,,,one metric on the 16 designs with a reported kcat/KM; descriptive analysis,0,complete,public,51,,chai_ptm_max,chai_ptm,prediction-based,pred_global,reference,16,-0.3517,-0.7959,0.1859,0,lower activity,-0.3505,False,0,GLOBAL
ranking,design,16,192,design (the 8 backbone clusters that hold an active design are reported in Table 7),,,,one metric on the 16 designs with a reported kcat/KM; descriptive analysis,0,complete,public,52,,frac_L,frac_L,structure-space,seq_only,supp_global,16,-0.3511,-0.7928,0.1532,0,lower activity,-0.1273,False,0,GLOBAL
ranking,design,16,192,design (the 8 backbone clusters that hold an active design are reported in Table 7),,,,one metric on the 16 designs with a reported kcat/KM; descriptive analysis,0,complete,public,53,13,rosetta_cat_fa_rep,rosetta_cat_fa_rep,structure-space,struct_site,main,16,-0.3252,-0.7345,0.1749,0,lower activity,0.2051,False,1,OK
ranking,design,16,192,design (the 8 backbone clusters that hold an active design are reported in Table 7),,,,one metric on the 16 designs with a reported kcat/KM; descriptive analysis,0,complete,public,54,,rosetta_catalytic_vdw_rep,rosetta_cat_fa_rep,structure-space,struct_site,main,16,-0.3252,-0.7369,0.1459,0,lower activity,0.2051,False,0,OK
ranking,design,16,192,design (the 8 backbone clusters that hold an active design are reported in Table 7),,,,one metric on the 16 designs with a reported kcat/KM; descriptive analysis,0,complete,public,55,,rosetta_catalytic_vdw_rep_per_res,rosetta_catalytic_vdw_rep_per_res,structure-space,struct_site,supp_aggregate,16,-0.3252,-0.7471,0.1562,0,lower activity,0.2051,False,0,OK
ranking,design,16,192,design (the 8 backbone clusters that hold an active design are reported in Table 7),,,,one metric on the 16 designs with a reported kcat/KM; descriptive analysis,0,complete,public,56,14,propka_catalytic_pka_mean,propka_catalytic_pka_mean,structure-space,struct_site,main,16,-0.2973,-0.5717,0.0923,0,lower activity,0.0857,False,1,OK
ranking,design,16,192,design (the 8 backbone clusters that hold an active design are reported in Table 7),,,,one metric on the 16 designs with a reported kcat/KM; descriptive analysis,0,complete,public,57,15,propka_catalytic_shift_mean,propka_catalytic_shift_mean,structure-space,struct_site,main,16,-0.2973,-0.5647,0.0942,0,lower activity,0.0857,False,1,OK
ranking,design,16,192,design (the 8 backbone clusters that hold an active design are reported in Table 7),,,,one metric on the 16 designs with a reported kcat/KM; descriptive analysis,0,complete,public,58,,frac_R,frac_R,structure-space,seq_only,supp_global,16,0.2905,-0.2029,0.6846,0,higher activity,0.3113,False,0,GLOBAL
ranking,design,16,192,design (the 8 backbone clusters that hold an active design are reported in Table 7),,,,one metric on the 16 designs with a reported kcat/KM; descriptive analysis,0,complete,public,59,,chai_per_chain_ptm_min_std,chai_per_chain_ptm_min,prediction-based,pred_interface,main,16,-0.287,-0.6479,0.1322,0,lower activity,0.1274,False,0,OK
ranking,design,16,192,design (the 8 backbone clusters that hold an active design are reported in Table 7),,,,one metric on the 16 designs with a reported kcat/KM; descriptive analysis,0,complete,public,60,16,catalytic_rel_sasa_mean,catalytic_rel_sasa_mean,structure-space,struct_site,main,16,-0.2504,-0.7574,0.3067,0,lower activity,-0.3492,False,1,OK
ranking,design,16,192,design (the 8 backbone clusters that hold an active design are reported in Table 7),,,,one metric on the 16 designs with a reported kcat/KM; descriptive analysis,0,complete,public,61,,catalytic_sasa_mean,catalytic_sasa_mean,structure-space,struct_site,supp_aggregate,16,-0.2504,-0.7502,0.3213,0,lower activity,-0.3492,False,0,OK
ranking,design,16,192,design (the 8 backbone clusters that hold an active design are reported in Table 7),,,,one metric on the 16 designs with a reported kcat/KM; descriptive analysis,0,complete,public,62,17,catalytic_sasa_total,catalytic_sasa_total,structure-space,struct_site,main,16,-0.2504,-0.7633,0.3026,0,lower activity,-0.3492,False,1,OK
ranking,design,16,192,design (the 8 backbone clusters that hold an active design are reported in Table 7),,,,one metric on the 16 designs with a reported kcat/KM; descriptive analysis,0,complete,public,63,18,catalytic_rel_sasa_max,catalytic_rel_sasa_max,structure-space,struct_site,main,16,-0.2498,-0.7563,0.2808,0,lower activity,-0.3363,False,1,OK
ranking,design,16,192,design (the 8 backbone clusters that hold an active design are reported in Table 7),,,,one metric on the 16 designs with a reported kcat/KM; descriptive analysis,0,complete,public,64,19,rosetta_cat_fa_atr,rosetta_cat_fa_atr,structure-space,struct_site,main,16,-0.2472,-0.656,0.2462,0,lower activity,-0.1992,False,1,OK
ranking,design,16,192,design (the 8 backbone clusters that hold an active design are reported in Table 7),,,,one metric on the 16 designs with a reported kcat/KM; descriptive analysis,0,complete,public,65,,rosetta_catalytic_vdw_atr,rosetta_cat_fa_atr,structure-space,struct_site,main,16,-0.2472,-0.6726,0.2478,0,lower activity,-0.1992,False,0,OK
ranking,design,16,192,design (the 8 backbone clusters that hold an active design are reported in Table 7),,,,one metric on the 16 designs with a reported kcat/KM; descriptive analysis,0,complete,public,66,20,catalytic_pairwise_dist_max,catalytic_pairwise_dist_max,structure-space,struct_site,main,16,0.2335,-0.2644,0.6418,0,higher activity,0.258,False,1,OK
ranking,design,16,192,design (the 8 backbone clusters that hold an active design are reported in Table 7),,,,one metric on the 16 designs with a reported kcat/KM; descriptive analysis,0,complete,public,67,21,rosetta_cat_fa_intra_rep,rosetta_cat_fa_intra_rep,structure-space,struct_site,main,16,-0.2305,-0.649,0.2955,0,lower activity,-0.4619,False,1,OK
ranking,design,16,192,design (the 8 backbone clusters that hold an active design are reported in Table 7),,,,one metric on the 16 designs with a reported kcat/KM; descriptive analysis,0,complete,public,68,,frac_H,frac_H,structure-space,seq_only,supp_global,16,0.2274,-0.2901,0.6443,0,higher activity,0.073,False,0,GLOBAL
ranking,design,16,192,design (the 8 backbone clusters that hold an active design are reported in Table 7),,,,one metric on the 16 designs with a reported kcat/KM; descriptive analysis,0,complete,public,69,,frac_D,frac_D,structure-space,seq_only,supp_global,16,-0.224,-0.5214,0.1427,0,lower activity,0.1074,False,0,GLOBAL
ranking,design,16,192,design (the 8 backbone clusters that hold an active design are reported in Table 7),,,,one metric on the 16 designs with a reported kcat/KM; descriptive analysis,0,complete,public,70,,frac_charged,frac_charged,structure-space,seq_only,supp_global,16,0.2224,-0.3743,0.628,0,higher activity,0.5427,True,0,GLOBAL
ranking,design,16,192,design (the 8 backbone clusters that hold an active design are reported in Table 7),,,,one metric on the 16 designs with a reported kcat/KM; descriptive analysis,0,complete,public,71,22,rosetta_cat_lk_ball_wtd,rosetta_cat_lk_ball_wtd,structure-space,struct_site,main,16,-0.2104,-0.5261,0.1948,0,lower activity,0.0787,False,1,OK
ranking,design,16,192,design (the 8 backbone clusters that hold an active design are reported in Table 7),,,,one metric on the 16 designs with a reported kcat/KM; descriptive analysis,0,complete,public,72,23,rosetta_cat_fa_elec,rosetta_cat_fa_elec,structure-space,struct_site,main,16,-0.1898,-0.5799,0.2535,0,lower activity,-0.6135,True,1,OK
ranking,design,16,192,design (the 8 backbone clusters that hold an active design are reported in Table 7),,,,one metric on the 16 designs with a reported kcat/KM; descriptive analysis,0,complete,public,73,24,chai_per_chain_ptm_min_mean,chai_per_chain_ptm_min,prediction-based,pred_interface,main,16,0.1825,-0.3465,0.6577,0,higher activity,-0.0038,False,1,OK
ranking,design,16,192,design (the 8 backbone clusters that hold an active design are reported in Table 7),,,,one metric on the 16 designs with a reported kcat/KM; descriptive analysis,0,complete,public,74,25,rosetta_cat_fa_dun,rosetta_cat_fa_dun,structure-space,struct_site,main,16,0.1757,-0.3076,0.5723,0,higher activity,0.1068,False,1,OK
ranking,design,16,192,design (the 8 backbone clusters that hold an active design are reported in Table 7),,,,one metric on the 16 designs with a reported kcat/KM; descriptive analysis,0,complete,public,75,,frac_E,frac_E,structure-space,seq_only,supp_global,16,0.1732,-0.4061,0.6677,0,higher activity,0.3766,False,0,GLOBAL
ranking,design,16,192,design (the 8 backbone clusters that hold an active design are reported in Table 7),,,,one metric on the 16 designs with a reported kcat/KM; descriptive analysis,0,complete,public,76,,glu_fraction,frac_E,structure-space,seq_only,supp_global,16,0.1732,-0.4164,0.6528,0,higher activity,0.3766,False,0,GLOBAL
ranking,design,16,192,design (the 8 backbone clusters that hold an active design are reported in Table 7),,,,one metric on the 16 designs with a reported kcat/KM; descriptive analysis,0,complete,public,77,26,rosetta_cat_hbond_bb_sc,rosetta_cat_hbond_bb_sc,structure-space,struct_site,main,16,0.17,-0.2123,0.5152,0,higher activity,0.3243,False,1,OK
ranking,design,16,192,design (the 8 backbone clusters that hold an active design are reported in Table 7),,,,one metric on the 16 designs with a reported kcat/KM; descriptive analysis,0,complete,public,78,,chai_aggregate_score_std,chai_aggregate_score,prediction-based,pred_interface,supp_derived,16,-0.1678,-0.5904,0.2804,0,lower activity,-0.2503,False,0,OK
ranking,design,16,192,design (the 8 backbone clusters that hold an active design are reported in Table 7),,,,one metric on the 16 designs with a reported kcat/KM; descriptive analysis,0,complete,public,79,,rosetta_rama_prepro,rosetta_rama_prepro,structure-space,struct_whole,supp_global,16,0.1663,-0.3336,0.6574,0,higher activity,-0.1549,False,0,GLOBAL
ranking,design,16,192,design (the 8 backbone clusters that hold an active design are reported in Table 7),,,,one metric on the 16 designs with a reported kcat/KM; descriptive analysis,0,complete,public,80,,chai_iptm_std,chai_iptm,prediction-based,pred_interface,main,16,-0.1589,-0.573,0.2887,0,lower activity,-0.2306,False,0,OK
ranking,design,16,192,design (the 8 backbone clusters that hold an active design are reported in Table 7),,,,one metric on the 16 designs with a reported kcat/KM; descriptive analysis,0,complete,public,81,27,propka_catalytic_pka_max,propka_catalytic_pka_max,structure-space,struct_site,main,16,-0.1571,-0.4891,0.2588,0,lower activity,0.1623,False,1,OK
ranking,design,16,192,design (the 8 backbone clusters that hold an active design are reported in Table 7),,,,one metric on the 16 designs with a reported kcat/KM; descriptive analysis,0,complete,public,82,28,chai_ptm_mean,chai_ptm,prediction-based,pred_global,reference,16,-0.1486,-0.635,0.4086,0,lower activity,-0.2649,False,1,REF
ranking,design,16,192,design (the 8 backbone clusters that hold an active design are reported in Table 7),,,,one metric on the 16 designs with a reported kcat/KM; descriptive analysis,0,complete,public,83,29,frac_Y,frac_Y,structure-space,seq_only,reference,16,-0.1438,-0.6792,0.4005,0,lower activity,0.0016,False,1,REF
ranking,design,16,192,design (the 8 backbone clusters that hold an active design are reported in Table 7),,,,one metric on the 16 designs with a reported kcat/KM; descriptive analysis,0,complete,public,84,,rosetta_ref,rosetta_ref,structure-space,bookkeeping,excluded_bookkeeping,16,-0.1398,-0.5895,0.4143,0,lower activity,-0.4747,False,0,X-BOOKKEEP
ranking,design,16,192,design (the 8 backbone clusters that hold an active design are reported in Table 7),,,,one metric on the 16 designs with a reported kcat/KM; descriptive analysis,0,complete,public,85,30,propka_catalytic_pka_range,propka_catalytic_pka_range,structure-space,struct_site,main,16,-0.1252,-0.5285,0.311,0,lower activity,-0.0703,False,1,OK
ranking,design,16,192,design (the 8 backbone clusters that hold an active design are reported in Table 7),,,,one metric on the 16 designs with a reported kcat/KM; descriptive analysis,0,complete,public,86,,chai_per_chain_ptm_protein_std,chai_per_chain_ptm_protein,prediction-based,pred_global,supp_global,16,-0.1207,-0.5967,0.3731,0,lower activity,-0.3973,False,0,GLOBAL
ranking,design,16,192,design (the 8 backbone clusters that hold an active design are reported in Table 7),,,,one metric on the 16 designs with a reported kcat/KM; descriptive analysis,0,complete,public,87,,frac_aromatic,frac_aromatic,structure-space,seq_only,supp_global,16,0.1199,-0.4255,0.6655,0,higher activity,0.0565,False,0,GLOBAL
ranking,design,16,192,design (the 8 backbone clusters that hold an active design are reported in Table 7),,,,one metric on the 16 designs with a reported kcat/KM; descriptive analysis,0,complete,public,88,31,rosetta_cat_worst_residue,rosetta_cat_worst_residue,structure-space,struct_site,main,16,-0.1192,-0.5252,0.3687,0,lower activity,-0.1156,False,1,OK
ranking,design,16,192,design (the 8 backbone clusters that hold an active design are reported in Table 7),,,,one metric on the 16 designs with a reported kcat/KM; descriptive analysis,0,complete,public,89,,frac_ivywrel,frac_ivywrel,structure-space,seq_only,supp_global,16,-0.1179,-0.5721,0.3306,0,lower activity,0.0227,False,0,GLOBAL
ranking,design,16,192,design (the 8 backbone clusters that hold an active design are reported in Table 7),,,,one metric on the 16 designs with a reported kcat/KM; descriptive analysis,0,complete,public,90,,chai_per_chain_ptm_min_max,chai_per_chain_ptm_min,prediction-based,pred_interface,main,16,0.106,-0.4235,0.6048,0,higher activity,0.0154,False,0,OK
ranking,design,16,192,design (the 8 backbone clusters that hold an active design are reported in Table 7),,,,one metric on the 16 designs with a reported kcat/KM; descriptive analysis,0,complete,public,91,,frac_T,frac_T,structure-space,seq_only,supp_global,16,0.1046,-0.3624,0.5946,0,higher activity,-0.0528,False,0,GLOBAL
ranking,design,16,192,design (the 8 backbone clusters that hold an active design are reported in Table 7),,,,one metric on the 16 designs with a reported kcat/KM; descriptive analysis,0,complete,public,92,,frac_P,frac_P,structure-space,seq_only,supp_global,16,-0.1044,-0.5341,0.4593,0,lower activity,-0.4746,False,0,GLOBAL
ranking,design,16,192,design (the 8 backbone clusters that hold an active design are reported in Table 7),,,,one metric on the 16 designs with a reported kcat/KM; descriptive analysis,0,complete,public,93,32,catalytic_frac_buried,catalytic_frac_buried,structure-space,struct_site,main,16,0.0973,-0.4545,0.3118,0,higher activity,0.2184,False,1,OK
ranking,design,16,192,design (the 8 backbone clusters that hold an active design are reported in Table 7),,,,one metric on the 16 designs with a reported kcat/KM; descriptive analysis,0,complete,public,94,,chai_aggregate_score_mean,chai_aggregate_score,prediction-based,pred_interface,supp_derived,16,0.078,-0.4167,0.5419,0,higher activity,0.3235,False,0,OK
ranking,design,16,192,design (the 8 backbone clusters that hold an active design are reported in Table 7),,,,one metric on the 16 designs with a reported kcat/KM; descriptive analysis,0,complete,public,95,33,chai_iptm_mean,chai_iptm,prediction-based,pred_interface,main,16,0.078,-0.4167,0.5419,0,higher activity,0.3235,False,1,OK
ranking,design,16,192,design (the 8 backbone clusters that hold an active design are reported in Table 7),,,,one metric on the 16 designs with a reported kcat/KM; descriptive analysis,0,complete,public,96,,chai_aggregate_score_max,chai_aggregate_score,prediction-based,pred_interface,supp_derived,16,-0.0751,-0.5444,0.42,0,lower activity,0.3074,False,0,OK
ranking,design,16,192,design (the 8 backbone clusters that hold an active design are reported in Table 7),,,,one metric on the 16 designs with a reported kcat/KM; descriptive analysis,0,complete,public,97,,rosetta_hbond_sc,rosetta_hbond_sc,structure-space,struct_whole,supp_global,16,0.0662,-0.4529,0.5519,0,higher activity,-0.19,False,0,GLOBAL
ranking,design,16,192,design (the 8 backbone clusters that hold an active design are reported in Table 7),,,,one metric on the 16 designs with a reported kcat/KM; descriptive analysis,0,complete,public,98,,ame_self_clash_max,ame_self_clash_max,prediction-based,pred_interface,supp_excluded,16,0.0559,-0.3719,0.479,0,higher activity,-0.3776,False,0,OK
ranking,design,16,192,design (the 8 backbone clusters that hold an active design are reported in Table 7),,,,one metric on the 16 designs with a reported kcat/KM; descriptive analysis,0,complete,public,99,34,propka_catalytic_pka_min,propka_catalytic_pka_min,structure-space,struct_site,main,16,0.0538,-0.4138,0.469,0,higher activity,0.4302,False,1,OK
ranking,design,16,192,design (the 8 backbone clusters that hold an active design are reported in Table 7),,,,one metric on the 16 designs with a reported kcat/KM; descriptive analysis,0,complete,public,100,35,propka_catalytic_shift_absmax,propka_catalytic_shift_absmax,structure-space,struct_site,main,16,-0.0538,-0.4527,0.4069,0,lower activity,-0.4302,False,1,OK
ranking,design,16,192,design (the 8 backbone clusters that hold an active design are reported in Table 7),,,,one metric on the 16 designs with a reported kcat/KM; descriptive analysis,0,complete,public,101,,catalytic_polar_dist_mean,catalytic_polar_dist_mean,structure-space,struct_site,supp_partial,16,-0.0526,-0.5442,0.4217,0,lower activity,-0.1705,False,0,OK
ranking,design,16,192,design (the 8 backbone clusters that hold an active design are reported in Table 7),,,,one metric on the 16 designs with a reported kcat/KM; descriptive analysis,0,complete,public,102,,chai_iptm_max,chai_iptm,prediction-based,pred_interface,main,16,-0.0486,-0.5242,0.4473,0,lower activity,0.3138,False,0,OK
ranking,design,16,192,design (the 8 backbone clusters that hold an active design are reported in Table 7),,,,one metric on the 16 designs with a reported kcat/KM; descriptive analysis,0,complete,public,103,,frac_K,frac_K,structure-space,seq_only,supp_global,16,-0.0435,-0.491,0.4674,0,lower activity,0.0315,False,0,GLOBAL
ranking,design,16,192,design (the 8 backbone clusters that hold an active design are reported in Table 7),,,,one metric on the 16 designs with a reported kcat/KM; descriptive analysis,0,complete,public,104,,lys_fraction,frac_K,structure-space,seq_only,supp_global,16,-0.0435,-0.4807,0.4669,0,lower activity,0.0315,False,0,GLOBAL
ranking,design,16,192,design (the 8 backbone clusters that hold an active design are reported in Table 7),,,,one metric on the 16 designs with a reported kcat/KM; descriptive analysis,0,complete,public,105,36,rosetta_cat_omega,rosetta_cat_omega,structure-space,struct_site,main,16,0.0304,-0.3646,0.4565,0,higher activity,-0.2091,False,1,OK
ranking,design,16,192,design (the 8 backbone clusters that hold an active design are reported in Table 7),,,,one metric on the 16 designs with a reported kcat/KM; descriptive analysis,0,complete,public,106,,frac_N,frac_N,structure-space,seq_only,supp_global,16,-0.0121,-0.4876,0.5096,0,lower activity,-0.0663,False,0,GLOBAL
