claim_type,unit,n_units,n_clusters,cluster_def,k,N,k_of_N,denominator_def,headline_ok,status,licence_flag,detection_group,rank_in_group,rank,rank_in_table_10,metric_name,canonical_key,source,input_class,role,applicability_status,in_ranked_set,n_steps,n_steps_interpretable,r_mean,r_lo,r_hi,r_mean_all_steps,r_all_lo,r_all_hi,r_isosteric,r_isosteric_lo,r_isosteric_hi,n_isosteric,responds_isosteric,control_above_noise_isosteric,specific_isosteric,r_non_isosteric,r_non_isosteric_lo,r_non_isosteric_hi,n_non_isosteric,responds_non_isosteric,control_above_noise_non_isosteric,specific_non_isosteric,r_ala,r_ala_lo,r_ala_hi,n_ala,responds_ala,control_above_noise_ala,specific_ala,r_gly,r_gly_lo,r_gly_hi,n_gly,responds_gly,control_above_noise_gly,specific_gly,first_step_detected,first_step_specific,r_matched,r_matched_lo,r_matched_hi,n_pairs_matched,n_pairs_matched_informative,n_systems_matched,sr_mean_matched_check,r_mean_primary_only,r_primary_lo,r_primary_hi,r_mean_all_steps_primary_only,above_best_of_all_quantities_threshold
specificity,catalytic/control pair,286,59,system,,,,"one metric for the catalytic lesion; rank statistic R, natural sets pooled; best-of-all threshold 0.6203 (median 0.5658)",0,complete,public,isosteric,1,1,1,chai_per_chain_ptm_min_mean,chai_per_chain_ptm_min,prediction-based,pred_interface,main,OK-PROVISIONAL,1,4,4,0.7524,0.6768,0.8238,0.7524,0.6768,0.8238,0.8087,0.7411,0.8739,115,1,,,0.7258,0.6066,0.8387,62,1,,,0.7541,0.6376,0.8594,61,1,,,0.7209,0.5778,0.8529,43,1,,,isosteric,,0.5882,0.4242,0.7627,68,68,21,0.4777,,,,,1
specificity,enzyme,195,85,EC sub-subclass (stated proxy),,,,"one metric for the catalytic lesion; rank statistic R, natural sets pooled; best-of-all threshold 0.6203 (median 0.5658)",0,complete,public,isosteric,2,2,2,propka_catalytic_pka_range,propka_catalytic_pka_range,structure-space,struct_site,main,OK,1,2,2,0.6834,0.5759,0.7806,0.6834,0.5759,0.7806,0.6957,0.5424,0.8267,69,1,1,0,0.6711,0.5568,0.7797,76,1,1,0,,,,0,0,1,0,,,,0,0,1,0,isosteric,never,,,,,,,,0.6611,0.5495,0.7702,0.6611,1
specificity,catalytic/control pair,286,59,system,,,,"one metric for the catalytic lesion; rank statistic R, natural sets pooled; best-of-all threshold 0.6203 (median 0.5658)",0,complete,public,isosteric,3,3,3,chai_iptm_mean,chai_iptm,prediction-based,pred_interface,main,OK-PROVISIONAL,1,4,4,0.6732,0.5991,0.7463,0.6732,0.5991,0.7463,0.713,0.6239,0.7949,115,1,,,0.7097,0.5846,0.8226,62,1,,,0.6885,0.5692,0.8036,61,0,,,0.5814,0.4286,0.7317,43,1,,,isosteric,,0.3529,0.2361,0.5,68,68,21,0.4697,,,,,1
specificity,enzyme,195,85,EC sub-subclass (stated proxy),,,,"one metric for the catalytic lesion; rank statistic R, natural sets pooled; best-of-all threshold 0.6203 (median 0.5658)",0,complete,public,isosteric,4,4,4,rosetta_cat_fa_sol,rosetta_cat_fa_sol,structure-space,struct_site,main,OK,1,4,4,0.6344,0.5656,0.7048,0.6344,0.5656,0.7048,0.5933,0.5203,0.6667,150,1,1,0,0.7267,0.6376,0.7987,150,1,1,1,0.5986,0.4852,0.7099,147,1,1,1,0.619,0.5116,0.7333,147,1,1,0,isosteric,non_isosteric,,,,,,,,0.651,0.5756,0.7215,0.651,1
specificity,enzyme,195,85,EC sub-subclass (stated proxy),,,,"one metric for the catalytic lesion; rank statistic R, natural sets pooled; best-of-all threshold 0.6203 (median 0.5658)",0,complete,public,isosteric,5,5,5,catalytic_rel_sasa_mean,catalytic_rel_sasa_mean,structure-space,struct_site,main,OK,1,4,4,0.6138,0.5622,0.6657,0.6138,0.5622,0.6657,0.48,0.4012,0.5586,150,1,1,0,0.5533,0.4748,0.6387,150,1,1,1,0.7279,0.6525,0.8049,147,1,1,1,0.6939,0.6224,0.7661,147,1,1,1,isosteric,non_isosteric,,,,,,,,0.6684,0.6203,0.7188,0.6684,0
specificity,enzyme,195,85,EC sub-subclass (stated proxy),,,,"one metric for the catalytic lesion; rank statistic R, natural sets pooled; best-of-all threshold 0.6203 (median 0.5658)",0,complete,public,isosteric,6,6,6,propka_catalytic_pka_min,propka_catalytic_pka_min,structure-space,struct_site,main,OK,1,2,2,0.6063,0.5294,0.6737,0.6063,0.5294,0.6737,0.5417,0.4265,0.6452,72,1,1,0,0.6709,0.5571,0.7727,79,1,1,0,,,,0,0,1,0,,,,0,0,1,0,isosteric,never,,,,,,,,0.5863,0.5034,0.6615,0.5863,0
specificity,enzyme,195,85,EC sub-subclass (stated proxy),,,,"one metric for the catalytic lesion; rank statistic R, natural sets pooled; best-of-all threshold 0.6203 (median 0.5658)",0,complete,public,isosteric,7,7,7,rosetta_cat_fa_rep,rosetta_cat_fa_rep,structure-space,struct_site,main,OK,1,4,4,0.5713,0.5171,0.6232,0.5713,0.5171,0.6232,0.48,0.3871,0.5786,150,1,1,0,0.5467,0.4586,0.6331,150,1,1,0,0.6395,0.5329,0.7346,147,1,1,1,0.619,0.5036,0.7153,147,1,1,1,isosteric,ala,,,,,,,,0.5662,0.5044,0.6274,0.5662,0
specificity,enzyme,195,85,EC sub-subclass (stated proxy),,,,"one metric for the catalytic lesion; rank statistic R, natural sets pooled; best-of-all threshold 0.6203 (median 0.5658)",0,complete,public,isosteric,8,8,,rosetta_catalytic_vdw_rep,rosetta_cat_fa_rep,structure-space,struct_site,main,OK,0,4,4,0.5713,0.5171,0.6232,0.5713,0.5171,0.6232,0.48,0.3871,0.5786,150,1,1,0,0.5467,0.4586,0.6331,150,1,1,0,0.6395,0.5329,0.7346,147,1,1,1,0.619,0.5036,0.7153,147,1,1,1,isosteric,ala,,,,,,,,0.5662,0.5044,0.6274,0.5662,0
specificity,enzyme,195,85,EC sub-subclass (stated proxy),,,,"one metric for the catalytic lesion; rank statistic R, natural sets pooled; best-of-all threshold 0.6203 (median 0.5658)",0,complete,public,isosteric,9,9,,rosetta_catalytic_vdw_rep_per_res,rosetta_catalytic_vdw_rep_per_res,structure-space,struct_site,supp_aggregate,OK,0,4,4,0.5713,0.5171,0.6232,0.5713,0.5171,0.6232,0.48,0.3871,0.5786,150,1,1,0,0.5467,0.4586,0.6331,150,1,1,0,0.6395,0.5329,0.7346,147,1,1,0,0.619,0.5036,0.7153,147,1,1,0,isosteric,never,,,,,,,,0.5662,0.5044,0.6274,0.5662,0
specificity,enzyme,195,85,EC sub-subclass (stated proxy),,,,"one metric for the catalytic lesion; rank statistic R, natural sets pooled; best-of-all threshold 0.6203 (median 0.5658)",0,complete,public,isosteric,10,10,8,propka_catalytic_shift_mean,propka_catalytic_shift_mean,structure-space,struct_site,main,OK,1,2,2,0.5646,0.4749,0.6582,0.5646,0.4749,0.6582,0.4583,0.3064,0.6271,72,1,1,0,0.6709,0.5542,0.7895,79,1,1,0,,,,0,0,1,0,,,,0,0,1,0,isosteric,never,,,,,,,,0.5612,0.4744,0.6438,0.5612,0
specificity,catalytic/control pair,286,59,system,,,,"one metric for the catalytic lesion; rank statistic R, natural sets pooled; best-of-all threshold 0.6203 (median 0.5658)",0,complete,public,isosteric,11,11,9,chai_ptm_mean,chai_ptm,prediction-based,pred_global,reference,GLOBAL,1,4,4,0.564,0.487,0.6405,0.564,0.487,0.6405,0.6017,0.5128,0.6897,118,1,,,0.4762,0.3492,0.6,63,1,,,0.5968,0.4762,0.7206,62,1,,,0.5814,0.4286,0.7273,43,1,,,isosteric,,0.4493,0.3043,0.5965,69,69,22,0.8158,,,,,0
specificity,enzyme,195,85,EC sub-subclass (stated proxy),,,,"one metric for the catalytic lesion; rank statistic R, natural sets pooled; best-of-all threshold 0.6203 (median 0.5658)",0,complete,public,isosteric,12,12,10,catalytic_rel_sasa_max,catalytic_rel_sasa_max,structure-space,struct_site,main,OK,1,4,3,0.533,0.4802,0.5881,0.5248,0.4795,0.5727,0.4933,0.4178,0.5772,150,1,1,0,0.5,0.4094,0.5917,150,0,1,0,0.5578,0.4765,0.6364,147,1,1,0,0.5479,0.4713,0.6207,146,1,1,1,isosteric,gly,,,,,,,,0.5539,0.4868,0.6226,0.5416,0
specificity,enzyme,195,85,EC sub-subclass (stated proxy),,,,"one metric for the catalytic lesion; rank statistic R, natural sets pooled; best-of-all threshold 0.6203 (median 0.5658)",0,complete,public,isosteric,13,13,11,rosetta_cat_fa_atr,rosetta_cat_fa_atr,structure-space,struct_site,main,OK,1,4,4,0.5301,0.4648,0.5952,0.5301,0.4648,0.5952,0.5267,0.4375,0.6084,150,1,1,0,0.58,0.4884,0.6783,150,1,1,0,0.551,0.4522,0.6484,147,1,1,1,0.4626,0.3662,0.5576,147,1,1,1,isosteric,ala,,,,,,,,0.5401,0.4785,0.6054,0.5401,0
specificity,enzyme,195,85,EC sub-subclass (stated proxy),,,,"one metric for the catalytic lesion; rank statistic R, natural sets pooled; best-of-all threshold 0.6203 (median 0.5658)",0,complete,public,isosteric,14,14,,rosetta_catalytic_vdw_atr,rosetta_cat_fa_atr,structure-space,struct_site,main,OK,0,4,4,0.5301,0.4648,0.5952,0.5301,0.4648,0.5952,0.5267,0.4375,0.6084,150,1,1,0,0.58,0.4884,0.6783,150,1,1,0,0.551,0.4522,0.6484,147,1,1,1,0.4626,0.3662,0.5576,147,1,1,1,isosteric,ala,,,,,,,,0.5401,0.4785,0.6054,0.5401,0
specificity,catalytic/control pair,286,59,system,,,,"one metric for the catalytic lesion; rank statistic R, natural sets pooled; best-of-all threshold 0.6203 (median 0.5658)",0,complete,public,isosteric,15,15,12,chai_plddt_mean,chai_plddt,prediction-based,pred_global,reference,GLOBAL,1,4,4,0.5284,0.4569,0.5983,0.5284,0.4569,0.5983,0.6186,0.5259,0.7094,118,1,,,0.3651,0.25,0.4839,63,1,,,0.5484,0.4203,0.6721,62,1,,,0.5814,0.4186,0.7391,43,1,,,isosteric,,0.4928,0.3438,0.6333,69,69,22,0.8536,,,,,0
specificity,enzyme,195,85,EC sub-subclass (stated proxy),,,,"one metric for the catalytic lesion; rank statistic R, natural sets pooled; best-of-all threshold 0.6203 (median 0.5658)",0,complete,public,isosteric,16,16,13,rosetta_cat_rama_prepro,rosetta_cat_rama_prepro,structure-space,struct_site,main,OK,1,4,4,0.5239,0.4663,0.5855,0.5239,0.4663,0.5855,0.4333,0.3472,0.5312,150,1,1,0,0.5467,0.4532,0.6397,150,1,1,0,0.551,0.4536,0.6609,147,1,1,0,0.5646,0.4897,0.65,147,1,1,1,isosteric,gly,,,,,,,,0.5571,0.497,0.6157,0.5571,0
specificity,enzyme,195,85,EC sub-subclass (stated proxy),,,,"one metric for the catalytic lesion; rank statistic R, natural sets pooled; best-of-all threshold 0.6203 (median 0.5658)",0,complete,public,isosteric,17,17,14,rosetta_cat_fa_intra_rep,rosetta_cat_fa_intra_rep,structure-space,struct_site,main,OK,1,4,4,0.5184,0.465,0.5697,0.5184,0.465,0.5697,0.48,0.3985,0.5658,150,1,1,0,0.5867,0.4927,0.6686,150,1,1,0,0.483,0.413,0.5586,147,1,1,0,0.5238,0.4413,0.6017,147,1,1,0,isosteric,never,,,,,,,,0.5139,0.4507,0.5754,0.5139,0
specificity,enzyme,195,85,EC sub-subclass (stated proxy),,,,"one metric for the catalytic lesion; rank statistic R, natural sets pooled; best-of-all threshold 0.6203 (median 0.5658)",0,complete,public,isosteric,18,18,15,rosetta_cat_fa_dun,rosetta_cat_fa_dun,structure-space,struct_site,main,OK,1,4,4,0.516,0.4632,0.5698,0.516,0.4632,0.5698,0.4467,0.3734,0.522,150,1,1,0,0.4667,0.3707,0.5625,150,1,1,0,0.5753,0.5,0.6533,146,1,1,1,0.5753,0.5,0.6533,146,1,1,1,isosteric,ala,,,,,,,,0.5247,0.4674,0.5812,0.5247,0
specificity,enzyme,195,85,EC sub-subclass (stated proxy),,,,"one metric for the catalytic lesion; rank statistic R, natural sets pooled; best-of-all threshold 0.6203 (median 0.5658)",0,complete,public,isosteric,19,19,16,catalytic_radius_of_gyration,catalytic_radius_of_gyration,structure-space,struct_site,main,OK,1,3,3,0.5061,0.4461,0.5667,0.5061,0.4461,0.5667,0.4191,0.3193,0.5164,136,1,1,0,0.4779,0.3908,0.5634,136,1,1,0,0.6212,0.5366,0.7181,132,1,1,1,,,,0,,,,isosteric,ala,,,,,,,,0.55,0.4787,0.6175,0.55,0
specificity,enzyme,195,85,EC sub-subclass (stated proxy),,,,"one metric for the catalytic lesion; rank statistic R, natural sets pooled; best-of-all threshold 0.6203 (median 0.5658)",0,complete,public,isosteric,20,20,17,rosetta_cat_p_aa_pp,rosetta_cat_p_aa_pp,structure-space,struct_site,main,OK,1,4,3,0.5003,0.4546,0.55,0.5169,0.4736,0.5628,0.4533,0.3691,0.5397,150,1,1,0,0.5667,0.4685,0.6685,150,0,1,0,0.517,0.4252,0.6169,147,1,1,0,0.5306,0.4444,0.6185,147,1,1,0,isosteric,never,,,,,,,,0.5146,0.4653,0.5632,0.5308,0
specificity,enzyme,195,85,EC sub-subclass (stated proxy),,,,"one metric for the catalytic lesion; rank statistic R, natural sets pooled; best-of-all threshold 0.6203 (median 0.5658)",0,complete,public,isosteric,21,21,18,propka_catalytic_pka_max,propka_catalytic_pka_max,structure-space,struct_site,main,OK,1,2,2,0.4938,0.3874,0.6095,0.4938,0.3874,0.6095,0.4306,0.2547,0.625,72,1,1,0,0.557,0.4545,0.6515,79,1,1,0,,,,0,0,1,0,,,,0,0,1,0,isosteric,never,,,,,,,,0.4915,0.399,0.587,0.4915,0
specificity,enzyme,195,85,EC sub-subclass (stated proxy),,,,"one metric for the catalytic lesion; rank statistic R, natural sets pooled; best-of-all threshold 0.6203 (median 0.5658)",0,complete,public,isosteric,22,22,19,rosetta_cat_worst_residue,rosetta_cat_worst_residue,structure-space,struct_site,main,OK,1,4,3,0.4836,0.4408,0.5264,0.4699,0.4312,0.5144,0.4467,0.3742,0.525,150,1,1,0,0.46,0.3716,0.5462,150,1,1,0,0.5442,0.4609,0.6202,147,1,1,0,0.4286,0.3269,0.5473,147,0,1,0,isosteric,never,,,,,,,,0.483,0.4367,0.5287,0.4861,0
specificity,enzyme,195,85,EC sub-subclass (stated proxy),,,,"one metric for the catalytic lesion; rank statistic R, natural sets pooled; best-of-all threshold 0.6203 (median 0.5658)",0,complete,public,isosteric,23,23,20,rosetta_catalytic_vdw_net,rosetta_catalytic_vdw_net,structure-space,struct_site,main,OK,1,4,4,0.4626,0.3902,0.5238,0.4626,0.3902,0.5238,0.4467,0.3551,0.5433,150,1,1,0,0.5467,0.4586,0.6331,150,1,1,0,0.4694,0.3723,0.569,147,1,1,0,0.3878,0.2876,0.4867,147,1,1,0,isosteric,never,,,,,,,,0.5115,0.465,0.5602,0.5115,0
specificity,enzyme,195,85,EC sub-subclass (stated proxy),,,,"one metric for the catalytic lesion; rank statistic R, natural sets pooled; best-of-all threshold 0.6203 (median 0.5658)",0,complete,public,isosteric,24,24,21,rosetta_cat_hbond_sc,rosetta_cat_hbond_sc,structure-space,struct_site,main,OK,1,4,4,0.4334,0.3465,0.5217,0.4334,0.3465,0.5217,0.469,0.3723,0.5622,145,1,1,0,0.4207,0.3309,0.5109,145,1,1,0,0.4255,0.3358,0.5179,141,1,1,0,0.4184,0.3248,0.513,141,1,1,0,isosteric,never,,,,,,,,0.3803,0.3003,0.4706,0.3803,0
specificity,enzyme,195,85,EC sub-subclass (stated proxy),,,,"one metric for the catalytic lesion; rank statistic R, natural sets pooled; best-of-all threshold 0.6203 (median 0.5658)",0,complete,public,isosteric,25,25,22,rosetta_cat_total,rosetta_cat_total,structure-space,struct_site,main,OK,1,4,4,0.4218,0.3735,0.4735,0.4218,0.3735,0.4735,0.4067,0.3206,0.4961,150,1,1,0,0.58,0.4882,0.672,150,1,1,0,0.4082,0.3285,0.5,147,1,1,0,0.2925,0.2267,0.3684,147,1,1,0,isosteric,never,,,,,,,,0.445,0.3954,0.4971,0.445,0
specificity,enzyme,195,85,EC sub-subclass (stated proxy),,,,"one metric for the catalytic lesion; rank statistic R, natural sets pooled; best-of-all threshold 0.6203 (median 0.5658)",0,complete,public,isosteric,26,26,,rosetta_cat_total_mean,rosetta_cat_total_mean,structure-space,struct_site,supp_aggregate,OK,0,4,4,0.4202,0.3722,0.4717,0.4202,0.3722,0.4717,0.4067,0.3206,0.4961,150,1,1,0,0.5733,0.4848,0.6619,150,1,1,0,0.4082,0.3285,0.5,147,1,1,0,0.2925,0.2267,0.3684,147,1,1,0,isosteric,never,,,,,,,,0.4427,0.3927,0.495,0.4427,0
specificity,enzyme,195,85,EC sub-subclass (stated proxy),,,,"one metric for the catalytic lesion; rank statistic R, natural sets pooled; best-of-all threshold 0.6203 (median 0.5658)",0,complete,public,isosteric,27,27,23,catalytic_pairwise_dist_mean,catalytic_pairwise_dist_mean,structure-space,struct_site,main,OK,1,3,3,0.4124,0.3447,0.496,0.4124,0.3447,0.496,0.4338,0.3333,0.5584,136,1,1,0,0.4853,0.3785,0.5954,136,1,1,1,0.3182,0.2244,0.4231,132,1,1,0,,,,0,,,,isosteric,non_isosteric,,,,,,,,0.4685,0.3858,0.5526,0.4685,0
specificity,enzyme,195,85,EC sub-subclass (stated proxy),,,,"one metric for the catalytic lesion; rank statistic R, natural sets pooled; best-of-all threshold 0.6203 (median 0.5658)",0,complete,public,isosteric,28,28,24,propka_catalytic_pka_mean,propka_catalytic_pka_mean,structure-space,struct_site,main,OK,1,2,1,0.4028,0.2766,0.5373,0.4356,0.3598,0.5162,0.4028,0.2766,0.5373,72,1,1,0,0.4684,0.3765,0.5591,79,0,1,0,,,,0,0,1,0,,,,0,0,1,0,isosteric,never,,,,,,,,0.4231,0.2889,0.551,0.4382,0
specificity,enzyme,195,85,EC sub-subclass (stated proxy),,,,"one metric for the catalytic lesion; rank statistic R, natural sets pooled; best-of-all threshold 0.6203 (median 0.5658)",0,complete,public,isosteric,29,29,25,rosetta_cat_hbond_bb_sc,rosetta_cat_hbond_bb_sc,structure-space,struct_site,main,OK,1,4,4,0.2868,0.1923,0.3894,0.2868,0.1923,0.3894,0.2635,0.1789,0.3544,148,1,1,0,0.2886,0.188,0.3922,149,1,1,0,0.3056,0.1961,0.4247,144,1,1,0,0.2897,0.1812,0.406,145,1,1,0,isosteric,never,,,,,,,,0.2477,0.1766,0.3293,0.2477,0
specificity,enzyme,195,85,EC sub-subclass (stated proxy),,,,"one metric for the catalytic lesion; rank statistic R, natural sets pooled; best-of-all threshold 0.6203 (median 0.5658)",0,complete,public,isosteric,30,30,26,rosetta_cat_fa_elec,rosetta_cat_fa_elec,structure-space,struct_site,main,OK,1,4,4,0.2409,0.1794,0.3041,0.2409,0.1794,0.3041,0.26,0.1895,0.344,150,1,1,0,0.2,0.1409,0.2643,150,1,1,0,0.2449,0.1761,0.3117,147,1,1,0,0.2585,0.1845,0.3312,147,1,1,0,isosteric,never,,,,,,,,0.1982,0.1318,0.273,0.1982,0
specificity,enzyme,195,85,EC sub-subclass (stated proxy),,,,"one metric for the catalytic lesion; rank statistic R, natural sets pooled; best-of-all threshold 0.6203 (median 0.5658)",0,complete,public,isosteric,,31,27,catalytic_polar_contacts,catalytic_polar_contacts,structure-space,struct_site,main,OK,1,4,0,,,,0.9549,0.92,0.9806,0.9257,0.875,0.9675,101,1,0,0,0.9652,0.931,0.9902,115,1,0,0,0.9643,0.9298,0.9899,112,1,0,0,0.9643,0.9298,0.9899,112,1,0,0,isosteric,never,,,,,,,,,,,0.9412,
specificity,enzyme,195,85,EC sub-subclass (stated proxy),,,,"one metric for the catalytic lesion; rank statistic R, natural sets pooled; best-of-all threshold 0.6203 (median 0.5658)",0,complete,public,isosteric,,32,,catalytic_polar_contacts_per_residue,catalytic_polar_contacts_per_residue,structure-space,struct_site,supp_aggregate,OK,0,4,0,,,,0.9512,0.9168,0.9773,0.9109,0.8544,0.9593,101,1,0,0,0.9652,0.931,0.9902,115,1,0,0,0.9643,0.9298,0.9899,112,1,0,0,0.9643,0.9298,0.9899,112,1,0,0,isosteric,never,,,,,,,,,,,0.9365,
specificity,catalytic/control pair,286,59,system,,,,"one metric for the catalytic lesion; rank statistic R, natural sets pooled; best-of-all threshold 0.6203 (median 0.5658)",0,complete,public,non_isosteric,1,33,28,ame_crystal_rmsd_min,ame_crystal_rmsd,prediction-based,ame,main,OK-KNOCKON,1,4,4,0.6847,0.6213,0.7466,0.6847,0.6213,0.7466,0.6102,0.5294,0.6935,118,0,,,0.7302,0.6129,0.8333,63,1,,,0.6774,0.5574,0.7931,62,0,,,0.7209,0.5814,0.8537,43,0,,,non_isosteric,,0.4493,0.3281,0.5715,69,69,22,0.9811,,,,,1
specificity,enzyme,195,85,EC sub-subclass (stated proxy),,,,"one metric for the catalytic lesion; rank statistic R, natural sets pooled; best-of-all threshold 0.6203 (median 0.5658)",0,complete,public,non_isosteric,2,34,29,rosetta_cat_lk_ball_wtd,rosetta_cat_lk_ball_wtd,structure-space,struct_site,main,OK,1,4,3,0.5905,0.5098,0.67,0.5829,0.5083,0.6593,0.56,0.4629,0.6591,150,0,1,0,0.5333,0.4425,0.6237,150,1,1,1,0.5918,0.4887,0.694,147,1,1,1,0.6463,0.5583,0.7376,147,1,1,1,non_isosteric,non_isosteric,,,,,,,,0.5934,0.5168,0.6697,0.5829,0
specificity,enzyme,195,85,EC sub-subclass (stated proxy),,,,"one metric for the catalytic lesion; rank statistic R, natural sets pooled; best-of-all threshold 0.6203 (median 0.5658)",0,complete,public,non_isosteric,3,35,,catalytic_sasa_mean,catalytic_sasa_mean,structure-space,struct_site,supp_aggregate,OK,0,4,2,0.5458,0.4776,0.6031,0.5087,0.4561,0.559,0.4533,0.375,0.5389,150,0,1,0,0.5133,0.4379,0.5896,150,1,1,1,0.4898,0.3987,0.5776,147,0,1,0,0.5782,0.4773,0.6667,147,1,1,0,non_isosteric,non_isosteric,,,,,,,,0.5235,0.4537,0.5904,0.5069,0
specificity,enzyme,195,85,EC sub-subclass (stated proxy),,,,"one metric for the catalytic lesion; rank statistic R, natural sets pooled; best-of-all threshold 0.6203 (median 0.5658)",0,complete,public,non_isosteric,4,36,30,catalytic_sasa_total,catalytic_sasa_total,structure-space,struct_site,main,OK,1,4,2,0.5458,0.4776,0.6031,0.5103,0.4581,0.5609,0.46,0.3817,0.5436,150,0,1,0,0.5133,0.4379,0.5896,150,1,1,1,0.4898,0.3987,0.5776,147,0,1,0,0.5782,0.4773,0.6667,147,1,1,0,non_isosteric,non_isosteric,,,,,,,,0.5235,0.4537,0.5904,0.5093,0
specificity,enzyme,195,85,EC sub-subclass (stated proxy),,,,"one metric for the catalytic lesion; rank statistic R, natural sets pooled; best-of-all threshold 0.6203 (median 0.5658)",0,complete,public,non_isosteric,5,37,31,propka_catalytic_shift_absmax,propka_catalytic_shift_absmax,structure-space,struct_site,main,OK,1,2,1,0.5316,0.4167,0.6471,0.5332,0.4414,0.6297,0.5347,0.3857,0.6889,72,0,1,0,0.5316,0.4167,0.6471,79,1,1,0,,,,0,0,1,0,,,,0,0,1,0,non_isosteric,never,,,,,,,,0.5467,0.4194,0.6716,0.5426,0
specificity,enzyme,195,85,EC sub-subclass (stated proxy),,,,"one metric for the catalytic lesion; rank statistic R, natural sets pooled; best-of-all threshold 0.6203 (median 0.5658)",0,complete,public,ala,1,38,32,catalytic_frac_buried,catalytic_frac_buried,structure-space,struct_site,main,OK,1,4,2,0.6617,0.5874,0.7374,0.6074,0.5602,0.6523,0.5443,0.4557,0.6344,79,0,0,0,0.5619,0.4781,0.6346,113,0,1,0,0.6975,0.6188,0.7812,119,1,1,1,0.626,0.5381,0.717,123,1,1,1,ala,ala,,,,,,,,0.7235,0.6461,0.7985,0.6281,1
specificity,enzyme,195,85,EC sub-subclass (stated proxy),,,,"one metric for the catalytic lesion; rank statistic R, natural sets pooled; best-of-all threshold 0.6203 (median 0.5658)",0,complete,public,gly,1,39,33,rosetta_cat_omega,rosetta_cat_omega,structure-space,struct_site,main,OK,1,3,1,0.5238,0.4462,0.6035,0.5204,0.4299,0.6197,0.4583,0.2692,0.65,24,0,0,0,,,,1,0,1,0,0.5789,0.36,0.8,19,0,0,0,0.5238,0.4462,0.6035,147,1,1,0,gly,never,,,,,,,,0.5333,0.4455,0.625,0.5405,0
specificity,catalytic/control pair,286,59,system,,,,"one metric for the catalytic lesion; rank statistic R, natural sets pooled; best-of-all threshold 0.6203 (median 0.5658)",0,complete,public,never,1,40,34,ame_crystal_clash_max,ame_crystal_clash_max,prediction-based,pred_interface,main,OK-PROVISIONAL,1,4,4,0.599,0.5391,0.6586,0.599,0.5391,0.6586,0.5652,0.4741,0.6525,115,0,,,0.629,0.5082,0.7419,62,0,,,0.5738,0.4516,0.6964,61,0,,,0.6279,0.4884,0.7609,43,0,,,never,,0.5735,0.4394,0.6974,68,68,21,1.0537,,,,,0
specificity,enzyme,195,85,EC sub-subclass (stated proxy),,,,"one metric for the catalytic lesion; rank statistic R, natural sets pooled; best-of-all threshold 0.6203 (median 0.5658)",0,complete,public,never,,41,35,catalytic_pairwise_dist_max,catalytic_pairwise_dist_max,structure-space,struct_site,main,OK,1,3,0,,,,0.2807,0.1875,0.3619,0.2984,0.1692,0.4179,124,0,1,0,0.3582,0.2406,0.4867,134,0,1,0,0.1855,0.0859,0.3015,124,0,1,0,,,,0,,,,never,never,,,,,,,,,,,0.236,
specificity,enzyme,195,85,EC sub-subclass (stated proxy),,,,"one metric for the catalytic lesion; rank statistic R, natural sets pooled; best-of-all threshold 0.6203 (median 0.5658)",0,complete,public,never,,42,,catalytic_polar_dist_mean,catalytic_polar_dist_mean,structure-space,struct_site,supp_partial,OK,0,1,0,,,,0.5,0.0,1.0,0.5,0.0,1.0,6,0,1,0,,,,1,0,1,0,,,,0,0,1,0,,,,0,0,1,0,never,never,,,,,,,,,,,0.4,
specificity,enzyme,195,85,EC sub-subclass (stated proxy),,,,"one metric for the catalytic lesion; rank statistic R, natural sets pooled; best-of-all threshold 0.6203 (median 0.5658)",0,complete,public,never,,43,,catalytic_polar_dist_min,catalytic_polar_dist_min,structure-space,struct_site,supp_partial,OK,0,1,0,,,,0.5,0.0,1.0,0.5,0.0,1.0,6,0,1,0,,,,1,0,1,0,,,,0,0,1,0,,,,0,0,1,0,never,never,,,,,,,,,,,0.6,
