claim_type,unit,n_units,n_clusters,cluster_def,k,N,k_of_N,denominator_def,headline_ok,status,licence_flag,family,lesion_test,level,dose_value,dose_unit,n_eligible_keys,n_responds_keys,n_specific_keys,n_cells,sr_geomean_ci90,sens_shortened_motif,sens_no_packing_match,sens_pilot_set,sens_de_novo_set,note
specificity,system,143,77,EC sub-subclass (stated proxy for CATH superfamily),0,15,0 of 15,distinct main-set metric keys scored (status OK) at this level,1,complete,public,Rosetta energy (site-scoped),catalytic lesion,isosteric,15.3,A^3 median side-chain volume change,15,13,0,17,,0 of 15,0 of 15,0 of 15,3 of 15,"primary = packing-matched, count-gated main set; control quality in S26 and S27"
specificity,system,143,77,EC sub-subclass (stated proxy for CATH superfamily),0,8,0 of 8,distinct main-set metric keys scored (status OK) at this level,1,complete,public,Catalytic geometry (site-scoped),catalytic lesion,isosteric,15.3,A^3 median side-chain volume change,8,5,0,8,,0 of 8,0 of 8,0 of 8,5 of 8,"primary = packing-matched, count-gated main set; control quality in S26 and S27"
specificity,system,143,77,EC sub-subclass (stated proxy for CATH superfamily),0,6,0 of 6,distinct main-set metric keys scored (status OK) at this level,1,complete,public,Catalytic pKa,catalytic lesion,isosteric,15.3,A^3 median side-chain volume change,6,5,0,6,,,0 of 6,,,"primary = packing-matched, count-gated main set; control quality in S26 and S27"
specificity,system,143,77,EC sub-subclass (stated proxy for CATH superfamily),0,29,0 of 29,distinct main-set metric keys scored (status OK) at this level,1,complete,public,ALL main-set metrics,catalytic lesion,isosteric,15.3,A^3 median side-chain volume change,29,23,0,31,,0 of 23,0 of 29,0 of 23,8 of 23,"primary = packing-matched, count-gated main set; control quality in S26 and S27"
specificity,system,143,77,EC sub-subclass (stated proxy for CATH superfamily),2,15,2 of 15,distinct main-set metric keys scored (status OK) at this level,1,complete,public,Rosetta energy (site-scoped),catalytic lesion,non_isosteric,36.4,A^3 median side-chain volume change,15,13,2,17,,0 of 15,1 of 15,0 of 15,1 of 15,"primary = packing-matched, count-gated main set; control quality in S26 and S27"
specificity,system,143,77,EC sub-subclass (stated proxy for CATH superfamily),3,8,3 of 8,distinct main-set metric keys scored (status OK) at this level,1,complete,public,Catalytic geometry (site-scoped),catalytic lesion,non_isosteric,36.4,A^3 median side-chain volume change,8,5,3,8,,0 of 8,1 of 8,0 of 8,2 of 8,"primary = packing-matched, count-gated main set; control quality in S26 and S27"
specificity,system,143,77,EC sub-subclass (stated proxy for CATH superfamily),0,6,0 of 6,distinct main-set metric keys scored (status OK) at this level,1,complete,public,Catalytic pKa,catalytic lesion,non_isosteric,36.4,A^3 median side-chain volume change,6,5,0,6,,,1 of 6,,,"primary = packing-matched, count-gated main set; control quality in S26 and S27"
specificity,system,143,77,EC sub-subclass (stated proxy for CATH superfamily),5,29,5 of 29,distinct main-set metric keys scored (status OK) at this level,1,complete,public,ALL main-set metrics,catalytic lesion,non_isosteric,36.4,A^3 median side-chain volume change,29,23,5,31,,0 of 23,3 of 29,0 of 23,3 of 23,"primary = packing-matched, count-gated main set; control quality in S26 and S27"
specificity,system,143,77,EC sub-subclass (stated proxy for CATH superfamily),5,15,5 of 15,distinct main-set metric keys scored (status OK) at this level,1,complete,public,Rosetta energy (site-scoped),catalytic lesion,ala,53.2,A^3 median side-chain volume change,15,14,5,17,,1 of 15,5 of 15,0 of 15,1 of 15,"primary = packing-matched, count-gated main set; control quality in S26 and S27"
specificity,system,143,77,EC sub-subclass (stated proxy for CATH superfamily),3,8,3 of 8,distinct main-set metric keys scored (status OK) at this level,1,complete,public,Catalytic geometry (site-scoped),catalytic lesion,ala,53.2,A^3 median side-chain volume change,8,6,3,8,,1 of 8,3 of 8,0 of 8,3 of 8,"primary = packing-matched, count-gated main set; control quality in S26 and S27"
specificity,system,143,77,EC sub-subclass (stated proxy for CATH superfamily),0,6,0 of 6,distinct main-set metric keys scored (status OK) at this level,1,complete,public,Catalytic pKa,catalytic lesion,ala,53.2,A^3 median side-chain volume change,6,0,0,6,,,0 of 6,,,"primary = packing-matched, count-gated main set; control quality in S26 and S27"
specificity,system,143,77,EC sub-subclass (stated proxy for CATH superfamily),8,29,8 of 29,distinct main-set metric keys scored (status OK) at this level,1,complete,public,ALL main-set metrics,catalytic lesion,ala,53.2,A^3 median side-chain volume change,29,20,8,31,,2 of 23,8 of 29,0 of 23,4 of 23,"primary = packing-matched, count-gated main set; control quality in S26 and S27"
specificity,system,143,77,EC sub-subclass (stated proxy for CATH superfamily),5,15,5 of 15,distinct main-set metric keys scored (status OK) at this level,1,complete,public,Rosetta energy (site-scoped),catalytic lesion,gly,80.5,A^3 median side-chain volume change,15,14,5,17,,0 of 15,3 of 15,0 of 15,3 of 15,"detection floor read once here: all catalytic residues to Gly is identical to this step (S25); primary = packing-matched, count-gated main set; control quality in S26 and S27"
specificity,system,143,77,EC sub-subclass (stated proxy for CATH superfamily),3,5,3 of 5,distinct main-set metric keys scored (status OK) at this level,1,complete,public,Catalytic geometry (site-scoped),catalytic lesion,gly,80.5,A^3 median side-chain volume change,5,5,3,5,,0 of 5,3 of 5,0 of 5,1 of 5,"detection floor read once here: all catalytic residues to Gly is identical to this step (S25); primary = packing-matched, count-gated main set; control quality in S26 and S27"
specificity,system,143,77,EC sub-subclass (stated proxy for CATH superfamily),0,6,0 of 6,distinct main-set metric keys scored (status OK) at this level,1,complete,public,Catalytic pKa,catalytic lesion,gly,80.5,A^3 median side-chain volume change,6,0,0,6,,,0 of 6,,,"detection floor read once here: all catalytic residues to Gly is identical to this step (S25); primary = packing-matched, count-gated main set; control quality in S26 and S27"
specificity,system,143,77,EC sub-subclass (stated proxy for CATH superfamily),8,26,8 of 26,distinct main-set metric keys scored (status OK) at this level,1,complete,public,ALL main-set metrics,catalytic lesion,gly,80.5,A^3 median side-chain volume change,26,19,8,28,,0 of 20,6 of 26,0 of 20,4 of 20,"detection floor read once here: all catalytic residues to Gly is identical to this step (S25); primary = packing-matched, count-gated main set; control quality in S26 and S27"
specificity,system,143,77,EC sub-subclass (stated proxy for CATH superfamily),0,29,0 of 29,distinct main-set metric keys scored (status OK) at this level,1,complete,public,ALL main-set metrics,second-shell lesion,second_shell_1,1,residues of second-shell support removed,29,0,0,31,,0 of 29,,,,
specificity,system,143,77,EC sub-subclass (stated proxy for CATH superfamily),0,29,0 of 29,distinct main-set metric keys scored (status OK) at this level,1,complete,public,ALL main-set metrics,second-shell lesion,second_shell_2,2,residues of second-shell support removed,29,0,0,31,,0 of 29,,,,
specificity,system,143,77,EC sub-subclass (stated proxy for CATH superfamily),0,29,0 of 29,distinct main-set metric keys scored (status OK) at this level,1,complete,public,ALL main-set metrics,second-shell lesion,second_shell_4,4,residues of second-shell support removed,29,2,0,31,,0 of 29,,,,
equivalence,system,143,77,EC sub-subclass (stated proxy for CATH superfamily),,,,"geometric-mean specificity ratio over main-set metrics, nested bootstrap by EC sub-subclass",1,complete,public,ALL main-set metrics (panel statistic),catalytic lesion,isosteric,15.3,A^3 median side-chain volume change,,,,,"1.075 [0.958, 1.178]",,,,,"the earlier 102-metric statistic (0.958 [0.897, 1.084]) included ~34 composition metrics with SR = 1 by construction"
