source,metric_name,subset,arm,k_pairs,N_pairs,k_systems,N_systems,median_abs_delta,median_sigma_native,frac_abs_delta_gt_sigma_native,k_with_sigma
natural,chai_iptm_mean,all_pairs,catalytic,286,286,59,59,0.00666,0.00154,0.8292,281
natural,chai_iptm_mean,all_pairs,control,286,286,59,59,0.00254,0.00154,0.6797,281
natural,chai_iptm_mean,original_matched,catalytic,18,286,17,59,0.00714,0.00038,0.8824,17
natural,chai_iptm_mean,original_matched,control,18,286,17,59,0.00708,0.00038,0.9412,17
natural,chai_aggregate_score_mean,all_pairs,catalytic,286,286,59,59,0.00556,0.00127,0.8392,286
natural,chai_aggregate_score_mean,all_pairs,control,286,286,59,59,0.00226,0.00127,0.7098,286
natural,chai_aggregate_score_mean,original_matched,catalytic,18,286,17,59,0.00581,0.00033,0.8889,18
natural,chai_aggregate_score_mean,original_matched,control,18,286,17,59,0.00593,0.00033,0.9444,18
natural,chai_per_chain_ptm_min_mean,all_pairs,catalytic,286,286,59,59,0.00217,0.00042,0.8531,286
natural,chai_per_chain_ptm_min_mean,all_pairs,control,286,286,59,59,0.00081,0.00042,0.7238,286
natural,chai_per_chain_ptm_min_mean,original_matched,catalytic,18,286,17,59,0.00331,0.00045,0.8333,18
natural,chai_per_chain_ptm_min_mean,original_matched,control,18,286,17,59,0.00264,0.00045,0.9444,18
natural,ame_crystal_clash_max,all_pairs,catalytic,281,286,58,59,0.06829,0.05438,0.5907,281
natural,ame_crystal_clash_max,all_pairs,control,281,286,58,59,0.05258,0.05438,0.4626,281
natural,ame_crystal_clash_max,original_matched,catalytic,17,286,16,59,0.10303,0.04326,0.6471,17
natural,ame_crystal_clash_max,original_matched,control,17,286,16,59,0.04813,0.04326,0.5294,17
natural,ame_crystal_rmsd_min,all_pairs,catalytic,286,286,59,59,0.04619,0.02914,0.6154,286
natural,ame_crystal_rmsd_min,all_pairs,control,286,286,59,59,0.02683,0.02914,0.4196,286
natural,ame_crystal_rmsd_min,original_matched,catalytic,18,286,17,59,0.05148,0.02694,0.8333,18
natural,ame_crystal_rmsd_min,original_matched,control,18,286,17,59,0.03236,0.02694,0.5,18
natural,chai_ptm_mean,all_pairs,catalytic,286,286,59,59,0.00102,0.00024,0.8182,286
natural,chai_ptm_mean,all_pairs,control,286,286,59,59,0.00066,0.00024,0.7413,286
natural,chai_ptm_mean,original_matched,catalytic,18,286,17,59,0.00089,0.00017,0.7778,18
natural,chai_ptm_mean,original_matched,control,18,286,17,59,0.0013,0.00017,0.9444,18
natural,chai_plddt_mean,all_pairs,catalytic,286,286,59,59,0.17318,0.03154,0.8636,286
natural,chai_plddt_mean,all_pairs,control,286,286,59,59,0.15101,0.03154,0.8042,286
natural,chai_plddt_mean,original_matched,catalytic,18,286,17,59,0.12036,0.03087,0.8333,18
natural,chai_plddt_mean,original_matched,control,18,286,17,59,0.15847,0.03087,0.7222,18
denovo,chai_iptm_mean,all_pairs,catalytic,26,26,15,15,0.04721,0.00744,0.9231,26
denovo,chai_iptm_mean,all_pairs,control,26,26,15,15,0.03767,0.00744,0.7308,26
denovo,chai_iptm_mean,original_matched,catalytic,3,26,2,15,0.03889,0.00744,1.0,3
denovo,chai_iptm_mean,original_matched,control,3,26,2,15,0.08896,0.00744,1.0,3
denovo,chai_aggregate_score_mean,all_pairs,catalytic,26,26,15,15,0.03914,0.006,0.9231,26
denovo,chai_aggregate_score_mean,all_pairs,control,26,26,15,15,0.03094,0.006,0.7308,26
denovo,chai_aggregate_score_mean,original_matched,catalytic,3,26,2,15,0.03095,0.006,1.0,3
denovo,chai_aggregate_score_mean,original_matched,control,3,26,2,15,0.06903,0.006,1.0,3
denovo,chai_per_chain_ptm_min_mean,all_pairs,catalytic,26,26,15,15,0.01265,0.00116,0.9231,26
denovo,chai_per_chain_ptm_min_mean,all_pairs,control,26,26,15,15,0.01062,0.00116,0.8846,26
denovo,chai_per_chain_ptm_min_mean,original_matched,catalytic,3,26,2,15,0.00559,0.0006,0.6667,3
denovo,chai_per_chain_ptm_min_mean,original_matched,control,3,26,2,15,0.01686,0.0006,1.0,3
denovo,chai_ptm_mean,all_pairs,catalytic,26,26,15,15,0.00554,0.00039,0.9615,26
denovo,chai_ptm_mean,all_pairs,control,26,26,15,15,0.00597,0.00039,0.9615,26
denovo,chai_ptm_mean,original_matched,catalytic,3,26,2,15,0.0044,0.00039,1.0,3
denovo,chai_ptm_mean,original_matched,control,3,26,2,15,0.01069,0.00039,1.0,3
denovo,chai_plddt_mean,all_pairs,catalytic,26,26,15,15,0.43529,0.05512,0.9615,26
denovo,chai_plddt_mean,all_pairs,control,26,26,15,15,0.40391,0.05512,0.8846,26
denovo,chai_plddt_mean,original_matched,catalytic,3,26,2,15,0.70897,0.04968,1.0,3
denovo,chai_plddt_mean,original_matched,control,3,26,2,15,0.36742,0.04968,0.6667,3
denovo,ame_self_clash_max,all_pairs,catalytic,26,26,15,15,0.16502,0.10964,0.5769,26
denovo,ame_self_clash_max,all_pairs,control,26,26,15,15,0.15183,0.10964,0.6154,26
denovo,ame_self_clash_max,original_matched,catalytic,3,26,2,15,0.48677,0.23358,1.0,3
denovo,ame_self_clash_max,original_matched,control,3,26,2,15,0.42567,0.23358,0.6667,3
denovo,ame_self_rmsd_min,all_pairs,catalytic,26,26,15,15,0.22162,0.07167,0.6154,26
denovo,ame_self_rmsd_min,all_pairs,control,26,26,15,15,0.10193,0.07167,0.6154,26
denovo,ame_self_rmsd_min,original_matched,catalytic,3,26,2,15,0.10413,0.43219,0.3333,3
denovo,ame_self_rmsd_min,original_matched,control,3,26,2,15,0.54741,0.43219,0.6667,3
