claim_type,unit,n_units,n_clusters,cluster_def,k,N,k_of_N,denominator_def,headline_ok,status,licence_flag,canonical_key,metric_name,input_class,in_main_set,lesion_test,level,n_systems,delta_median,delta_ci_lo,delta_ci_hi,sr_median,sr_ci_lo,sr_ci_hi,responds,specific,verdict,applicability_status
specificity,system,143,77,EC sub-subclass (stated proxy for CATH superfamily),1,1,1 of 1,one metric x level cell,1,complete,public,catalytic_frac_buried,catalytic_frac_buried,struct_site,1,catalytic lesion,ala,143,-0.25,-0.3333,-0.2,1.9091,1.4,2.7224,1,1,specific,OK
specificity,system,143,67,EC sub-subclass (stated proxy for CATH superfamily),0,1,0 of 1,one metric x level cell,1,complete,public,catalytic_pairwise_dist_max,catalytic_pairwise_dist_max,struct_site,1,catalytic lesion,ala,124,0.0,-0.2482,0.0,0.0,0.0,0.1087,0,0,blind,OK
specificity,system,143,67,EC sub-subclass (stated proxy for CATH superfamily),0,1,0 of 1,one metric x level cell,1,complete,public,catalytic_pairwise_dist_mean,catalytic_pairwise_dist_mean,struct_site,1,catalytic lesion,ala,124,2.2895,2.2029,2.524,0.7262,0.6461,0.8986,1,0,non_specific,OK
specificity,system,143,76,EC sub-subclass (stated proxy for CATH superfamily),0,1,0 of 1,one metric x level cell,1,complete,public,catalytic_polar_contacts,catalytic_polar_contacts,struct_site,1,catalytic lesion,ala,142,-3.0,-4.0,-2.0,inf,nan,nan,1,0,non_specific,OK
specificity,system,143,76,EC sub-subclass (stated proxy for CATH superfamily),0,1,0 of 1,one metric x level cell,1,complete,public,catalytic_polar_contacts_per_residue,catalytic_polar_contacts_per_residue,struct_site,0,catalytic lesion,ala,142,-0.4286,-0.5,-0.3636,inf,nan,nan,1,0,non_specific,OK
specificity,system,143,1,EC sub-subclass (stated proxy for CATH superfamily),0,1,0 of 1,one metric x level cell,1,complete,public,catalytic_polar_dist_mean,catalytic_polar_dist_mean,struct_site,0,catalytic lesion,ala,1,nan,nan,nan,nan,nan,nan,0,0,n=1 below the floor of 5,OK
specificity,system,143,1,EC sub-subclass (stated proxy for CATH superfamily),0,1,0 of 1,one metric x level cell,1,complete,public,catalytic_polar_dist_min,catalytic_polar_dist_min,struct_site,0,catalytic lesion,ala,1,nan,nan,nan,nan,nan,nan,0,0,n=1 below the floor of 5,OK
specificity,system,143,68,EC sub-subclass (stated proxy for CATH superfamily),1,1,1 of 1,one metric x level cell,1,complete,public,catalytic_radius_of_gyration,catalytic_radius_of_gyration,struct_site,1,catalytic lesion,ala,125,0.9226,0.8049,1.0624,1.7639,1.4339,2.1872,1,1,specific,OK
specificity,system,143,77,EC sub-subclass (stated proxy for CATH superfamily),0,1,0 of 1,one metric x level cell,1,complete,public,catalytic_rel_sasa_max,catalytic_rel_sasa_max,struct_site,1,catalytic lesion,ala,143,0.069,0.0522,0.0876,1.2429,0.944,1.7719,1,0,non_specific,OK
specificity,system,143,77,EC sub-subclass (stated proxy for CATH superfamily),1,1,1 of 1,one metric x level cell,1,complete,public,catalytic_rel_sasa_mean,catalytic_rel_sasa_mean,struct_site,1,catalytic lesion,ala,143,0.0568,0.0548,0.0638,2.3998,1.9296,3.0262,1,1,specific,OK
specificity,system,143,77,EC sub-subclass (stated proxy for CATH superfamily),0,1,0 of 1,one metric x level cell,1,complete,public,catalytic_sasa_mean,catalytic_sasa_mean,struct_site,0,catalytic lesion,ala,143,-1.4732,-2.2432,0.2606,1.001,0.7299,1.2935,0,0,blind,OK
specificity,system,143,77,EC sub-subclass (stated proxy for CATH superfamily),0,1,0 of 1,one metric x level cell,1,complete,public,catalytic_sasa_total,catalytic_sasa_total,struct_site,1,catalytic lesion,ala,143,-7.9819,-15.6858,1.3972,1.0955,0.7766,1.4176,0,0,blind,OK
specificity,system,143,2,EC sub-subclass (stated proxy for CATH superfamily),0,1,0 of 1,one metric x level cell,1,complete,public,propka_catalytic_pka_max,propka_catalytic_pka_max,struct_site,1,catalytic lesion,ala,2,nan,nan,nan,nan,nan,nan,0,0,n=2 below the floor of 5,OK
specificity,system,143,2,EC sub-subclass (stated proxy for CATH superfamily),0,1,0 of 1,one metric x level cell,1,complete,public,propka_catalytic_pka_mean,propka_catalytic_pka_mean,struct_site,1,catalytic lesion,ala,2,nan,nan,nan,nan,nan,nan,0,0,n=2 below the floor of 5,OK
specificity,system,143,2,EC sub-subclass (stated proxy for CATH superfamily),0,1,0 of 1,one metric x level cell,1,complete,public,propka_catalytic_pka_min,propka_catalytic_pka_min,struct_site,1,catalytic lesion,ala,2,nan,nan,nan,nan,nan,nan,0,0,n=2 below the floor of 5,OK
specificity,system,143,2,EC sub-subclass (stated proxy for CATH superfamily),0,1,0 of 1,one metric x level cell,1,complete,public,propka_catalytic_pka_range,propka_catalytic_pka_range,struct_site,1,catalytic lesion,ala,2,nan,nan,nan,nan,nan,nan,0,0,n=2 below the floor of 5,OK
specificity,system,143,2,EC sub-subclass (stated proxy for CATH superfamily),0,1,0 of 1,one metric x level cell,1,complete,public,propka_catalytic_shift_absmax,propka_catalytic_shift_absmax,struct_site,1,catalytic lesion,ala,2,nan,nan,nan,nan,nan,nan,0,0,n=2 below the floor of 5,OK
specificity,system,143,2,EC sub-subclass (stated proxy for CATH superfamily),0,1,0 of 1,one metric x level cell,1,complete,public,propka_catalytic_shift_mean,propka_catalytic_shift_mean,struct_site,1,catalytic lesion,ala,2,nan,nan,nan,nan,nan,nan,0,0,n=2 below the floor of 5,OK
specificity,system,143,77,EC sub-subclass (stated proxy for CATH superfamily),1,1,1 of 1,one metric x level cell,1,complete,public,rosetta_cat_fa_atr,rosetta_cat_fa_atr,struct_site,1,catalytic lesion,ala,143,20.223,18.5191,22.3889,1.1893,1.0354,1.4395,1,1,specific,OK
specificity,system,143,77,EC sub-subclass (stated proxy for CATH superfamily),1,1,1 of 1,one metric x level cell,1,complete,public,rosetta_cat_fa_dun,rosetta_cat_fa_dun,struct_site,1,catalytic lesion,ala,143,-20.6563,-21.9822,-19.6949,1.2924,1.0822,1.4787,1,1,specific,OK
specificity,system,143,77,EC sub-subclass (stated proxy for CATH superfamily),0,1,0 of 1,one metric x level cell,1,complete,public,rosetta_cat_fa_elec,rosetta_cat_fa_elec,struct_site,1,catalytic lesion,ala,143,5.4759,4.8592,6.7043,0.5808,0.4972,0.7605,1,0,non_specific,OK
specificity,system,143,77,EC sub-subclass (stated proxy for CATH superfamily),0,1,0 of 1,one metric x level cell,1,complete,public,rosetta_cat_fa_intra_rep,rosetta_cat_fa_intra_rep,struct_site,1,catalytic lesion,ala,143,-0.0428,-0.0479,-0.0387,1.1134,0.974,1.3449,1,0,non_specific,OK
specificity,system,143,77,EC sub-subclass (stated proxy for CATH superfamily),1,1,1 of 1,one metric x level cell,1,complete,public,rosetta_cat_fa_rep,rosetta_cat_fa_rep,struct_site,1,catalytic lesion,ala,143,-3.0713,-3.2831,-2.4042,1.2447,1.063,1.6047,1,1,specific,OK
specificity,system,143,77,EC sub-subclass (stated proxy for CATH superfamily),1,1,1 of 1,one metric x level cell,1,complete,public,rosetta_cat_fa_sol,rosetta_cat_fa_sol,struct_site,1,catalytic lesion,ala,143,-24.5216,-28.9008,-21.9337,1.1986,1.0135,1.4832,1,1,specific,OK
specificity,system,143,77,EC sub-subclass (stated proxy for CATH superfamily),0,1,0 of 1,one metric x level cell,1,complete,public,rosetta_cat_hbond_bb_sc,rosetta_cat_hbond_bb_sc,struct_site,1,catalytic lesion,ala,143,0.7242,0.4722,1.0235,0.4235,0.2832,0.6924,1,0,non_specific,OK
specificity,system,143,77,EC sub-subclass (stated proxy for CATH superfamily),0,1,0 of 1,one metric x level cell,1,complete,public,rosetta_cat_hbond_sc,rosetta_cat_hbond_sc,struct_site,1,catalytic lesion,ala,143,1.4415,1.1803,1.8472,0.7592,0.5793,1.081,1,0,non_specific,OK
specificity,system,143,77,EC sub-subclass (stated proxy for CATH superfamily),1,1,1 of 1,one metric x level cell,1,complete,public,rosetta_cat_lk_ball_wtd,rosetta_cat_lk_ball_wtd,struct_site,1,catalytic lesion,ala,143,0.5148,0.4122,0.6836,1.8474,1.272,2.5807,1,1,specific,OK
specificity,system,143,77,EC sub-subclass (stated proxy for CATH superfamily),0,1,0 of 1,one metric x level cell,1,complete,public,rosetta_cat_omega,rosetta_cat_omega,struct_site,1,catalytic lesion,ala,143,0.0,0.0,0.0,nan,nan,nan,0,0,blind,OK
specificity,system,143,77,EC sub-subclass (stated proxy for CATH superfamily),0,1,0 of 1,one metric x level cell,1,complete,public,rosetta_cat_p_aa_pp,rosetta_cat_p_aa_pp,struct_site,1,catalytic lesion,ala,143,1.3123,0.7994,1.5465,1.3736,0.8298,1.7689,1,0,non_specific,OK
specificity,system,143,77,EC sub-subclass (stated proxy for CATH superfamily),0,1,0 of 1,one metric x level cell,1,complete,public,rosetta_cat_rama_prepro,rosetta_cat_rama_prepro,struct_site,1,catalytic lesion,ala,143,0.6276,0.4502,0.797,1.3342,0.9882,1.8951,1,0,non_specific,OK
specificity,system,143,77,EC sub-subclass (stated proxy for CATH superfamily),0,1,0 of 1,one metric x level cell,1,complete,public,rosetta_cat_total,rosetta_cat_total,struct_site,1,catalytic lesion,ala,143,-4.7649,-6.4084,-2.6279,1.0598,0.8475,1.3546,1,0,non_specific,OK
specificity,system,143,77,EC sub-subclass (stated proxy for CATH superfamily),0,1,0 of 1,one metric x level cell,1,complete,public,rosetta_cat_total_mean,rosetta_cat_total_mean,struct_site,0,catalytic lesion,ala,143,-0.7691,-0.9434,-0.4849,0.8934,0.6981,1.1453,1,0,non_specific,OK
specificity,system,143,77,EC sub-subclass (stated proxy for CATH superfamily),0,1,0 of 1,one metric x level cell,1,complete,public,rosetta_cat_worst_residue,rosetta_cat_worst_residue,struct_site,1,catalytic lesion,ala,143,-1.7941,-2.5795,-1.4779,1.3447,0.9578,1.767,1,0,non_specific,OK
specificity,system,143,77,EC sub-subclass (stated proxy for CATH superfamily),1,1,1 of 1,one metric x level cell,1,complete,public,rosetta_cat_fa_atr,rosetta_catalytic_vdw_atr,struct_site,1,catalytic lesion,ala,143,20.223,18.5191,22.3889,1.1893,1.0354,1.4395,1,1,specific,OK
specificity,system,143,77,EC sub-subclass (stated proxy for CATH superfamily),0,1,0 of 1,one metric x level cell,1,complete,public,rosetta_catalytic_vdw_net,rosetta_catalytic_vdw_net,struct_site,1,catalytic lesion,ala,143,17.9303,15.9984,19.3977,1.1755,0.9654,1.3582,1,0,non_specific,OK
specificity,system,143,77,EC sub-subclass (stated proxy for CATH superfamily),1,1,1 of 1,one metric x level cell,1,complete,public,rosetta_cat_fa_rep,rosetta_catalytic_vdw_rep,struct_site,1,catalytic lesion,ala,143,-3.0713,-3.2831,-2.4042,1.2447,1.063,1.6047,1,1,specific,OK
specificity,system,143,77,EC sub-subclass (stated proxy for CATH superfamily),0,1,0 of 1,one metric x level cell,1,complete,public,rosetta_catalytic_vdw_rep_per_res,rosetta_catalytic_vdw_rep_per_res,struct_site,0,catalytic lesion,ala,143,-0.4672,-0.5539,-0.4147,1.2158,0.9565,1.4801,1,0,non_specific,OK
specificity,system,143,77,EC sub-subclass (stated proxy for CATH superfamily),1,1,1 of 1,one metric x level cell,1,complete,public,catalytic_frac_buried,catalytic_frac_buried,struct_site,1,catalytic lesion,gly,143,-0.3333,-0.375,-0.2727,2.0,1.6667,2.3333,1,1,specific,OK
specificity,system,143,76,EC sub-subclass (stated proxy for CATH superfamily),0,1,0 of 1,one metric x level cell,1,complete,public,catalytic_polar_contacts,catalytic_polar_contacts,struct_site,1,catalytic lesion,gly,142,-3.0,-4.0,-2.0,inf,nan,nan,1,0,non_specific,OK
specificity,system,143,76,EC sub-subclass (stated proxy for CATH superfamily),0,1,0 of 1,one metric x level cell,1,complete,public,catalytic_polar_contacts_per_residue,catalytic_polar_contacts_per_residue,struct_site,0,catalytic lesion,gly,142,-0.4286,-0.5,-0.3636,inf,nan,nan,1,0,non_specific,OK
specificity,system,143,1,EC sub-subclass (stated proxy for CATH superfamily),0,1,0 of 1,one metric x level cell,1,complete,public,catalytic_polar_dist_mean,catalytic_polar_dist_mean,struct_site,0,catalytic lesion,gly,1,nan,nan,nan,nan,nan,nan,0,0,n=1 below the floor of 5,OK
specificity,system,143,1,EC sub-subclass (stated proxy for CATH superfamily),0,1,0 of 1,one metric x level cell,1,complete,public,catalytic_polar_dist_min,catalytic_polar_dist_min,struct_site,0,catalytic lesion,gly,1,nan,nan,nan,nan,nan,nan,0,0,n=1 below the floor of 5,OK
specificity,system,143,77,EC sub-subclass (stated proxy for CATH superfamily),1,1,1 of 1,one metric x level cell,1,complete,public,catalytic_rel_sasa_max,catalytic_rel_sasa_max,struct_site,1,catalytic lesion,gly,143,0.1,0.0734,0.1184,1.4815,1.1607,1.9831,1,1,specific,OK
specificity,system,143,77,EC sub-subclass (stated proxy for CATH superfamily),1,1,1 of 1,one metric x level cell,1,complete,public,catalytic_rel_sasa_mean,catalytic_rel_sasa_mean,struct_site,1,catalytic lesion,gly,143,0.0797,0.0694,0.0877,2.2174,1.7141,2.6725,1,1,specific,OK
specificity,system,143,77,EC sub-subclass (stated proxy for CATH superfamily),0,1,0 of 1,one metric x level cell,1,complete,public,catalytic_sasa_mean,catalytic_sasa_mean,struct_site,0,catalytic lesion,gly,143,-3.1398,-5.2664,-0.8675,0.8879,0.6606,1.176,1,0,non_specific,OK
specificity,system,143,77,EC sub-subclass (stated proxy for CATH superfamily),0,1,0 of 1,one metric x level cell,1,complete,public,catalytic_sasa_total,catalytic_sasa_total,struct_site,1,catalytic lesion,gly,143,-15.9464,-31.8364,-6.3149,0.9774,0.7235,1.3185,1,0,non_specific,OK
specificity,system,143,2,EC sub-subclass (stated proxy for CATH superfamily),0,1,0 of 1,one metric x level cell,1,complete,public,propka_catalytic_pka_max,propka_catalytic_pka_max,struct_site,1,catalytic lesion,gly,2,nan,nan,nan,nan,nan,nan,0,0,n=2 below the floor of 5,OK
specificity,system,143,2,EC sub-subclass (stated proxy for CATH superfamily),0,1,0 of 1,one metric x level cell,1,complete,public,propka_catalytic_pka_mean,propka_catalytic_pka_mean,struct_site,1,catalytic lesion,gly,2,nan,nan,nan,nan,nan,nan,0,0,n=2 below the floor of 5,OK
specificity,system,143,2,EC sub-subclass (stated proxy for CATH superfamily),0,1,0 of 1,one metric x level cell,1,complete,public,propka_catalytic_pka_min,propka_catalytic_pka_min,struct_site,1,catalytic lesion,gly,2,nan,nan,nan,nan,nan,nan,0,0,n=2 below the floor of 5,OK
specificity,system,143,2,EC sub-subclass (stated proxy for CATH superfamily),0,1,0 of 1,one metric x level cell,1,complete,public,propka_catalytic_pka_range,propka_catalytic_pka_range,struct_site,1,catalytic lesion,gly,2,nan,nan,nan,nan,nan,nan,0,0,n=2 below the floor of 5,OK
specificity,system,143,2,EC sub-subclass (stated proxy for CATH superfamily),0,1,0 of 1,one metric x level cell,1,complete,public,propka_catalytic_shift_absmax,propka_catalytic_shift_absmax,struct_site,1,catalytic lesion,gly,2,nan,nan,nan,nan,nan,nan,0,0,n=2 below the floor of 5,OK
specificity,system,143,2,EC sub-subclass (stated proxy for CATH superfamily),0,1,0 of 1,one metric x level cell,1,complete,public,propka_catalytic_shift_mean,propka_catalytic_shift_mean,struct_site,1,catalytic lesion,gly,2,nan,nan,nan,nan,nan,nan,0,0,n=2 below the floor of 5,OK
specificity,system,143,77,EC sub-subclass (stated proxy for CATH superfamily),1,1,1 of 1,one metric x level cell,1,complete,public,rosetta_cat_fa_atr,rosetta_cat_fa_atr,struct_site,1,catalytic lesion,gly,143,26.8541,24.6899,30.8971,1.1428,1.0009,1.3755,1,1,specific,OK
specificity,system,143,77,EC sub-subclass (stated proxy for CATH superfamily),1,1,1 of 1,one metric x level cell,1,complete,public,rosetta_cat_fa_dun,rosetta_cat_fa_dun,struct_site,1,catalytic lesion,gly,143,-20.6563,-21.9822,-19.6949,1.2873,1.0675,1.4806,1,1,specific,OK
specificity,system,143,77,EC sub-subclass (stated proxy for CATH superfamily),0,1,0 of 1,one metric x level cell,1,complete,public,rosetta_cat_fa_elec,rosetta_cat_fa_elec,struct_site,1,catalytic lesion,gly,143,5.5052,4.7962,6.4076,0.5832,0.5048,0.7494,1,0,non_specific,OK
specificity,system,143,77,EC sub-subclass (stated proxy for CATH superfamily),0,1,0 of 1,one metric x level cell,1,complete,public,rosetta_cat_fa_intra_rep,rosetta_cat_fa_intra_rep,struct_site,1,catalytic lesion,gly,143,-0.0556,-0.0622,-0.0502,1.1771,0.9908,1.4059,1,0,non_specific,OK
specificity,system,143,77,EC sub-subclass (stated proxy for CATH superfamily),1,1,1 of 1,one metric x level cell,1,complete,public,rosetta_cat_fa_rep,rosetta_cat_fa_rep,struct_site,1,catalytic lesion,gly,143,-4.6257,-5.5933,-3.8162,1.2999,1.0254,1.6261,1,1,specific,OK
specificity,system,143,77,EC sub-subclass (stated proxy for CATH superfamily),0,1,0 of 1,one metric x level cell,1,complete,public,rosetta_cat_fa_sol,rosetta_cat_fa_sol,struct_site,1,catalytic lesion,gly,143,-22.6079,-25.8541,-18.9955,1.2427,0.9994,1.5156,1,0,non_specific,OK
specificity,system,143,77,EC sub-subclass (stated proxy for CATH superfamily),0,1,0 of 1,one metric x level cell,1,complete,public,rosetta_cat_hbond_bb_sc,rosetta_cat_hbond_bb_sc,struct_site,1,catalytic lesion,gly,143,0.7242,0.5189,1.019,0.4264,0.3007,0.6731,1,0,non_specific,OK
specificity,system,143,77,EC sub-subclass (stated proxy for CATH superfamily),0,1,0 of 1,one metric x level cell,1,complete,public,rosetta_cat_hbond_sc,rosetta_cat_hbond_sc,struct_site,1,catalytic lesion,gly,143,1.4391,1.1803,1.9055,0.7552,0.5798,1.1106,1,0,non_specific,OK
specificity,system,143,77,EC sub-subclass (stated proxy for CATH superfamily),1,1,1 of 1,one metric x level cell,1,complete,public,rosetta_cat_lk_ball_wtd,rosetta_cat_lk_ball_wtd,struct_site,1,catalytic lesion,gly,143,0.5159,0.3955,0.7422,1.6002,1.2054,2.2982,1,1,specific,OK
specificity,system,143,77,EC sub-subclass (stated proxy for CATH superfamily),0,1,0 of 1,one metric x level cell,1,complete,public,rosetta_cat_omega,rosetta_cat_omega,struct_site,1,catalytic lesion,gly,143,-0.0418,-0.0806,-0.0094,1.1344,0.8642,1.5766,1,0,non_specific,OK
specificity,system,143,77,EC sub-subclass (stated proxy for CATH superfamily),0,1,0 of 1,one metric x level cell,1,complete,public,rosetta_cat_p_aa_pp,rosetta_cat_p_aa_pp,struct_site,1,catalytic lesion,gly,143,3.9146,3.5542,4.327,1.0322,0.8888,1.1949,1,0,non_specific,OK
specificity,system,143,77,EC sub-subclass (stated proxy for CATH superfamily),1,1,1 of 1,one metric x level cell,1,complete,public,rosetta_cat_rama_prepro,rosetta_cat_rama_prepro,struct_site,1,catalytic lesion,gly,143,3.6529,3.2453,4.0026,1.1917,1.0327,1.4481,1,1,specific,OK
specificity,system,143,77,EC sub-subclass (stated proxy for CATH superfamily),0,1,0 of 1,one metric x level cell,1,complete,public,rosetta_cat_total,rosetta_cat_total,struct_site,1,catalytic lesion,gly,143,4.3749,2.8687,5.2394,0.4953,0.38,0.6707,1,0,non_specific,OK
specificity,system,143,77,EC sub-subclass (stated proxy for CATH superfamily),0,1,0 of 1,one metric x level cell,1,complete,public,rosetta_cat_total_mean,rosetta_cat_total_mean,struct_site,0,catalytic lesion,gly,143,0.6949,0.4378,0.9494,0.4832,0.3776,0.5836,1,0,non_specific,OK
specificity,system,143,77,EC sub-subclass (stated proxy for CATH superfamily),0,1,0 of 1,one metric x level cell,1,complete,public,rosetta_cat_worst_residue,rosetta_cat_worst_residue,struct_site,1,catalytic lesion,gly,143,-0.473,-0.9073,0.1282,0.8848,0.6395,1.1137,0,0,blind,OK
specificity,system,143,77,EC sub-subclass (stated proxy for CATH superfamily),1,1,1 of 1,one metric x level cell,1,complete,public,rosetta_cat_fa_atr,rosetta_catalytic_vdw_atr,struct_site,1,catalytic lesion,gly,143,26.8541,24.6899,30.8971,1.1428,1.0009,1.3755,1,1,specific,OK
specificity,system,143,77,EC sub-subclass (stated proxy for CATH superfamily),0,1,0 of 1,one metric x level cell,1,complete,public,rosetta_catalytic_vdw_net,rosetta_catalytic_vdw_net,struct_site,1,catalytic lesion,gly,143,21.7065,19.3784,23.2879,1.1297,0.9334,1.33,1,0,non_specific,OK
specificity,system,143,77,EC sub-subclass (stated proxy for CATH superfamily),1,1,1 of 1,one metric x level cell,1,complete,public,rosetta_cat_fa_rep,rosetta_catalytic_vdw_rep,struct_site,1,catalytic lesion,gly,143,-4.6257,-5.5933,-3.8162,1.2999,1.0254,1.6261,1,1,specific,OK
specificity,system,143,77,EC sub-subclass (stated proxy for CATH superfamily),0,1,0 of 1,one metric x level cell,1,complete,public,rosetta_catalytic_vdw_rep_per_res,rosetta_catalytic_vdw_rep_per_res,struct_site,0,catalytic lesion,gly,143,-0.7341,-0.8309,-0.6355,1.1865,0.9665,1.4011,1,0,non_specific,OK
specificity,system,143,76,EC sub-subclass (stated proxy for CATH superfamily),0,1,0 of 1,one metric x level cell,1,complete,public,catalytic_frac_buried,catalytic_frac_buried,struct_site,1,catalytic lesion,isosteric,142,0.0,0.0,0.0,nan,nan,nan,0,0,blind,OK
specificity,system,143,68,EC sub-subclass (stated proxy for CATH superfamily),0,1,0 of 1,one metric x level cell,1,complete,public,catalytic_pairwise_dist_max,catalytic_pairwise_dist_max,struct_site,1,catalytic lesion,isosteric,125,0.0,0.0,0.0,0.0,0.0,0.0657,0,0,blind,OK
specificity,system,143,68,EC sub-subclass (stated proxy for CATH superfamily),0,1,0 of 1,one metric x level cell,1,complete,public,catalytic_pairwise_dist_mean,catalytic_pairwise_dist_mean,struct_site,1,catalytic lesion,isosteric,125,0.2815,0.2447,0.3268,0.9183,0.6675,1.3942,1,0,non_specific,OK
specificity,system,143,75,EC sub-subclass (stated proxy for CATH superfamily),0,1,0 of 1,one metric x level cell,1,complete,public,catalytic_polar_contacts,catalytic_polar_contacts,struct_site,1,catalytic lesion,isosteric,141,-1.0,-2.0,-1.0,inf,nan,nan,1,0,non_specific,OK
specificity,system,143,75,EC sub-subclass (stated proxy for CATH superfamily),0,1,0 of 1,one metric x level cell,1,complete,public,catalytic_polar_contacts_per_residue,catalytic_polar_contacts_per_residue,struct_site,0,catalytic lesion,isosteric,141,-0.1818,-0.25,-0.1429,inf,nan,nan,1,0,non_specific,OK
specificity,system,143,51,EC sub-subclass (stated proxy for CATH superfamily),0,1,0 of 1,one metric x level cell,1,complete,public,catalytic_polar_dist_mean,catalytic_polar_dist_mean,struct_site,0,catalytic lesion,isosteric,82,-0.0122,-0.0529,0.0061,1.0068,0.3383,3.8754,0,0,blind,OK
specificity,system,143,51,EC sub-subclass (stated proxy for CATH superfamily),0,1,0 of 1,one metric x level cell,1,complete,public,catalytic_polar_dist_min,catalytic_polar_dist_min,struct_site,0,catalytic lesion,isosteric,82,0.014,-0.0188,0.0709,2.2966,0.3544,6.7232,0,0,blind,OK
specificity,system,143,68,EC sub-subclass (stated proxy for CATH superfamily),0,1,0 of 1,one metric x level cell,1,complete,public,catalytic_radius_of_gyration,catalytic_radius_of_gyration,struct_site,1,catalytic lesion,isosteric,125,0.1915,0.1431,0.2262,0.7581,0.5908,1.0682,1,0,non_specific,OK
specificity,system,143,76,EC sub-subclass (stated proxy for CATH superfamily),0,1,0 of 1,one metric x level cell,1,complete,public,catalytic_rel_sasa_max,catalytic_rel_sasa_max,struct_site,1,catalytic lesion,isosteric,142,0.008,0.0014,0.0131,1.5829,0.9011,2.2342,1,0,non_specific,OK
specificity,system,143,76,EC sub-subclass (stated proxy for CATH superfamily),0,1,0 of 1,one metric x level cell,1,complete,public,catalytic_rel_sasa_mean,catalytic_rel_sasa_mean,struct_site,1,catalytic lesion,isosteric,142,0.0082,0.0058,0.0106,1.2684,0.9351,1.7902,1,0,non_specific,OK
specificity,system,143,76,EC sub-subclass (stated proxy for CATH superfamily),0,1,0 of 1,one metric x level cell,1,complete,public,catalytic_sasa_mean,catalytic_sasa_mean,struct_site,0,catalytic lesion,isosteric,142,0.7796,-0.0084,1.2458,1.0486,0.8405,1.377,0,0,blind,OK
specificity,system,143,76,EC sub-subclass (stated proxy for CATH superfamily),0,1,0 of 1,one metric x level cell,1,complete,public,catalytic_sasa_total,catalytic_sasa_total,struct_site,1,catalytic lesion,isosteric,142,3.2281,-0.0586,6.2496,1.3152,0.9907,1.7615,0,0,blind,OK
specificity,system,143,44,EC sub-subclass (stated proxy for CATH superfamily),0,1,0 of 1,one metric x level cell,1,complete,public,propka_catalytic_pka_max,propka_catalytic_pka_max,struct_site,1,catalytic lesion,isosteric,63,-3.48,-4.6201,-0.92,1.3239,0.844,2.6485,1,0,non_specific,OK
specificity,system,143,44,EC sub-subclass (stated proxy for CATH superfamily),0,1,0 of 1,one metric x level cell,1,complete,public,propka_catalytic_pka_mean,propka_catalytic_pka_mean,struct_site,1,catalytic lesion,isosteric,63,1.145,0.199,2.4172,0.941,0.629,1.5743,1,0,non_specific,OK
specificity,system,143,44,EC sub-subclass (stated proxy for CATH superfamily),0,1,0 of 1,one metric x level cell,1,complete,public,propka_catalytic_pka_min,propka_catalytic_pka_min,struct_site,1,catalytic lesion,isosteric,63,3.71,3.12,5.79,1.0883,0.7705,2.0706,1,0,non_specific,OK
specificity,system,143,44,EC sub-subclass (stated proxy for CATH superfamily),0,1,0 of 1,one metric x level cell,1,complete,public,propka_catalytic_pka_range,propka_catalytic_pka_range,struct_site,1,catalytic lesion,isosteric,63,-6.97,-9.425,-5.57,1.2559,0.9077,1.9731,1,0,non_specific,OK
specificity,system,143,44,EC sub-subclass (stated proxy for CATH superfamily),0,1,0 of 1,one metric x level cell,1,complete,public,propka_catalytic_shift_absmax,propka_catalytic_shift_absmax,struct_site,1,catalytic lesion,isosteric,63,-0.83,-1.87,0.0,1.3484,0.7999,2.0432,0,0,blind,OK
specificity,system,143,44,EC sub-subclass (stated proxy for CATH superfamily),0,1,0 of 1,one metric x level cell,1,complete,public,propka_catalytic_shift_mean,propka_catalytic_shift_mean,struct_site,1,catalytic lesion,isosteric,63,2.074,1.1483,2.83,0.9522,0.6645,1.531,1,0,non_specific,OK
specificity,system,143,76,EC sub-subclass (stated proxy for CATH superfamily),0,1,0 of 1,one metric x level cell,1,complete,public,rosetta_cat_fa_atr,rosetta_cat_fa_atr,struct_site,1,catalytic lesion,isosteric,142,2.9952,1.6042,3.8734,1.0827,0.7828,1.5801,1,0,non_specific,OK
specificity,system,143,76,EC sub-subclass (stated proxy for CATH superfamily),0,1,0 of 1,one metric x level cell,1,complete,public,rosetta_cat_fa_dun,rosetta_cat_fa_dun,struct_site,1,catalytic lesion,isosteric,142,26.4008,21.1018,31.323,1.1901,0.8526,1.6526,1,0,non_specific,OK
specificity,system,143,76,EC sub-subclass (stated proxy for CATH superfamily),0,1,0 of 1,one metric x level cell,1,complete,public,rosetta_cat_fa_elec,rosetta_cat_fa_elec,struct_site,1,catalytic lesion,isosteric,142,3.8949,2.912,4.6129,0.5785,0.4772,0.7526,1,0,non_specific,OK
specificity,system,143,76,EC sub-subclass (stated proxy for CATH superfamily),0,1,0 of 1,one metric x level cell,1,complete,public,rosetta_cat_fa_intra_rep,rosetta_cat_fa_intra_rep,struct_site,1,catalytic lesion,isosteric,142,0.0805,0.069,0.1194,1.0821,0.8038,1.7854,1,0,non_specific,OK
specificity,system,143,76,EC sub-subclass (stated proxy for CATH superfamily),0,1,0 of 1,one metric x level cell,1,complete,public,rosetta_cat_fa_rep,rosetta_cat_fa_rep,struct_site,1,catalytic lesion,isosteric,142,5.9342,3.1912,8.0079,1.3769,0.7197,2.3646,1,0,non_specific,OK
specificity,system,143,76,EC sub-subclass (stated proxy for CATH superfamily),0,1,0 of 1,one metric x level cell,1,complete,public,rosetta_cat_fa_sol,rosetta_cat_fa_sol,struct_site,1,catalytic lesion,isosteric,142,-7.9036,-9.2969,-6.1672,1.315,0.9702,1.6727,1,0,non_specific,OK
specificity,system,143,76,EC sub-subclass (stated proxy for CATH superfamily),0,1,0 of 1,one metric x level cell,1,complete,public,rosetta_cat_hbond_bb_sc,rosetta_cat_hbond_bb_sc,struct_site,1,catalytic lesion,isosteric,142,0.2283,0.0011,0.3967,0.3546,0.2081,0.6322,1,0,non_specific,OK
specificity,system,143,76,EC sub-subclass (stated proxy for CATH superfamily),0,1,0 of 1,one metric x level cell,1,complete,public,rosetta_cat_hbond_sc,rosetta_cat_hbond_sc,struct_site,1,catalytic lesion,isosteric,142,0.7905,0.6044,1.0452,0.7761,0.5471,1.1892,1,0,non_specific,OK
specificity,system,143,76,EC sub-subclass (stated proxy for CATH superfamily),0,1,0 of 1,one metric x level cell,1,complete,public,rosetta_cat_lk_ball_wtd,rosetta_cat_lk_ball_wtd,struct_site,1,catalytic lesion,isosteric,142,-0.1051,-0.2628,0.0121,1.4092,0.9257,1.8967,0,0,blind,OK
specificity,system,143,76,EC sub-subclass (stated proxy for CATH superfamily),0,1,0 of 1,one metric x level cell,1,complete,public,rosetta_cat_omega,rosetta_cat_omega,struct_site,1,catalytic lesion,isosteric,142,0.0,0.0,0.0,nan,nan,nan,0,0,blind,OK
specificity,system,143,76,EC sub-subclass (stated proxy for CATH superfamily),0,1,0 of 1,one metric x level cell,1,complete,public,rosetta_cat_p_aa_pp,rosetta_cat_p_aa_pp,struct_site,1,catalytic lesion,isosteric,142,0.338,0.1889,0.4456,1.0295,0.8053,1.4645,1,0,non_specific,OK
specificity,system,143,76,EC sub-subclass (stated proxy for CATH superfamily),0,1,0 of 1,one metric x level cell,1,complete,public,rosetta_cat_rama_prepro,rosetta_cat_rama_prepro,struct_site,1,catalytic lesion,isosteric,142,0.1624,0.1022,0.2414,1.1136,0.784,1.5808,1,0,non_specific,OK
specificity,system,143,76,EC sub-subclass (stated proxy for CATH superfamily),0,1,0 of 1,one metric x level cell,1,complete,public,rosetta_cat_total,rosetta_cat_total,struct_site,1,catalytic lesion,isosteric,142,39.5539,30.4474,51.2879,0.9148,0.6664,1.3985,1,0,non_specific,OK
specificity,system,143,76,EC sub-subclass (stated proxy for CATH superfamily),0,1,0 of 1,one metric x level cell,1,complete,public,rosetta_cat_total_mean,rosetta_cat_total_mean,struct_site,0,catalytic lesion,isosteric,142,6.7483,5.0427,8.2427,0.9114,0.6233,1.254,1,0,non_specific,OK
specificity,system,143,76,EC sub-subclass (stated proxy for CATH superfamily),0,1,0 of 1,one metric x level cell,1,complete,public,rosetta_cat_worst_residue,rosetta_cat_worst_residue,struct_site,1,catalytic lesion,isosteric,142,23.1648,20.5424,24.9789,1.0209,0.7726,1.3358,1,0,non_specific,OK
specificity,system,143,76,EC sub-subclass (stated proxy for CATH superfamily),0,1,0 of 1,one metric x level cell,1,complete,public,rosetta_cat_fa_atr,rosetta_catalytic_vdw_atr,struct_site,1,catalytic lesion,isosteric,142,2.9952,1.6042,3.8734,1.0827,0.7828,1.5801,1,0,non_specific,OK
specificity,system,143,76,EC sub-subclass (stated proxy for CATH superfamily),0,1,0 of 1,one metric x level cell,1,complete,public,rosetta_catalytic_vdw_net,rosetta_catalytic_vdw_net,struct_site,1,catalytic lesion,isosteric,142,11.5906,10.1424,14.5288,1.329,0.9468,1.7158,1,0,non_specific,OK
specificity,system,143,76,EC sub-subclass (stated proxy for CATH superfamily),0,1,0 of 1,one metric x level cell,1,complete,public,rosetta_cat_fa_rep,rosetta_catalytic_vdw_rep,struct_site,1,catalytic lesion,isosteric,142,5.9342,3.1912,8.0079,1.3769,0.7197,2.3646,1,0,non_specific,OK
specificity,system,143,76,EC sub-subclass (stated proxy for CATH superfamily),0,1,0 of 1,one metric x level cell,1,complete,public,rosetta_catalytic_vdw_rep_per_res,rosetta_catalytic_vdw_rep_per_res,struct_site,0,catalytic lesion,isosteric,142,0.8967,0.4633,1.372,1.1427,0.6238,1.9183,1,0,non_specific,OK
specificity,system,143,76,EC sub-subclass (stated proxy for CATH superfamily),0,1,0 of 1,one metric x level cell,1,complete,public,catalytic_frac_buried,catalytic_frac_buried,struct_site,1,catalytic lesion,non_isosteric,142,0.0,-0.0909,0.0,1.1842,0.7273,2.5,0,0,blind,OK
specificity,system,143,68,EC sub-subclass (stated proxy for CATH superfamily),0,1,0 of 1,one metric x level cell,1,complete,public,catalytic_pairwise_dist_max,catalytic_pairwise_dist_max,struct_site,1,catalytic lesion,non_isosteric,125,0.1038,0.0,0.278,0.4056,0.2803,0.6463,0,0,blind,OK
specificity,system,143,68,EC sub-subclass (stated proxy for CATH superfamily),1,1,1 of 1,one metric x level cell,1,complete,public,catalytic_pairwise_dist_mean,catalytic_pairwise_dist_mean,struct_site,1,catalytic lesion,non_isosteric,125,0.5893,0.5027,0.6938,1.2376,1.0014,1.6866,1,1,specific,OK
specificity,system,143,75,EC sub-subclass (stated proxy for CATH superfamily),0,1,0 of 1,one metric x level cell,1,complete,public,catalytic_polar_contacts,catalytic_polar_contacts,struct_site,1,catalytic lesion,non_isosteric,141,-3.0,-4.0,-2.0,inf,nan,nan,1,0,non_specific,OK
specificity,system,143,75,EC sub-subclass (stated proxy for CATH superfamily),0,1,0 of 1,one metric x level cell,1,complete,public,catalytic_polar_contacts_per_residue,catalytic_polar_contacts_per_residue,struct_site,0,catalytic lesion,non_isosteric,141,-0.4286,-0.5,-0.3542,inf,nan,nan,1,0,non_specific,OK
specificity,system,143,3,EC sub-subclass (stated proxy for CATH superfamily),0,1,0 of 1,one metric x level cell,1,complete,public,catalytic_polar_dist_mean,catalytic_polar_dist_mean,struct_site,0,catalytic lesion,non_isosteric,3,nan,nan,nan,nan,nan,nan,0,0,n=3 below the floor of 5,OK
specificity,system,143,3,EC sub-subclass (stated proxy for CATH superfamily),0,1,0 of 1,one metric x level cell,1,complete,public,catalytic_polar_dist_min,catalytic_polar_dist_min,struct_site,0,catalytic lesion,non_isosteric,3,nan,nan,nan,nan,nan,nan,0,0,n=3 below the floor of 5,OK
specificity,system,143,68,EC sub-subclass (stated proxy for CATH superfamily),0,1,0 of 1,one metric x level cell,1,complete,public,catalytic_radius_of_gyration,catalytic_radius_of_gyration,struct_site,1,catalytic lesion,non_isosteric,125,0.448,0.3733,0.5107,1.3361,0.9503,1.6715,1,0,non_specific,OK
specificity,system,143,76,EC sub-subclass (stated proxy for CATH superfamily),0,1,0 of 1,one metric x level cell,1,complete,public,catalytic_rel_sasa_max,catalytic_rel_sasa_max,struct_site,1,catalytic lesion,non_isosteric,142,0.0072,-0.0023,0.0169,1.0018,0.7736,1.4731,0,0,blind,OK
specificity,system,143,76,EC sub-subclass (stated proxy for CATH superfamily),1,1,1 of 1,one metric x level cell,1,complete,public,catalytic_rel_sasa_mean,catalytic_rel_sasa_mean,struct_site,1,catalytic lesion,non_isosteric,142,0.0111,0.0041,0.016,1.8648,1.4956,2.3397,1,1,specific,OK
specificity,system,143,76,EC sub-subclass (stated proxy for CATH superfamily),1,1,1 of 1,one metric x level cell,1,complete,public,catalytic_sasa_mean,catalytic_sasa_mean,struct_site,0,catalytic lesion,non_isosteric,142,1.2331,0.1036,2.0807,1.4357,1.1049,1.8983,1,1,specific,OK
specificity,system,143,76,EC sub-subclass (stated proxy for CATH superfamily),1,1,1 of 1,one metric x level cell,1,complete,public,catalytic_sasa_total,catalytic_sasa_total,struct_site,1,catalytic lesion,non_isosteric,142,6.9283,0.7971,12.6918,1.4132,1.0501,2.0962,1,1,specific,OK
specificity,system,143,58,EC sub-subclass (stated proxy for CATH superfamily),0,1,0 of 1,one metric x level cell,1,complete,public,propka_catalytic_pka_max,propka_catalytic_pka_max,struct_site,1,catalytic lesion,non_isosteric,93,-5.3,-5.98,-4.84,1.1726,0.999,1.49,1,0,non_specific,OK
specificity,system,143,58,EC sub-subclass (stated proxy for CATH superfamily),0,1,0 of 1,one metric x level cell,1,complete,public,propka_catalytic_pka_mean,propka_catalytic_pka_mean,struct_site,1,catalytic lesion,non_isosteric,93,-0.7494,-1.1222,0.0053,0.9466,0.6182,1.1837,0,0,blind,OK
specificity,system,143,58,EC sub-subclass (stated proxy for CATH superfamily),0,1,0 of 1,one metric x level cell,1,complete,public,propka_catalytic_pka_min,propka_catalytic_pka_min,struct_site,1,catalytic lesion,non_isosteric,93,3.77,2.87,5.08,1.4414,0.913,1.907,1,0,non_specific,OK
specificity,system,143,58,EC sub-subclass (stated proxy for CATH superfamily),0,1,0 of 1,one metric x level cell,1,complete,public,propka_catalytic_pka_range,propka_catalytic_pka_range,struct_site,1,catalytic lesion,non_isosteric,93,-9.48,-10.89,-7.98,1.2232,0.9779,1.6256,1,0,non_specific,OK
specificity,system,143,58,EC sub-subclass (stated proxy for CATH superfamily),0,1,0 of 1,one metric x level cell,1,complete,public,propka_catalytic_shift_absmax,propka_catalytic_shift_absmax,struct_site,1,catalytic lesion,non_isosteric,93,-0.7,-1.48,-0.05,1.3403,0.9576,2.1429,1,0,non_specific,OK
specificity,system,143,58,EC sub-subclass (stated proxy for CATH superfamily),0,1,0 of 1,one metric x level cell,1,complete,public,propka_catalytic_shift_mean,propka_catalytic_shift_mean,struct_site,1,catalytic lesion,non_isosteric,93,1.7667,0.51,2.2897,1.2097,0.9621,1.6559,1,0,non_specific,OK
specificity,system,143,76,EC sub-subclass (stated proxy for CATH superfamily),0,1,0 of 1,one metric x level cell,1,complete,public,rosetta_cat_fa_atr,rosetta_cat_fa_atr,struct_site,1,catalytic lesion,non_isosteric,142,-1.9216,-3.0254,-0.9619,1.1065,0.85,1.4939,1,0,non_specific,OK
specificity,system,143,76,EC sub-subclass (stated proxy for CATH superfamily),0,1,0 of 1,one metric x level cell,1,complete,public,rosetta_cat_fa_dun,rosetta_cat_fa_dun,struct_site,1,catalytic lesion,non_isosteric,142,88.488,77.7997,101.6019,1.0137,0.8559,1.2363,1,0,non_specific,OK
specificity,system,143,76,EC sub-subclass (stated proxy for CATH superfamily),0,1,0 of 1,one metric x level cell,1,complete,public,rosetta_cat_fa_elec,rosetta_cat_fa_elec,struct_site,1,catalytic lesion,non_isosteric,142,5.2109,4.3739,6.5771,0.5533,0.4463,0.7224,1,0,non_specific,OK
specificity,system,143,76,EC sub-subclass (stated proxy for CATH superfamily),0,1,0 of 1,one metric x level cell,1,complete,public,rosetta_cat_fa_intra_rep,rosetta_cat_fa_intra_rep,struct_site,1,catalytic lesion,non_isosteric,142,5.0152,4.079,6.7424,1.1501,0.8607,1.6709,1,0,non_specific,OK
specificity,system,143,76,EC sub-subclass (stated proxy for CATH superfamily),0,1,0 of 1,one metric x level cell,1,complete,public,rosetta_cat_fa_rep,rosetta_cat_fa_rep,struct_site,1,catalytic lesion,non_isosteric,142,313.1437,250.7075,367.4348,1.1559,0.882,1.5112,1,0,non_specific,OK
specificity,system,143,76,EC sub-subclass (stated proxy for CATH superfamily),1,1,1 of 1,one metric x level cell,1,complete,public,rosetta_cat_fa_sol,rosetta_cat_fa_sol,struct_site,1,catalytic lesion,non_isosteric,142,-17.6347,-20.4254,-15.0365,1.3201,1.0708,1.5999,1,1,specific,OK
specificity,system,143,76,EC sub-subclass (stated proxy for CATH superfamily),0,1,0 of 1,one metric x level cell,1,complete,public,rosetta_cat_hbond_bb_sc,rosetta_cat_hbond_bb_sc,struct_site,1,catalytic lesion,non_isosteric,142,0.8876,0.6122,1.1114,0.5079,0.3441,0.6868,1,0,non_specific,OK
specificity,system,143,76,EC sub-subclass (stated proxy for CATH superfamily),0,1,0 of 1,one metric x level cell,1,complete,public,rosetta_cat_hbond_sc,rosetta_cat_hbond_sc,struct_site,1,catalytic lesion,non_isosteric,142,1.5047,1.1749,1.893,0.7944,0.548,1.1416,1,0,non_specific,OK
specificity,system,143,76,EC sub-subclass (stated proxy for CATH superfamily),1,1,1 of 1,one metric x level cell,1,complete,public,rosetta_cat_lk_ball_wtd,rosetta_cat_lk_ball_wtd,struct_site,1,catalytic lesion,non_isosteric,142,0.311,0.1127,0.4588,1.2473,1.0328,1.5223,1,1,specific,OK
specificity,system,143,76,EC sub-subclass (stated proxy for CATH superfamily),0,1,0 of 1,one metric x level cell,1,complete,public,rosetta_cat_omega,rosetta_cat_omega,struct_site,1,catalytic lesion,non_isosteric,142,0.0,0.0,0.0,nan,nan,nan,0,0,invariant,OK
specificity,system,143,76,EC sub-subclass (stated proxy for CATH superfamily),0,1,0 of 1,one metric x level cell,1,complete,public,rosetta_cat_p_aa_pp,rosetta_cat_p_aa_pp,struct_site,1,catalytic lesion,non_isosteric,142,0.1386,-0.1308,0.436,1.4257,1.1217,1.831,0,0,blind,OK
specificity,system,143,76,EC sub-subclass (stated proxy for CATH superfamily),0,1,0 of 1,one metric x level cell,1,complete,public,rosetta_cat_rama_prepro,rosetta_cat_rama_prepro,struct_site,1,catalytic lesion,non_isosteric,142,0.2199,0.1129,0.322,1.1947,0.9106,1.6251,1,0,non_specific,OK
specificity,system,143,76,EC sub-subclass (stated proxy for CATH superfamily),0,1,0 of 1,one metric x level cell,1,complete,public,rosetta_cat_total,rosetta_cat_total,struct_site,1,catalytic lesion,non_isosteric,142,435.6006,335.2929,484.9157,1.1268,0.8744,1.401,1,0,non_specific,OK
specificity,system,143,76,EC sub-subclass (stated proxy for CATH superfamily),0,1,0 of 1,one metric x level cell,1,complete,public,rosetta_cat_total_mean,rosetta_cat_total_mean,struct_site,0,catalytic lesion,non_isosteric,142,64.134,55.2212,81.5762,1.0523,0.8103,1.335,1,0,non_specific,OK
specificity,system,143,76,EC sub-subclass (stated proxy for CATH superfamily),0,1,0 of 1,one metric x level cell,1,complete,public,rosetta_cat_worst_residue,rosetta_cat_worst_residue,struct_site,1,catalytic lesion,non_isosteric,142,164.7745,123.7562,212.3457,0.9642,0.6699,1.482,1,0,non_specific,OK
specificity,system,143,76,EC sub-subclass (stated proxy for CATH superfamily),0,1,0 of 1,one metric x level cell,1,complete,public,rosetta_cat_fa_atr,rosetta_catalytic_vdw_atr,struct_site,1,catalytic lesion,non_isosteric,142,-1.9216,-3.0254,-0.9619,1.1065,0.85,1.4939,1,0,non_specific,OK
specificity,system,143,76,EC sub-subclass (stated proxy for CATH superfamily),0,1,0 of 1,one metric x level cell,1,complete,public,rosetta_catalytic_vdw_net,rosetta_catalytic_vdw_net,struct_site,1,catalytic lesion,non_isosteric,142,314.2963,250.7275,362.6022,1.1596,0.8861,1.4991,1,0,non_specific,OK
specificity,system,143,76,EC sub-subclass (stated proxy for CATH superfamily),0,1,0 of 1,one metric x level cell,1,complete,public,rosetta_cat_fa_rep,rosetta_catalytic_vdw_rep,struct_site,1,catalytic lesion,non_isosteric,142,313.1437,250.7075,367.4348,1.1559,0.882,1.5112,1,0,non_specific,OK
specificity,system,143,76,EC sub-subclass (stated proxy for CATH superfamily),0,1,0 of 1,one metric x level cell,1,complete,public,rosetta_catalytic_vdw_rep_per_res,rosetta_catalytic_vdw_rep_per_res,struct_site,0,catalytic lesion,non_isosteric,142,46.0881,40.1832,55.2403,1.0339,0.8026,1.355,1,0,non_specific,OK
specificity,system,143,76,EC sub-subclass (stated proxy for CATH superfamily),0,1,0 of 1,one metric x level cell,1,complete,public,catalytic_frac_buried,catalytic_frac_buried,struct_site,1,second-shell lesion,second_shell_1,141,0.0,0.0,0.0,nan,nan,nan,0,0,blind,OK
specificity,system,143,67,EC sub-subclass (stated proxy for CATH superfamily),0,1,0 of 1,one metric x level cell,1,complete,public,catalytic_pairwise_dist_max,catalytic_pairwise_dist_max,struct_site,1,second-shell lesion,second_shell_1,123,0.0,0.0,0.0,nan,nan,nan,0,0,blind,OK
specificity,system,143,67,EC sub-subclass (stated proxy for CATH superfamily),0,1,0 of 1,one metric x level cell,1,complete,public,catalytic_pairwise_dist_mean,catalytic_pairwise_dist_mean,struct_site,1,second-shell lesion,second_shell_1,123,0.0,0.0,0.0,inf,nan,nan,0,0,blind,OK
specificity,system,143,76,EC sub-subclass (stated proxy for CATH superfamily),0,1,0 of 1,one metric x level cell,1,complete,public,catalytic_polar_contacts,catalytic_polar_contacts,struct_site,1,second-shell lesion,second_shell_1,141,0.0,0.0,0.0,nan,nan,nan,0,0,blind,OK
specificity,system,143,76,EC sub-subclass (stated proxy for CATH superfamily),0,1,0 of 1,one metric x level cell,1,complete,public,catalytic_polar_contacts_per_residue,catalytic_polar_contacts_per_residue,struct_site,0,second-shell lesion,second_shell_1,141,0.0,0.0,0.0,nan,nan,nan,0,0,blind,OK
specificity,system,143,65,EC sub-subclass (stated proxy for CATH superfamily),0,1,0 of 1,one metric x level cell,1,complete,public,catalytic_polar_dist_mean,catalytic_polar_dist_mean,struct_site,0,second-shell lesion,second_shell_1,113,0.0,0.0,0.0,nan,nan,nan,0,0,blind,OK
specificity,system,143,65,EC sub-subclass (stated proxy for CATH superfamily),0,1,0 of 1,one metric x level cell,1,complete,public,catalytic_polar_dist_min,catalytic_polar_dist_min,struct_site,0,second-shell lesion,second_shell_1,113,0.0,0.0,0.0,nan,nan,nan,0,0,blind,OK
specificity,system,143,67,EC sub-subclass (stated proxy for CATH superfamily),0,1,0 of 1,one metric x level cell,1,complete,public,catalytic_radius_of_gyration,catalytic_radius_of_gyration,struct_site,1,second-shell lesion,second_shell_1,123,0.0,0.0,0.0,inf,nan,nan,0,0,blind,OK
specificity,system,143,76,EC sub-subclass (stated proxy for CATH superfamily),0,1,0 of 1,one metric x level cell,1,complete,public,catalytic_rel_sasa_max,catalytic_rel_sasa_max,struct_site,1,second-shell lesion,second_shell_1,141,0.0,0.0,0.0,nan,nan,nan,0,0,blind,OK
specificity,system,143,76,EC sub-subclass (stated proxy for CATH superfamily),0,1,0 of 1,one metric x level cell,1,complete,public,catalytic_rel_sasa_mean,catalytic_rel_sasa_mean,struct_site,1,second-shell lesion,second_shell_1,141,0.0,-0.0,0.0,inf,nan,nan,0,0,blind,OK
specificity,system,143,76,EC sub-subclass (stated proxy for CATH superfamily),0,1,0 of 1,one metric x level cell,1,complete,public,catalytic_sasa_mean,catalytic_sasa_mean,struct_site,0,second-shell lesion,second_shell_1,141,0.0,-0.0013,0.0,inf,nan,nan,0,0,blind,OK
specificity,system,143,76,EC sub-subclass (stated proxy for CATH superfamily),0,1,0 of 1,one metric x level cell,1,complete,public,catalytic_sasa_total,catalytic_sasa_total,struct_site,1,second-shell lesion,second_shell_1,141,0.0,-0.0107,0.0,inf,nan,nan,0,0,blind,OK
specificity,system,143,75,EC sub-subclass (stated proxy for CATH superfamily),0,1,0 of 1,one metric x level cell,1,complete,public,propka_catalytic_pka_max,propka_catalytic_pka_max,struct_site,1,second-shell lesion,second_shell_1,138,0.0,0.0,0.0,inf,nan,nan,0,0,blind,OK
specificity,system,143,75,EC sub-subclass (stated proxy for CATH superfamily),0,1,0 of 1,one metric x level cell,1,complete,public,propka_catalytic_pka_mean,propka_catalytic_pka_mean,struct_site,1,second-shell lesion,second_shell_1,138,0.0,-0.0033,0.0,inf,3.025,17.1429,0,0,blind,OK
specificity,system,143,75,EC sub-subclass (stated proxy for CATH superfamily),0,1,0 of 1,one metric x level cell,1,complete,public,propka_catalytic_pka_min,propka_catalytic_pka_min,struct_site,1,second-shell lesion,second_shell_1,138,0.0,0.0,0.0,inf,nan,nan,0,0,blind,OK
specificity,system,143,75,EC sub-subclass (stated proxy for CATH superfamily),0,1,0 of 1,one metric x level cell,1,complete,public,propka_catalytic_pka_range,propka_catalytic_pka_range,struct_site,1,second-shell lesion,second_shell_1,138,0.0,0.0,0.0,inf,nan,nan,0,0,blind,OK
specificity,system,143,75,EC sub-subclass (stated proxy for CATH superfamily),0,1,0 of 1,one metric x level cell,1,complete,public,propka_catalytic_shift_absmax,propka_catalytic_shift_absmax,struct_site,1,second-shell lesion,second_shell_1,138,0.0,0.0,0.0,inf,nan,nan,0,0,blind,OK
specificity,system,143,75,EC sub-subclass (stated proxy for CATH superfamily),0,1,0 of 1,one metric x level cell,1,complete,public,propka_catalytic_shift_mean,propka_catalytic_shift_mean,struct_site,1,second-shell lesion,second_shell_1,138,0.0,-0.0033,0.0,inf,3.025,17.1429,0,0,blind,OK
specificity,system,143,76,EC sub-subclass (stated proxy for CATH superfamily),0,1,0 of 1,one metric x level cell,1,complete,public,rosetta_cat_fa_atr,rosetta_cat_fa_atr,struct_site,1,second-shell lesion,second_shell_1,141,-0.0018,-0.0159,0.0,27.1694,5.4748,1649.2331,0,0,blind,OK
specificity,system,143,76,EC sub-subclass (stated proxy for CATH superfamily),0,1,0 of 1,one metric x level cell,1,complete,public,rosetta_cat_fa_dun,rosetta_cat_fa_dun,struct_site,1,second-shell lesion,second_shell_1,141,0.0,0.0,0.0,inf,nan,nan,0,0,blind,OK
specificity,system,143,76,EC sub-subclass (stated proxy for CATH superfamily),0,1,0 of 1,one metric x level cell,1,complete,public,rosetta_cat_fa_elec,rosetta_cat_fa_elec,struct_site,1,second-shell lesion,second_shell_1,141,0.0,-0.0015,0.0034,21.8746,5.6107,927.9862,0,0,blind,OK
specificity,system,143,76,EC sub-subclass (stated proxy for CATH superfamily),0,1,0 of 1,one metric x level cell,1,complete,public,rosetta_cat_fa_intra_rep,rosetta_cat_fa_intra_rep,struct_site,1,second-shell lesion,second_shell_1,141,0.0,0.0,0.0,inf,nan,nan,0,0,blind,OK
specificity,system,143,76,EC sub-subclass (stated proxy for CATH superfamily),0,1,0 of 1,one metric x level cell,1,complete,public,rosetta_cat_fa_rep,rosetta_cat_fa_rep,struct_site,1,second-shell lesion,second_shell_1,141,0.0,0.0,0.0005,inf,29.897,90455.3793,0,0,blind,OK
specificity,system,143,76,EC sub-subclass (stated proxy for CATH superfamily),0,1,0 of 1,one metric x level cell,1,complete,public,rosetta_cat_fa_sol,rosetta_cat_fa_sol,struct_site,1,second-shell lesion,second_shell_1,141,0.0,-0.0007,0.0022,140.1559,10.2074,38768.1512,0,0,blind,OK
specificity,system,143,76,EC sub-subclass (stated proxy for CATH superfamily),0,1,0 of 1,one metric x level cell,1,complete,public,rosetta_cat_hbond_bb_sc,rosetta_cat_hbond_bb_sc,struct_site,1,second-shell lesion,second_shell_1,141,0.0,0.0,0.0,nan,nan,nan,0,0,blind,OK
specificity,system,143,76,EC sub-subclass (stated proxy for CATH superfamily),0,1,0 of 1,one metric x level cell,1,complete,public,rosetta_cat_hbond_sc,rosetta_cat_hbond_sc,struct_site,1,second-shell lesion,second_shell_1,141,0.0,0.0,0.0,nan,nan,nan,0,0,blind,OK
specificity,system,143,76,EC sub-subclass (stated proxy for CATH superfamily),0,1,0 of 1,one metric x level cell,1,complete,public,rosetta_cat_lk_ball_wtd,rosetta_cat_lk_ball_wtd,struct_site,1,second-shell lesion,second_shell_1,141,0.0,-0.0003,0.0013,94.3075,7.0113,89797.3024,0,0,blind,OK
specificity,system,143,76,EC sub-subclass (stated proxy for CATH superfamily),0,1,0 of 1,one metric x level cell,1,complete,public,rosetta_cat_omega,rosetta_cat_omega,struct_site,1,second-shell lesion,second_shell_1,141,0.0,0.0,0.0,nan,nan,nan,0,0,invariant,OK
specificity,system,143,76,EC sub-subclass (stated proxy for CATH superfamily),0,1,0 of 1,one metric x level cell,1,complete,public,rosetta_cat_p_aa_pp,rosetta_cat_p_aa_pp,struct_site,1,second-shell lesion,second_shell_1,141,0.0,0.0,0.0,nan,nan,nan,0,0,invariant,OK
specificity,system,143,76,EC sub-subclass (stated proxy for CATH superfamily),0,1,0 of 1,one metric x level cell,1,complete,public,rosetta_cat_rama_prepro,rosetta_cat_rama_prepro,struct_site,1,second-shell lesion,second_shell_1,141,0.0,0.0,0.0,nan,nan,nan,0,0,invariant,OK
specificity,system,143,76,EC sub-subclass (stated proxy for CATH superfamily),0,1,0 of 1,one metric x level cell,1,complete,public,rosetta_cat_total,rosetta_cat_total,struct_site,1,second-shell lesion,second_shell_1,141,0.0,-0.017,0.0016,41.0337,7.8752,1575.5931,0,0,blind,OK
specificity,system,143,76,EC sub-subclass (stated proxy for CATH superfamily),0,1,0 of 1,one metric x level cell,1,complete,public,rosetta_cat_total_mean,rosetta_cat_total_mean,struct_site,0,second-shell lesion,second_shell_1,141,0.0,-0.0025,0.0004,42.2424,5.4024,1883.7237,0,0,blind,OK
specificity,system,143,76,EC sub-subclass (stated proxy for CATH superfamily),0,1,0 of 1,one metric x level cell,1,complete,public,rosetta_cat_worst_residue,rosetta_cat_worst_residue,struct_site,1,second-shell lesion,second_shell_1,141,0.0,0.0,0.0,inf,nan,nan,0,0,blind,OK
specificity,system,143,76,EC sub-subclass (stated proxy for CATH superfamily),0,1,0 of 1,one metric x level cell,1,complete,public,rosetta_cat_fa_atr,rosetta_catalytic_vdw_atr,struct_site,1,second-shell lesion,second_shell_1,141,-0.0018,-0.0159,0.0,27.1694,5.4748,1649.2331,0,0,blind,OK
specificity,system,143,76,EC sub-subclass (stated proxy for CATH superfamily),0,1,0 of 1,one metric x level cell,1,complete,public,rosetta_catalytic_vdw_net,rosetta_catalytic_vdw_net,struct_site,1,second-shell lesion,second_shell_1,141,-0.0001,-0.0077,0.0008,32.2943,3.9692,1484.3647,0,0,blind,OK
specificity,system,143,76,EC sub-subclass (stated proxy for CATH superfamily),0,1,0 of 1,one metric x level cell,1,complete,public,rosetta_cat_fa_rep,rosetta_catalytic_vdw_rep,struct_site,1,second-shell lesion,second_shell_1,141,0.0,0.0,0.0005,inf,29.897,90455.3793,0,0,blind,OK
specificity,system,143,76,EC sub-subclass (stated proxy for CATH superfamily),0,1,0 of 1,one metric x level cell,1,complete,public,rosetta_catalytic_vdw_rep_per_res,rosetta_catalytic_vdw_rep_per_res,struct_site,0,second-shell lesion,second_shell_1,141,0.0,0.0,0.0001,inf,29.1955,173338.0102,0,0,blind,OK
specificity,system,143,76,EC sub-subclass (stated proxy for CATH superfamily),0,1,0 of 1,one metric x level cell,1,complete,public,catalytic_frac_buried,catalytic_frac_buried,struct_site,1,second-shell lesion,second_shell_2,139,0.0,0.0,0.0,nan,nan,nan,0,0,blind,OK
specificity,system,143,67,EC sub-subclass (stated proxy for CATH superfamily),0,1,0 of 1,one metric x level cell,1,complete,public,catalytic_pairwise_dist_max,catalytic_pairwise_dist_max,struct_site,1,second-shell lesion,second_shell_2,121,0.0,0.0,0.0,nan,nan,nan,0,0,blind,OK
specificity,system,143,67,EC sub-subclass (stated proxy for CATH superfamily),0,1,0 of 1,one metric x level cell,1,complete,public,catalytic_pairwise_dist_mean,catalytic_pairwise_dist_mean,struct_site,1,second-shell lesion,second_shell_2,121,0.0,0.0,0.0,inf,5.0777,1525.3769,0,0,blind,OK
specificity,system,143,76,EC sub-subclass (stated proxy for CATH superfamily),0,1,0 of 1,one metric x level cell,1,complete,public,catalytic_polar_contacts,catalytic_polar_contacts,struct_site,1,second-shell lesion,second_shell_2,139,0.0,0.0,0.0,nan,nan,nan,0,0,blind,OK
specificity,system,143,76,EC sub-subclass (stated proxy for CATH superfamily),0,1,0 of 1,one metric x level cell,1,complete,public,catalytic_polar_contacts_per_residue,catalytic_polar_contacts_per_residue,struct_site,0,second-shell lesion,second_shell_2,139,0.0,0.0,0.0,nan,nan,nan,0,0,blind,OK
specificity,system,143,65,EC sub-subclass (stated proxy for CATH superfamily),0,1,0 of 1,one metric x level cell,1,complete,public,catalytic_polar_dist_mean,catalytic_polar_dist_mean,struct_site,0,second-shell lesion,second_shell_2,110,0.0,0.0,0.0,inf,nan,nan,0,0,blind,OK
specificity,system,143,65,EC sub-subclass (stated proxy for CATH superfamily),0,1,0 of 1,one metric x level cell,1,complete,public,catalytic_polar_dist_min,catalytic_polar_dist_min,struct_site,0,second-shell lesion,second_shell_2,110,0.0,0.0,0.0,nan,nan,nan,0,0,blind,OK
specificity,system,143,67,EC sub-subclass (stated proxy for CATH superfamily),0,1,0 of 1,one metric x level cell,1,complete,public,catalytic_radius_of_gyration,catalytic_radius_of_gyration,struct_site,1,second-shell lesion,second_shell_2,121,0.0,0.0,0.0,inf,3.9502,828.3307,0,0,blind,OK
specificity,system,143,76,EC sub-subclass (stated proxy for CATH superfamily),0,1,0 of 1,one metric x level cell,1,complete,public,catalytic_rel_sasa_max,catalytic_rel_sasa_max,struct_site,1,second-shell lesion,second_shell_2,139,0.0,0.0,0.0,inf,nan,nan,0,0,blind,OK
specificity,system,143,76,EC sub-subclass (stated proxy for CATH superfamily),0,1,0 of 1,one metric x level cell,1,complete,public,catalytic_rel_sasa_mean,catalytic_rel_sasa_mean,struct_site,1,second-shell lesion,second_shell_2,139,0.0,-0.0,0.0,11.5061,5.3366,55.4603,0,0,blind,OK
specificity,system,143,76,EC sub-subclass (stated proxy for CATH superfamily),0,1,0 of 1,one metric x level cell,1,complete,public,catalytic_sasa_mean,catalytic_sasa_mean,struct_site,0,second-shell lesion,second_shell_2,139,0.0,-0.0125,0.0,9.7724,4.9991,42.4036,0,0,blind,OK
specificity,system,143,76,EC sub-subclass (stated proxy for CATH superfamily),0,1,0 of 1,one metric x level cell,1,complete,public,catalytic_sasa_total,catalytic_sasa_total,struct_site,1,second-shell lesion,second_shell_2,139,0.0,-0.0665,0.0,11.1702,5.2142,53.1687,0,0,blind,OK
specificity,system,143,75,EC sub-subclass (stated proxy for CATH superfamily),0,1,0 of 1,one metric x level cell,1,complete,public,propka_catalytic_pka_max,propka_catalytic_pka_max,struct_site,1,second-shell lesion,second_shell_2,136,0.0,0.0,0.0,inf,nan,nan,0,0,blind,OK
specificity,system,143,75,EC sub-subclass (stated proxy for CATH superfamily),0,1,0 of 1,one metric x level cell,1,complete,public,propka_catalytic_pka_mean,propka_catalytic_pka_mean,struct_site,1,second-shell lesion,second_shell_2,136,-0.0019,-0.0081,0.0,7.75,3.6667,16.0063,0,0,blind,OK
specificity,system,143,75,EC sub-subclass (stated proxy for CATH superfamily),0,1,0 of 1,one metric x level cell,1,complete,public,propka_catalytic_pka_min,propka_catalytic_pka_min,struct_site,1,second-shell lesion,second_shell_2,136,0.0,0.0,0.0,inf,1.0,4.0,0,0,blind,OK
specificity,system,143,75,EC sub-subclass (stated proxy for CATH superfamily),0,1,0 of 1,one metric x level cell,1,complete,public,propka_catalytic_pka_range,propka_catalytic_pka_range,struct_site,1,second-shell lesion,second_shell_2,136,0.0,-0.01,0.0,3.5,3.0,9.0,0,0,blind,OK
specificity,system,143,75,EC sub-subclass (stated proxy for CATH superfamily),0,1,0 of 1,one metric x level cell,1,complete,public,propka_catalytic_shift_absmax,propka_catalytic_shift_absmax,struct_site,1,second-shell lesion,second_shell_2,136,0.0,0.0,0.0,inf,1.5,4.0,0,0,blind,OK
specificity,system,143,75,EC sub-subclass (stated proxy for CATH superfamily),0,1,0 of 1,one metric x level cell,1,complete,public,propka_catalytic_shift_mean,propka_catalytic_shift_mean,struct_site,1,second-shell lesion,second_shell_2,136,-0.0019,-0.0081,0.0,7.75,3.6667,16.0063,0,0,blind,OK
specificity,system,143,76,EC sub-subclass (stated proxy for CATH superfamily),0,1,0 of 1,one metric x level cell,1,complete,public,rosetta_cat_fa_atr,rosetta_cat_fa_atr,struct_site,1,second-shell lesion,second_shell_2,139,-0.0036,-0.0371,0.0017,3.3203,1.9881,9.2402,0,0,blind,OK
specificity,system,143,76,EC sub-subclass (stated proxy for CATH superfamily),0,1,0 of 1,one metric x level cell,1,complete,public,rosetta_cat_fa_dun,rosetta_cat_fa_dun,struct_site,1,second-shell lesion,second_shell_2,139,0.0,0.0,0.0001,inf,16.6907,26228.3565,0,0,blind,OK
specificity,system,143,76,EC sub-subclass (stated proxy for CATH superfamily),0,1,0 of 1,one metric x level cell,1,complete,public,rosetta_cat_fa_elec,rosetta_cat_fa_elec,struct_site,1,second-shell lesion,second_shell_2,139,-0.0007,-0.028,0.0166,6.9771,2.3399,17.0782,0,0,blind,OK
specificity,system,143,76,EC sub-subclass (stated proxy for CATH superfamily),0,1,0 of 1,one metric x level cell,1,complete,public,rosetta_cat_fa_intra_rep,rosetta_cat_fa_intra_rep,struct_site,1,second-shell lesion,second_shell_2,139,0.0,0.0,0.0,inf,10.2086,553.6137,0,0,blind,OK
specificity,system,143,76,EC sub-subclass (stated proxy for CATH superfamily),0,1,0 of 1,one metric x level cell,1,complete,public,rosetta_cat_fa_rep,rosetta_cat_fa_rep,struct_site,1,second-shell lesion,second_shell_2,139,0.0,-0.0002,0.0255,6.235,2.3424,55.9655,0,0,blind,OK
specificity,system,143,76,EC sub-subclass (stated proxy for CATH superfamily),0,1,0 of 1,one metric x level cell,1,complete,public,rosetta_cat_fa_sol,rosetta_cat_fa_sol,struct_site,1,second-shell lesion,second_shell_2,139,0.0,-0.0147,0.0184,4.6388,2.3936,13.1702,0,0,blind,OK
specificity,system,143,76,EC sub-subclass (stated proxy for CATH superfamily),0,1,0 of 1,one metric x level cell,1,complete,public,rosetta_cat_hbond_bb_sc,rosetta_cat_hbond_bb_sc,struct_site,1,second-shell lesion,second_shell_2,139,0.0,0.0,0.0,inf,nan,nan,0,0,blind,OK
specificity,system,143,76,EC sub-subclass (stated proxy for CATH superfamily),0,1,0 of 1,one metric x level cell,1,complete,public,rosetta_cat_hbond_sc,rosetta_cat_hbond_sc,struct_site,1,second-shell lesion,second_shell_2,139,0.0,0.0,0.0,inf,nan,nan,0,0,blind,OK
specificity,system,143,76,EC sub-subclass (stated proxy for CATH superfamily),0,1,0 of 1,one metric x level cell,1,complete,public,rosetta_cat_lk_ball_wtd,rosetta_cat_lk_ball_wtd,struct_site,1,second-shell lesion,second_shell_2,139,0.0,-0.0022,0.0041,5.646,2.4635,24.8809,0,0,blind,OK
specificity,system,143,76,EC sub-subclass (stated proxy for CATH superfamily),0,1,0 of 1,one metric x level cell,1,complete,public,rosetta_cat_omega,rosetta_cat_omega,struct_site,1,second-shell lesion,second_shell_2,139,0.0,0.0,0.0,nan,nan,nan,0,0,invariant,OK
specificity,system,143,76,EC sub-subclass (stated proxy for CATH superfamily),0,1,0 of 1,one metric x level cell,1,complete,public,rosetta_cat_p_aa_pp,rosetta_cat_p_aa_pp,struct_site,1,second-shell lesion,second_shell_2,139,0.0,0.0,0.0,nan,nan,nan,0,0,invariant,OK
specificity,system,143,76,EC sub-subclass (stated proxy for CATH superfamily),0,1,0 of 1,one metric x level cell,1,complete,public,rosetta_cat_rama_prepro,rosetta_cat_rama_prepro,struct_site,1,second-shell lesion,second_shell_2,139,0.0,0.0,0.0,nan,nan,nan,0,0,invariant,OK
specificity,system,143,76,EC sub-subclass (stated proxy for CATH superfamily),0,1,0 of 1,one metric x level cell,1,complete,public,rosetta_cat_total,rosetta_cat_total,struct_site,1,second-shell lesion,second_shell_2,139,-0.0049,-0.0501,0.027,7.2725,1.9943,17.1238,0,0,blind,OK
specificity,system,143,76,EC sub-subclass (stated proxy for CATH superfamily),0,1,0 of 1,one metric x level cell,1,complete,public,rosetta_cat_total_mean,rosetta_cat_total_mean,struct_site,0,second-shell lesion,second_shell_2,139,-0.0006,-0.008,0.005,7.7704,2.2555,14.9029,0,0,blind,OK
specificity,system,143,76,EC sub-subclass (stated proxy for CATH superfamily),0,1,0 of 1,one metric x level cell,1,complete,public,rosetta_cat_worst_residue,rosetta_cat_worst_residue,struct_site,1,second-shell lesion,second_shell_2,139,0.0,-0.0018,0.0,29.1686,4.9715,3892.1307,0,0,blind,OK
specificity,system,143,76,EC sub-subclass (stated proxy for CATH superfamily),0,1,0 of 1,one metric x level cell,1,complete,public,rosetta_cat_fa_atr,rosetta_catalytic_vdw_atr,struct_site,1,second-shell lesion,second_shell_2,139,-0.0036,-0.0371,0.0017,3.3203,1.9881,9.2402,0,0,blind,OK
specificity,system,143,76,EC sub-subclass (stated proxy for CATH superfamily),0,1,0 of 1,one metric x level cell,1,complete,public,rosetta_catalytic_vdw_net,rosetta_catalytic_vdw_net,struct_site,1,second-shell lesion,second_shell_2,139,-0.0,-0.0262,0.0165,5.8097,2.2244,16.2103,0,0,blind,OK
specificity,system,143,76,EC sub-subclass (stated proxy for CATH superfamily),0,1,0 of 1,one metric x level cell,1,complete,public,rosetta_cat_fa_rep,rosetta_catalytic_vdw_rep,struct_site,1,second-shell lesion,second_shell_2,139,0.0,-0.0002,0.0255,6.235,2.3424,55.9655,0,0,blind,OK
specificity,system,143,76,EC sub-subclass (stated proxy for CATH superfamily),0,1,0 of 1,one metric x level cell,1,complete,public,rosetta_catalytic_vdw_rep_per_res,rosetta_catalytic_vdw_rep_per_res,struct_site,0,second-shell lesion,second_shell_2,139,0.0,-0.0,0.0039,9.014,2.4479,72.2818,0,0,blind,OK
specificity,system,143,71,EC sub-subclass (stated proxy for CATH superfamily),0,1,0 of 1,one metric x level cell,1,complete,public,catalytic_frac_buried,catalytic_frac_buried,struct_site,1,second-shell lesion,second_shell_4,126,0.0,0.0,0.0,nan,nan,nan,0,0,blind,OK
specificity,system,143,65,EC sub-subclass (stated proxy for CATH superfamily),0,1,0 of 1,one metric x level cell,1,complete,public,catalytic_pairwise_dist_max,catalytic_pairwise_dist_max,struct_site,1,second-shell lesion,second_shell_4,111,0.0,0.0,0.0,nan,nan,nan,0,0,blind,OK
specificity,system,143,65,EC sub-subclass (stated proxy for CATH superfamily),0,1,0 of 1,one metric x level cell,1,complete,public,catalytic_pairwise_dist_mean,catalytic_pairwise_dist_mean,struct_site,1,second-shell lesion,second_shell_4,111,0.0,0.0,0.0036,3.1203,1.1023,9.634,0,0,blind,OK
specificity,system,143,71,EC sub-subclass (stated proxy for CATH superfamily),0,1,0 of 1,one metric x level cell,1,complete,public,catalytic_polar_contacts,catalytic_polar_contacts,struct_site,1,second-shell lesion,second_shell_4,126,0.0,0.0,0.0,nan,nan,nan,0,0,blind,OK
specificity,system,143,71,EC sub-subclass (stated proxy for CATH superfamily),0,1,0 of 1,one metric x level cell,1,complete,public,catalytic_polar_contacts_per_residue,catalytic_polar_contacts_per_residue,struct_site,0,second-shell lesion,second_shell_4,126,0.0,0.0,0.0,nan,nan,nan,0,0,blind,OK
specificity,system,143,61,EC sub-subclass (stated proxy for CATH superfamily),0,1,0 of 1,one metric x level cell,1,complete,public,catalytic_polar_dist_mean,catalytic_polar_dist_mean,struct_site,0,second-shell lesion,second_shell_4,98,0.0,-0.0008,0.0003,6.9108,1.1792,94.4318,0,0,blind,OK
specificity,system,143,61,EC sub-subclass (stated proxy for CATH superfamily),0,1,0 of 1,one metric x level cell,1,complete,public,catalytic_polar_dist_min,catalytic_polar_dist_min,struct_site,0,second-shell lesion,second_shell_4,98,0.0,-0.0003,0.0,inf,0.6466,41.6259,0,0,blind,OK
specificity,system,143,65,EC sub-subclass (stated proxy for CATH superfamily),0,1,0 of 1,one metric x level cell,1,complete,public,catalytic_radius_of_gyration,catalytic_radius_of_gyration,struct_site,1,second-shell lesion,second_shell_4,111,0.0,0.0,0.0013,2.5089,0.9483,7.3038,0,0,blind,OK
specificity,system,143,71,EC sub-subclass (stated proxy for CATH superfamily),0,1,0 of 1,one metric x level cell,1,complete,public,catalytic_rel_sasa_max,catalytic_rel_sasa_max,struct_site,1,second-shell lesion,second_shell_4,126,0.0,0.0,0.0,5.4072,2.3274,26.1819,0,0,blind,OK
specificity,system,143,71,EC sub-subclass (stated proxy for CATH superfamily),0,1,0 of 1,one metric x level cell,1,complete,public,catalytic_rel_sasa_mean,catalytic_rel_sasa_mean,struct_site,1,second-shell lesion,second_shell_4,126,0.0,-0.0001,0.0006,2.1969,1.2275,5.789,0,0,blind,OK
specificity,system,143,71,EC sub-subclass (stated proxy for CATH superfamily),0,1,0 of 1,one metric x level cell,1,complete,public,catalytic_sasa_mean,catalytic_sasa_mean,struct_site,0,second-shell lesion,second_shell_4,126,0.0181,-0.0162,0.1227,2.612,1.6266,5.734,0,0,blind,OK
specificity,system,143,71,EC sub-subclass (stated proxy for CATH superfamily),0,1,0 of 1,one metric x level cell,1,complete,public,catalytic_sasa_total,catalytic_sasa_total,struct_site,1,second-shell lesion,second_shell_4,126,0.0887,-0.1458,0.7367,2.6576,1.5463,5.4879,0,0,blind,OK
specificity,system,143,71,EC sub-subclass (stated proxy for CATH superfamily),0,1,0 of 1,one metric x level cell,1,complete,public,propka_catalytic_pka_max,propka_catalytic_pka_max,struct_site,1,second-shell lesion,second_shell_4,125,0.0,-0.02,0.0,5.3333,2.0,13.0,0,0,blind,OK
specificity,system,143,71,EC sub-subclass (stated proxy for CATH superfamily),0,1,0 of 1,one metric x level cell,1,complete,public,propka_catalytic_pka_mean,propka_catalytic_pka_mean,struct_site,1,second-shell lesion,second_shell_4,125,-0.018,-0.0367,-0.01,4.7561,2.0181,8.75,1,0,denominator_below_floor,OK
specificity,system,143,71,EC sub-subclass (stated proxy for CATH superfamily),0,1,0 of 1,one metric x level cell,1,complete,public,propka_catalytic_pka_min,propka_catalytic_pka_min,struct_site,1,second-shell lesion,second_shell_4,125,0.0,0.0,0.01,2.0,1.0,5.0,0,0,blind,OK
specificity,system,143,71,EC sub-subclass (stated proxy for CATH superfamily),0,1,0 of 1,one metric x level cell,1,complete,public,propka_catalytic_pka_range,propka_catalytic_pka_range,struct_site,1,second-shell lesion,second_shell_4,125,-0.01,-0.03,0.01,3.5,1.8333,6.5,0,0,blind,OK
specificity,system,143,71,EC sub-subclass (stated proxy for CATH superfamily),0,1,0 of 1,one metric x level cell,1,complete,public,propka_catalytic_shift_absmax,propka_catalytic_shift_absmax,struct_site,1,second-shell lesion,second_shell_4,125,-0.01,-0.02,0.0,2.6667,1.3333,10.0,0,0,blind,OK
specificity,system,143,71,EC sub-subclass (stated proxy for CATH superfamily),0,1,0 of 1,one metric x level cell,1,complete,public,propka_catalytic_shift_mean,propka_catalytic_shift_mean,struct_site,1,second-shell lesion,second_shell_4,125,-0.018,-0.0367,-0.01,4.7561,2.0181,8.75,1,0,denominator_below_floor,OK
specificity,system,143,71,EC sub-subclass (stated proxy for CATH superfamily),0,1,0 of 1,one metric x level cell,1,complete,public,rosetta_cat_fa_atr,rosetta_cat_fa_atr,struct_site,1,second-shell lesion,second_shell_4,126,-0.0146,-0.0621,0.0132,1.5294,0.6654,2.8571,0,0,blind,OK
specificity,system,143,71,EC sub-subclass (stated proxy for CATH superfamily),0,1,0 of 1,one metric x level cell,1,complete,public,rosetta_cat_fa_dun,rosetta_cat_fa_dun,struct_site,1,second-shell lesion,second_shell_4,126,0.0,-0.0278,0.0,5.1408,1.3499,9.3359,0,0,blind,OK
specificity,system,143,71,EC sub-subclass (stated proxy for CATH superfamily),0,1,0 of 1,one metric x level cell,1,complete,public,rosetta_cat_fa_elec,rosetta_cat_fa_elec,struct_site,1,second-shell lesion,second_shell_4,126,-0.0184,-0.0811,0.0204,1.2459,0.779,2.6046,0,0,blind,OK
specificity,system,143,71,EC sub-subclass (stated proxy for CATH superfamily),0,1,0 of 1,one metric x level cell,1,complete,public,rosetta_cat_fa_intra_rep,rosetta_cat_fa_intra_rep,struct_site,1,second-shell lesion,second_shell_4,126,0.0,-0.0001,0.0,3.1892,1.3692,8.1855,0,0,blind,OK
specificity,system,143,71,EC sub-subclass (stated proxy for CATH superfamily),0,1,0 of 1,one metric x level cell,1,complete,public,rosetta_cat_fa_rep,rosetta_cat_fa_rep,struct_site,1,second-shell lesion,second_shell_4,126,0.0044,-0.0005,0.0721,2.2804,1.1516,4.7531,0,0,blind,OK
specificity,system,143,71,EC sub-subclass (stated proxy for CATH superfamily),0,1,0 of 1,one metric x level cell,1,complete,public,rosetta_cat_fa_sol,rosetta_cat_fa_sol,struct_site,1,second-shell lesion,second_shell_4,126,-0.0517,-0.1089,0.0257,1.0709,0.6235,2.1778,0,0,blind,OK
specificity,system,143,71,EC sub-subclass (stated proxy for CATH superfamily),0,1,0 of 1,one metric x level cell,1,complete,public,rosetta_cat_hbond_bb_sc,rosetta_cat_hbond_bb_sc,struct_site,1,second-shell lesion,second_shell_4,126,0.0,0.0,0.0,13.4353,2.0299,992.6424,0,0,blind,OK
specificity,system,143,71,EC sub-subclass (stated proxy for CATH superfamily),0,1,0 of 1,one metric x level cell,1,complete,public,rosetta_cat_hbond_sc,rosetta_cat_hbond_sc,struct_site,1,second-shell lesion,second_shell_4,126,0.0,0.0,0.0,1.3707,0.4792,12.5784,0,0,blind,OK
specificity,system,143,71,EC sub-subclass (stated proxy for CATH superfamily),0,1,0 of 1,one metric x level cell,1,complete,public,rosetta_cat_lk_ball_wtd,rosetta_cat_lk_ball_wtd,struct_site,1,second-shell lesion,second_shell_4,126,-0.0014,-0.022,0.0153,2.0336,1.0467,3.7585,0,0,blind,OK
specificity,system,143,71,EC sub-subclass (stated proxy for CATH superfamily),0,1,0 of 1,one metric x level cell,1,complete,public,rosetta_cat_omega,rosetta_cat_omega,struct_site,1,second-shell lesion,second_shell_4,126,0.0,0.0,0.0,nan,nan,nan,0,0,invariant,OK
specificity,system,143,71,EC sub-subclass (stated proxy for CATH superfamily),0,1,0 of 1,one metric x level cell,1,complete,public,rosetta_cat_p_aa_pp,rosetta_cat_p_aa_pp,struct_site,1,second-shell lesion,second_shell_4,126,0.0,0.0,0.0,nan,nan,nan,0,0,invariant,OK
specificity,system,143,71,EC sub-subclass (stated proxy for CATH superfamily),0,1,0 of 1,one metric x level cell,1,complete,public,rosetta_cat_rama_prepro,rosetta_cat_rama_prepro,struct_site,1,second-shell lesion,second_shell_4,126,0.0,0.0,0.0,nan,nan,nan,0,0,invariant,OK
specificity,system,143,71,EC sub-subclass (stated proxy for CATH superfamily),0,1,0 of 1,one metric x level cell,1,complete,public,rosetta_cat_total,rosetta_cat_total,struct_site,1,second-shell lesion,second_shell_4,126,-0.0682,-0.2721,0.045,2.1855,1.0606,3.6721,0,0,blind,OK
specificity,system,143,71,EC sub-subclass (stated proxy for CATH superfamily),0,1,0 of 1,one metric x level cell,1,complete,public,rosetta_cat_total_mean,rosetta_cat_total_mean,struct_site,0,second-shell lesion,second_shell_4,126,-0.0182,-0.0351,0.008,1.8993,0.9407,3.943,0,0,blind,OK
specificity,system,143,71,EC sub-subclass (stated proxy for CATH superfamily),0,1,0 of 1,one metric x level cell,1,complete,public,rosetta_cat_worst_residue,rosetta_cat_worst_residue,struct_site,1,second-shell lesion,second_shell_4,126,-0.0016,-0.023,0.0001,3.7374,1.2499,14.4105,0,0,blind,OK
specificity,system,143,71,EC sub-subclass (stated proxy for CATH superfamily),0,1,0 of 1,one metric x level cell,1,complete,public,rosetta_cat_fa_atr,rosetta_catalytic_vdw_atr,struct_site,1,second-shell lesion,second_shell_4,126,-0.0146,-0.0621,0.0132,1.5294,0.6654,2.8571,0,0,blind,OK
specificity,system,143,71,EC sub-subclass (stated proxy for CATH superfamily),0,1,0 of 1,one metric x level cell,1,complete,public,rosetta_catalytic_vdw_net,rosetta_catalytic_vdw_net,struct_site,1,second-shell lesion,second_shell_4,126,-0.0099,-0.0706,0.0727,1.9214,0.8249,4.0324,0,0,blind,OK
specificity,system,143,71,EC sub-subclass (stated proxy for CATH superfamily),0,1,0 of 1,one metric x level cell,1,complete,public,rosetta_cat_fa_rep,rosetta_catalytic_vdw_rep,struct_site,1,second-shell lesion,second_shell_4,126,0.0044,-0.0005,0.0721,2.2804,1.1516,4.7531,0,0,blind,OK
specificity,system,143,71,EC sub-subclass (stated proxy for CATH superfamily),0,1,0 of 1,one metric x level cell,1,complete,public,rosetta_catalytic_vdw_rep_per_res,rosetta_catalytic_vdw_rep_per_res,struct_site,0,second-shell lesion,second_shell_4,126,0.001,-0.0001,0.0172,2.7294,1.1036,4.8678,0,0,blind,OK
