base_system,source,level,wt,new_aa,cat_position,orig_ctl_position,new_ctl_position,d_lig_cat_ref,d_lig_ctl_new,abs_diff_d,cat_rel_sasa,ctl_rel_sasa_new,abs_diff_rel,n_candidates,input_id,existing_prediction,needs_gpu,priority_rank,system_round,selected,reason,source_artifact
DN_campaign1__E4,denovo,ala,H,A,145,23,30,2.16,2.6964,0.5364,0.1279,0.1416,0.0137,2,C_DN_campaign1__E4__ctl_ala_H30A__s101,0,1,1,1,1,selected,results/P5_1B/pair_distances.csv;data/interim/p5_1b/residue_table.csv
M0024_1nzy_a2,natural,ala,F,A,64,252,82,3.433,4.512,1.079,0.011,0.0007,0.0103,1,C_M0024_1nzy_a2__ctl_ala_F82A__s101,0,1,2,1,1,selected,results/P5_1B/pair_distances.csv;data/interim/p5_1b/residue_table.csv
M0050_1dbt_a1,natural,isosteric,D,N,60,65,193,3.703,5.0744,1.3714,0.0064,0.0172,0.0108,1,C_M0050_1dbt_a1__ctl_isosteric_D193N__s101,0,1,3,1,1,selected,results/P5_1B/pair_distances.csv;data/interim/p5_1b/residue_table.csv
M0086_1bg0_a1,natural,ala,R,A,125,329,123,2.732,2.8267,0.0947,0.0042,0.0017,0.0025,1,C_M0086_1bg0_a1__ctl_ala_R123A__s101,0,1,4,1,1,selected,results/P5_1B/pair_distances.csv;data/interim/p5_1b/residue_table.csv
M0109_1d3g_a1,natural,gly,N,G,116,156,183,2.837,3.0797,0.2427,0.0006,0.0233,0.0227,1,C_M0109_1d3g_a1__ctl_gly_N183G__s101,0,1,5,1,1,selected,results/P5_1B/pair_distances.csv;data/interim/p5_1b/residue_table.csv
M0112_3dfr_a1,natural,ala,L,A,4,113,118,6.85,7.499,0.649,0.0003,0.0252,0.0249,2,C_M0112_3dfr_a1__ctl_ala_L118A__s101,0,1,6,1,1,selected,results/P5_1B/pair_distances.csv;data/interim/p5_1b/residue_table.csv
M0154_1hy3_a1,natural,ala,K,A,47,132,105,3.51,3.1985,0.3115,0.0281,0.0655,0.0374,1,C_M0154_1hy3_a1__ctl_ala_K105A__s101,0,1,7,1,1,selected,results/P5_1B/pair_distances.csv;data/interim/p5_1b/residue_table.csv
M0226_1qrr_a1,natural,ala,T,A,145,205,254,2.45,2.8779,0.4279,0.0,0.0,0.0,2,C_M0226_1qrr_a1__ctl_ala_T254A__s101,0,1,8,1,1,selected,results/P5_1B/pair_distances.csv;data/interim/p5_1b/residue_table.csv
M0255_1mg5_a1,natural,ala,N,A,108,8,181,5.157,6.6917,1.5347,0.0055,0.0,0.0055,1,C_M0255_1mg5_a1__ctl_ala_N181A__s101,0,1,9,1,1,selected,results/P5_1B/pair_distances.csv;data/interim/p5_1b/residue_table.csv
M0263_3kb9_a1,natural,ala,F,A,116,347,353,7.001,5.8283,1.1727,0.0,0.0206,0.0206,1,C_M0263_3kb9_a1__ctl_ala_F353A__s101,0,1,10,1,1,selected,results/P5_1B/pair_distances.csv;data/interim/p5_1b/residue_table.csv
M0316_1j21_a1,natural,ala,D,A,12,255,175,2.987,4.2522,1.2652,0.0818,0.0808,0.001,1,C_M0316_1j21_a1__ctl_ala_D175A__s101,0,1,11,1,1,selected,results/P5_1B/pair_distances.csv;data/interim/p5_1b/residue_table.csv
M0345_3bpt_a1,natural,ala,E,A,139,46,91,2.563,2.7308,0.1678,0.001,0.0023,0.0013,1,C_M0345_3bpt_a1__ctl_ala_E91A__s101,0,1,12,1,1,selected,results/P5_1B/pair_distances.csv;data/interim/p5_1b/residue_table.csv
M0364_2tps_a1,natural,isosteric,S,C,122,204,198,3.084,4.24,1.156,0.0062,0.0,0.0062,1,C_M0364_2tps_a1__ctl_isosteric_S198C__s101,0,1,13,1,1,selected,results/P5_1B/pair_distances.csv;data/interim/p5_1b/residue_table.csv
M0407_2o7r_a1,natural,ala,G,A,93,206,203,3.638,3.7504,0.1124,0.0159,0.0,0.0159,1,C_M0407_2o7r_a1__ctl_ala_G203A__s101,0,1,14,1,1,selected,results/P5_1B/pair_distances.csv;data/interim/p5_1b/residue_table.csv
M0432_1bvv_a1,natural,isosteric,Y,F,69,26,166,2.798,2.9012,0.1032,0.0032,0.0576,0.0544,1,C_M0432_1bvv_a1__ctl_isosteric_Y166F__s101,0,1,15,1,1,selected,results/P5_1B/pair_distances.csv;data/interim/p5_1b/residue_table.csv
M0732_1xs1_a1,natural,gly,A,G,124,31,177,4.736,4.215,0.521,0.0173,0.1105,0.0932,1,C_M0732_1xs1_a1__ctl_gly_A177G__s101,0,1,16,1,1,selected,results/P5_1B/pair_distances.csv;data/interim/p5_1b/residue_table.csv
M0883_2dln_a1,natural,ala,E,A,15,187,68,6.229,5.8827,0.3463,0.0076,0.0358,0.0282,2,C_M0883_2dln_a1__ctl_ala_E68A__s101,0,1,17,1,1,selected,results/P5_1B/pair_distances.csv;data/interim/p5_1b/residue_table.csv
M0934_3cla_a1,natural,non_isosteric,R,D,13,21,69,13.577,15.4001,1.8231,0.0667,0.0428,0.0239,1,C_M0934_3cla_a1__ctl_non_isosteric_R69D__s101,0,1,18,1,1,selected,results/P5_1B/pair_distances.csv;data/interim/p5_1b/residue_table.csv
M0940_4h2h_a1,natural,non_isosteric,D,L,202,181,301,2.187,4.0276,1.8406,0.0,0.0,0.0,1,C_M0940_4h2h_a1__ctl_non_isosteric_D301L__s101,0,1,19,1,1,selected,results/P5_1B/pair_distances.csv;data/interim/p5_1b/residue_table.csv
M0943_4njk_a1,natural,ala,F,A,45,106,29,3.3,4.1059,0.8059,0.0,0.0651,0.0651,1,C_M0943_4njk_a1__ctl_ala_F29A__s101,0,1,20,1,1,selected,results/P5_1B/pair_distances.csv;data/interim/p5_1b/residue_table.csv
M0959_3dg6_a1,natural,non_isosteric,K,D,162,99,160,3.03,2.7455,0.2845,0.0063,0.0013,0.005,1,C_M0959_3dg6_a1__ctl_non_isosteric_K160D__s101,0,1,21,1,1,selected,results/P5_1B/pair_distances.csv;data/interim/p5_1b/residue_table.csv
M0965_5vsm_a1,natural,isosteric,C,S,44,137,270,6.173,8.1658,1.9928,0.0,0.0109,0.0109,1,C_M0965_5vsm_a1__ctl_isosteric_C270S__s101,0,1,22,1,1,selected,results/P5_1B/pair_distances.csv;data/interim/p5_1b/residue_table.csv
DN_campaign1__E4,denovo,gly,H,G,145,154,30,2.16,2.6964,0.5364,0.1279,0.1416,0.0137,2,C_DN_campaign1__E4__ctl_gly_H30G__s101,0,1,23,2,1,selected,results/P5_1B/pair_distances.csv;data/interim/p5_1b/residue_table.csv
M0024_1nzy_a2,natural,isosteric,F,L,64,217,82,3.433,4.512,1.079,0.011,0.0007,0.0103,1,C_M0024_1nzy_a2__ctl_isosteric_F82L__s101,0,1,24,2,1,selected,results/P5_1B/pair_distances.csv;data/interim/p5_1b/residue_table.csv
M0086_1bg0_a1,natural,gly,R,G,125,207,123,2.732,2.8267,0.0947,0.0042,0.0017,0.0025,1,C_M0086_1bg0_a1__ctl_gly_R123G__s101,0,1,25,2,1,selected,results/P5_1B/pair_distances.csv;data/interim/p5_1b/residue_table.csv
M0109_1d3g_a1,natural,isosteric,N,D,116,152,183,2.837,3.0797,0.2427,0.0006,0.0233,0.0227,1,C_M0109_1d3g_a1__ctl_isosteric_N183D__s101,0,1,26,2,1,selected,results/P5_1B/pair_distances.csv;data/interim/p5_1b/residue_table.csv
M0112_3dfr_a1,natural,gly,L,G,4,62,118,6.85,7.499,0.649,0.0003,0.0252,0.0249,2,C_M0112_3dfr_a1__ctl_gly_L118G__s101,0,1,27,2,1,selected,results/P5_1B/pair_distances.csv;data/interim/p5_1b/residue_table.csv
M0154_1hy3_a1,natural,gly,K,G,47,123,105,3.51,3.1985,0.3115,0.0281,0.0655,0.0374,1,C_M0154_1hy3_a1__ctl_gly_K105G__s101,0,1,28,2,1,selected,results/P5_1B/pair_distances.csv;data/interim/p5_1b/residue_table.csv
M0226_1qrr_a1,natural,gly,T,G,145,271,254,2.45,2.8779,0.4279,0.0,0.0,0.0,2,C_M0226_1qrr_a1__ctl_gly_T254G__s101,0,1,29,2,1,selected,results/P5_1B/pair_distances.csv;data/interim/p5_1b/residue_table.csv
M0255_1mg5_a1,natural,gly,N,G,108,91,181,5.157,6.6917,1.5347,0.0055,0.0,0.0055,1,C_M0255_1mg5_a1__ctl_gly_N181G__s101,0,1,30,2,1,selected,results/P5_1B/pair_distances.csv;data/interim/p5_1b/residue_table.csv
M0263_3kb9_a1,natural,gly,F,G,116,163,353,7.001,5.8283,1.1727,0.0,0.0206,0.0206,1,C_M0263_3kb9_a1__ctl_gly_F353G__s101,0,1,31,2,1,selected,results/P5_1B/pair_distances.csv;data/interim/p5_1b/residue_table.csv
M0316_1j21_a1,natural,gly,D,G,12,375,175,2.987,4.2522,1.2652,0.0818,0.0808,0.001,1,C_M0316_1j21_a1__ctl_gly_D175G__s101,0,1,32,2,1,selected,results/P5_1B/pair_distances.csv;data/interim/p5_1b/residue_table.csv
M0345_3bpt_a1,natural,isosteric,E,Q,139,299,91,2.563,2.7308,0.1678,0.001,0.0023,0.0013,1,C_M0345_3bpt_a1__ctl_isosteric_E91Q__s101,0,1,33,2,1,selected,results/P5_1B/pair_distances.csv;data/interim/p5_1b/residue_table.csv
M0407_2o7r_a1,natural,ala,G,A,92,272,203,3.552,3.7504,0.1984,0.0567,0.0,0.0567,1,C_M0407_2o7r_a1__ctl_ala_G203A__s101,0,1,34,2,1,selected,results/P5_1B/pair_distances.csv;data/interim/p5_1b/residue_table.csv
M0732_1xs1_a1,natural,ala,R,A,126,115,174,3.308,3.9226,0.6146,0.0206,0.0744,0.0538,1,C_M0732_1xs1_a1__ctl_ala_R174A__s101,0,1,35,2,1,selected,results/P5_1B/pair_distances.csv;data/interim/p5_1b/residue_table.csv
M0883_2dln_a1,natural,isosteric,E,Q,15,180,68,6.229,5.8827,0.3463,0.0076,0.0358,0.0282,2,C_M0883_2dln_a1__ctl_isosteric_E68Q__s101,0,1,36,2,1,selected,results/P5_1B/pair_distances.csv;data/interim/p5_1b/residue_table.csv
M0943_4njk_a1,natural,isosteric,F,L,45,73,29,3.3,4.1059,0.8059,0.0,0.0651,0.0651,1,C_M0943_4njk_a1__ctl_isosteric_F29L__s101,0,1,37,2,1,selected,results/P5_1B/pair_distances.csv;data/interim/p5_1b/residue_table.csv
DN_campaign1__E4,denovo,non_isosteric,H,L,145,231,30,2.16,2.6964,0.5364,0.1279,0.1416,0.0137,2,C_DN_campaign1__E4__ctl_non_isosteric_H30L__s101,0,1,38,3,1,selected,results/P5_1B/pair_distances.csv;data/interim/p5_1b/residue_table.csv
M0024_1nzy_a2,natural,isosteric,F,Y,64,133,82,3.433,4.512,1.079,0.011,0.0007,0.0103,1,C_M0024_1nzy_a2__ctl_isosteric_F82Y__s101,0,1,39,3,1,selected,results/P5_1B/pair_distances.csv;data/interim/p5_1b/residue_table.csv
M0086_1bg0_a1,natural,isosteric,R,K,125,128,123,2.732,2.8267,0.0947,0.0042,0.0017,0.0025,1,C_M0086_1bg0_a1__ctl_isosteric_R123K__s101,0,1,40,3,1,selected,results/P5_1B/pair_distances.csv;data/interim/p5_1b/residue_table.csv
M0109_1d3g_a1,natural,non_isosteric,N,L,116,61,183,2.837,3.0797,0.2427,0.0006,0.0233,0.0227,1,C_M0109_1d3g_a1__ctl_non_isosteric_N183L__s101,0,1,41,3,1,selected,results/P5_1B/pair_distances.csv;data/interim/p5_1b/residue_table.csv
M0154_1hy3_a1,natural,non_isosteric,K,D,47,160,105,3.51,3.1985,0.3115,0.0281,0.0655,0.0374,1,C_M0154_1hy3_a1__ctl_non_isosteric_K105D__s101,0,1,42,3,1,selected,results/P5_1B/pair_distances.csv;data/interim/p5_1b/residue_table.csv
M0226_1qrr_a1,natural,isosteric,T,S,145,116,254,2.45,2.8779,0.4279,0.0,0.0,0.0,2,C_M0226_1qrr_a1__ctl_isosteric_T254S__s101,0,1,43,3,1,selected,results/P5_1B/pair_distances.csv;data/interim/p5_1b/residue_table.csv
M0255_1mg5_a1,natural,isosteric,N,D,108,136,181,5.157,6.6917,1.5347,0.0055,0.0,0.0055,1,C_M0255_1mg5_a1__ctl_isosteric_N181D__s101,0,1,44,3,1,selected,results/P5_1B/pair_distances.csv;data/interim/p5_1b/residue_table.csv
M0263_3kb9_a1,natural,isosteric,F,L,116,186,353,7.001,5.8283,1.1727,0.0,0.0206,0.0206,1,C_M0263_3kb9_a1__ctl_isosteric_F353L__s101,0,1,45,3,1,selected,results/P5_1B/pair_distances.csv;data/interim/p5_1b/residue_table.csv
M0316_1j21_a1,natural,non_isosteric,D,L,12,291,175,2.987,4.2522,1.2652,0.0818,0.0808,0.001,1,C_M0316_1j21_a1__ctl_non_isosteric_D175L__s101,0,1,46,3,1,selected,results/P5_1B/pair_distances.csv;data/interim/p5_1b/residue_table.csv
M0732_1xs1_a1,natural,isosteric,R,K,126,2,174,3.308,3.9226,0.6146,0.0206,0.0744,0.0538,1,C_M0732_1xs1_a1__ctl_isosteric_R174K__s101,0,1,47,3,1,selected,results/P5_1B/pair_distances.csv;data/interim/p5_1b/residue_table.csv
M0943_4njk_a1,natural,isosteric,F,Y,45,48,29,3.3,4.1059,0.8059,0.0,0.0651,0.0651,1,C_M0943_4njk_a1__ctl_isosteric_F29Y__s101,0,1,48,3,1,selected,results/P5_1B/pair_distances.csv;data/interim/p5_1b/residue_table.csv
M0024_1nzy_a2,natural,non_isosteric,F,D,64,191,82,3.433,4.512,1.079,0.011,0.0007,0.0103,1,C_M0024_1nzy_a2__ctl_non_isosteric_F82D__s101,0,1,49,4,1,selected,results/P5_1B/pair_distances.csv;data/interim/p5_1b/residue_table.csv
M0226_1qrr_a1,natural,non_isosteric,T,L,145,17,254,2.45,2.8779,0.4279,0.0,0.0,0.0,2,C_M0226_1qrr_a1__ctl_non_isosteric_T254L__s101,0,1,50,4,1,selected,results/P5_1B/pair_distances.csv;data/interim/p5_1b/residue_table.csv
M0263_3kb9_a1,natural,isosteric,F,Y,116,182,353,7.001,5.8283,1.1727,0.0,0.0206,0.0206,1,C_M0263_3kb9_a1__ctl_isosteric_F353Y__s101,0,1,51,4,1,selected,results/P5_1B/pair_distances.csv;data/interim/p5_1b/residue_table.csv
M0732_1xs1_a1,natural,non_isosteric,R,D,126,110,174,3.308,3.9226,0.6146,0.0206,0.0744,0.0538,1,C_M0732_1xs1_a1__ctl_non_isosteric_R174D__s101,0,1,52,4,1,selected,results/P5_1B/pair_distances.csv;data/interim/p5_1b/residue_table.csv
M0943_4njk_a1,natural,non_isosteric,F,D,45,131,29,3.3,4.1059,0.8059,0.0,0.0651,0.0651,1,C_M0943_4njk_a1__ctl_non_isosteric_F29D__s101,0,1,53,4,1,selected,results/P5_1B/pair_distances.csv;data/interim/p5_1b/residue_table.csv
M0263_3kb9_a1,natural,non_isosteric,F,D,116,308,353,7.001,5.8283,1.1727,0.0,0.0206,0.0206,1,C_M0263_3kb9_a1__ctl_non_isosteric_F353D__s101,0,1,54,5,1,selected,results/P5_1B/pair_distances.csv;data/interim/p5_1b/residue_table.csv
DN_campaign1__A1_var1,denovo,isosteric,H,N,118,103,,,,,,,,0,,,,,,0,no_candidate_in_caliper,results/P5_1B/pair_distances.csv;data/interim/p5_1b/residue_table.csv
DN_campaign1__A1_var4,denovo,isosteric,H,N,118,33,,,,,,,,0,,,,,,0,no_candidate_in_caliper,results/P5_1B/pair_distances.csv;data/interim/p5_1b/residue_table.csv
DN_campaign1__A1_var5,denovo,isosteric,H,N,117,95,,,,,,,,0,,,,,,0,no_candidate_in_caliper,results/P5_1B/pair_distances.csv;data/interim/p5_1b/residue_table.csv
DN_campaign1__A1_var6,denovo,isosteric,H,N,117,95,,,,,,,,0,,,,,,0,no_candidate_in_caliper,results/P5_1B/pair_distances.csv;data/interim/p5_1b/residue_table.csv
DN_campaign1__A6,denovo,isosteric,H,N,69,127,,,,,,,,0,,,,,,0,no_candidate_in_caliper,results/P5_1B/pair_distances.csv;data/interim/p5_1b/residue_table.csv
DN_campaign1__B7,denovo,isosteric,H,N,31,181,,,,,,,,0,,,,,,0,no_candidate_in_caliper,results/P5_1B/pair_distances.csv;data/interim/p5_1b/residue_table.csv
DN_campaign1__B7,denovo,isosteric,H,Q,31,142,,,,,,,,0,,,,,,0,no_candidate_in_caliper,results/P5_1B/pair_distances.csv;data/interim/p5_1b/residue_table.csv
DN_campaign1__C4,denovo,ala,H,A,71,52,,,,,,,,0,,,,,,0,no_candidate_in_caliper,results/P5_1B/pair_distances.csv;data/interim/p5_1b/residue_table.csv
DN_campaign1__C4,denovo,isosteric,H,N,71,42,,,,,,,,0,,,,,,0,no_candidate_in_caliper,results/P5_1B/pair_distances.csv;data/interim/p5_1b/residue_table.csv
DN_campaign1__C4,denovo,isosteric,H,Q,71,136,,,,,,,,0,,,,,,0,no_candidate_in_caliper,results/P5_1B/pair_distances.csv;data/interim/p5_1b/residue_table.csv
DN_campaign1__C4,denovo,non_isosteric,H,L,71,35,,,,,,,,0,,,,,,0,no_candidate_in_caliper,results/P5_1B/pair_distances.csv;data/interim/p5_1b/residue_table.csv
DN_campaign2__B10,denovo,isosteric,H,N,59,29,,,,,,,,0,,,,,,0,no_candidate_in_caliper,results/P5_1B/pair_distances.csv;data/interim/p5_1b/residue_table.csv
DN_campaign2__B10,denovo,isosteric,H,Q,59,32,,,,,,,,0,,,,,,0,no_candidate_in_caliper,results/P5_1B/pair_distances.csv;data/interim/p5_1b/residue_table.csv
DN_campaign2__B5,denovo,isosteric,H,N,59,29,,,,,,,,0,,,,,,0,no_candidate_in_caliper,results/P5_1B/pair_distances.csv;data/interim/p5_1b/residue_table.csv
DN_campaign2__B5,denovo,isosteric,H,Q,59,32,,,,,,,,0,,,,,,0,no_candidate_in_caliper,results/P5_1B/pair_distances.csv;data/interim/p5_1b/residue_table.csv
DN_campaign2__C5_ZETA_4,denovo,isosteric,H,N,2,158,,,,,,,,0,,,,,,0,no_candidate_in_caliper,results/P5_1B/pair_distances.csv;data/interim/p5_1b/residue_table.csv
DN_campaign2__D9,denovo,isosteric,H,N,59,29,,,,,,,,0,,,,,,0,no_candidate_in_caliper,results/P5_1B/pair_distances.csv;data/interim/p5_1b/residue_table.csv
DN_campaign2__D9,denovo,isosteric,H,Q,59,32,,,,,,,,0,,,,,,0,no_candidate_in_caliper,results/P5_1B/pair_distances.csv;data/interim/p5_1b/residue_table.csv
DN_campaign2__E4,denovo,isosteric,H,N,85,79,,,,,,,,0,,,,,,0,no_candidate_in_caliper,results/P5_1B/pair_distances.csv;data/interim/p5_1b/residue_table.csv
DN_campaign2__H6_ZETA_3,denovo,isosteric,H,N,59,32,,,,,,,,0,,,,,,0,no_candidate_in_caliper,results/P5_1B/pair_distances.csv;data/interim/p5_1b/residue_table.csv
M0009_5a1i_a1,natural,ala,H,A,29,158,,,,,,,,,,,,,,0,no_reference_distance (cognate_het_not_in_reference),results/P5_1B/pair_distances.csv;data/interim/p5_1b/residue_table.csv
M0009_5a1i_a1,natural,gly,H,G,29,334,,,,,,,,,,,,,,0,no_reference_distance (cognate_het_not_in_reference),results/P5_1B/pair_distances.csv;data/interim/p5_1b/residue_table.csv
M0009_5a1i_a1,natural,isosteric,H,N,29,379,,,,,,,,,,,,,,0,no_reference_distance (cognate_het_not_in_reference),results/P5_1B/pair_distances.csv;data/interim/p5_1b/residue_table.csv
M0009_5a1i_a1,natural,isosteric,H,Q,29,45,,,,,,,,,,,,,,0,no_reference_distance (cognate_het_not_in_reference),results/P5_1B/pair_distances.csv;data/interim/p5_1b/residue_table.csv
M0009_5a1i_a1,natural,non_isosteric,H,L,29,209,,,,,,,,,,,,,,0,no_reference_distance (cognate_het_not_in_reference),results/P5_1B/pair_distances.csv;data/interim/p5_1b/residue_table.csv
M0050_1dbt_a1,natural,ala,K,A,33,149,,,,,,,,0,,,,,,0,no_candidate_in_caliper,results/P5_1B/pair_distances.csv;data/interim/p5_1b/residue_table.csv
M0050_1dbt_a1,natural,isosteric,K,R,33,75,,,,,,,,0,,,,,,0,no_candidate_in_caliper,results/P5_1B/pair_distances.csv;data/interim/p5_1b/residue_table.csv
M0050_1dbt_a1,natural,non_isosteric,K,D,33,93,,,,,,,,0,,,,,,0,no_candidate_in_caliper,results/P5_1B/pair_distances.csv;data/interim/p5_1b/residue_table.csv
M0074_1bs1_a1,natural,ala,T,A,11,75,,,,,,,,0,,,,,,0,no_candidate_in_caliper,results/P5_1B/pair_distances.csv;data/interim/p5_1b/residue_table.csv
M0074_1bs1_a1,natural,gly,T,G,11,9,,,,,,,,0,,,,,,0,no_candidate_in_caliper,results/P5_1B/pair_distances.csv;data/interim/p5_1b/residue_table.csv
M0074_1bs1_a1,natural,isosteric,T,S,11,80,,,,,,,,0,,,,,,0,no_candidate_in_caliper,results/P5_1B/pair_distances.csv;data/interim/p5_1b/residue_table.csv
M0074_1bs1_a1,natural,isosteric,T,V,11,190,,,,,,,,0,,,,,,0,no_candidate_in_caliper,results/P5_1B/pair_distances.csv;data/interim/p5_1b/residue_table.csv
M0074_1bs1_a1,natural,non_isosteric,T,L,11,129,,,,,,,,0,,,,,,0,no_candidate_in_caliper,results/P5_1B/pair_distances.csv;data/interim/p5_1b/residue_table.csv
M0086_1bg0_a1,natural,isosteric,E,Q,224,352,,,,,,,,0,,,,,,0,no_candidate_in_caliper,results/P5_1B/pair_distances.csv;data/interim/p5_1b/residue_table.csv
M0094_1wab_a1,natural,ala,G,A,74,21,,,,,,,,0,,,,,,0,no_candidate_in_caliper,results/P5_1B/pair_distances.csv;data/interim/p5_1b/residue_table.csv
M0094_1wab_a1,natural,ala,S,A,47,186,,,,,,,,0,,,,,,0,no_candidate_in_caliper,results/P5_1B/pair_distances.csv;data/interim/p5_1b/residue_table.csv
M0094_1wab_a1,natural,isosteric,S,C,47,34,,,,,,,,0,,,,,,0,no_candidate_in_caliper,results/P5_1B/pair_distances.csv;data/interim/p5_1b/residue_table.csv
M0094_1wab_a1,natural,isosteric,S,T,47,76,,,,,,,,0,,,,,,0,no_candidate_in_caliper,results/P5_1B/pair_distances.csv;data/interim/p5_1b/residue_table.csv
M0094_1wab_a1,natural,non_isosteric,S,L,47,197,,,,,,,,0,,,,,,0,no_candidate_in_caliper,results/P5_1B/pair_distances.csv;data/interim/p5_1b/residue_table.csv
M0109_1d3g_a1,natural,isosteric,F,Y,120,59,,,,,,,,0,,,,,,0,no_candidate_in_caliper,results/P5_1B/pair_distances.csv;data/interim/p5_1b/residue_table.csv
M0112_3dfr_a1,natural,ala,L,A,19,131,,,,,,,,0,,,,,,0,no_candidate_in_caliper,results/P5_1B/pair_distances.csv;data/interim/p5_1b/residue_table.csv
M0112_3dfr_a1,natural,gly,L,G,19,151,,,,,,,,0,,,,,,0,no_candidate_in_caliper,results/P5_1B/pair_distances.csv;data/interim/p5_1b/residue_table.csv
M0112_3dfr_a1,natural,isosteric,W,F,21,158,,,,,,,,0,,,,,,0,no_candidate_in_caliper,results/P5_1B/pair_distances.csv;data/interim/p5_1b/residue_table.csv
M0135_1sdw_a1,natural,ala,Q,A,128,230,,,,,,,,0,,,,,,0,no_candidate_in_caliper,results/P5_1B/pair_distances.csv;data/interim/p5_1b/residue_table.csv
M0135_1sdw_a1,natural,isosteric,H,N,65,193,,,,,,,,0,,,,,,0,no_candidate_in_caliper,results/P5_1B/pair_distances.csv;data/interim/p5_1b/residue_table.csv
M0135_1sdw_a1,natural,isosteric,H,Q,65,150,,,,,,,,0,,,,,,0,no_candidate_in_caliper,results/P5_1B/pair_distances.csv;data/interim/p5_1b/residue_table.csv
M0135_1sdw_a1,natural,isosteric,Q,E,128,224,,,,,,,,0,,,,,,0,no_candidate_in_caliper,results/P5_1B/pair_distances.csv;data/interim/p5_1b/residue_table.csv
M0135_1sdw_a1,natural,non_isosteric,Q,L,128,156,,,,,,,,0,,,,,,0,no_candidate_in_caliper,results/P5_1B/pair_distances.csv;data/interim/p5_1b/residue_table.csv
M0151_1q0n_a1,natural,isosteric,D,N,95,117,,,,,,,,0,,,,,,0,no_candidate_in_caliper,results/P5_1B/pair_distances.csv;data/interim/p5_1b/residue_table.csv
M0151_1q0n_a1,natural,isosteric,R,K,82,121,,,,,,,,0,,,,,,0,no_candidate_in_caliper,results/P5_1B/pair_distances.csv;data/interim/p5_1b/residue_table.csv
M0154_1hy3_a1,natural,isosteric,H,N,107,225,,,,,,,,0,,,,,,0,no_candidate_in_caliper,results/P5_1B/pair_distances.csv;data/interim/p5_1b/residue_table.csv
M0157_1qh5_a1,natural,ala,D,A,58,19,,,,,,,,0,,,,,,0,no_candidate_in_caliper,results/P5_1B/pair_distances.csv;data/interim/p5_1b/residue_table.csv
M0157_1qh5_a1,natural,isosteric,D,N,58,79,,,,,,,,0,,,,,,0,no_candidate_in_caliper,results/P5_1B/pair_distances.csv;data/interim/p5_1b/residue_table.csv
M0157_1qh5_a1,natural,isosteric,H,N,54,114,,,,,,,,0,,,,,,0,no_candidate_in_caliper,results/P5_1B/pair_distances.csv;data/interim/p5_1b/residue_table.csv
M0157_1qh5_a1,natural,non_isosteric,D,L,58,29,,,,,,,,0,,,,,,0,no_candidate_in_caliper,results/P5_1B/pair_distances.csv;data/interim/p5_1b/residue_table.csv
M0188_1xel_a1,natural,ala,S,A,124,171,,,,,,,,0,,,,,,0,no_candidate_in_caliper,results/P5_1B/pair_distances.csv;data/interim/p5_1b/residue_table.csv
M0188_1xel_a1,natural,gly,S,G,124,9,,,,,,,,0,,,,,,0,no_candidate_in_caliper,results/P5_1B/pair_distances.csv;data/interim/p5_1b/residue_table.csv
M0188_1xel_a1,natural,isosteric,S,C,124,122,,,,,,,,0,,,,,,0,no_candidate_in_caliper,results/P5_1B/pair_distances.csv;data/interim/p5_1b/residue_table.csv
M0188_1xel_a1,natural,isosteric,S,T,124,89,,,,,,,,0,,,,,,0,no_candidate_in_caliper,results/P5_1B/pair_distances.csv;data/interim/p5_1b/residue_table.csv
M0188_1xel_a1,natural,non_isosteric,S,L,124,14,,,,,,,,0,,,,,,0,no_candidate_in_caliper,results/P5_1B/pair_distances.csv;data/interim/p5_1b/residue_table.csv
M0199_1gsa_a2,natural,ala,R,A,210,55,,,,,,,,0,,,,,,0,no_candidate_in_caliper,results/P5_1B/pair_distances.csv;data/interim/p5_1b/residue_table.csv
M0199_1gsa_a2,natural,isosteric,K,R,125,87,,,,,,,,0,,,,,,0,no_candidate_in_caliper,results/P5_1B/pair_distances.csv;data/interim/p5_1b/residue_table.csv
M0199_1gsa_a2,natural,isosteric,R,K,210,86,,,,,,,,0,,,,,,0,no_candidate_in_caliper,results/P5_1B/pair_distances.csv;data/interim/p5_1b/residue_table.csv
M0199_1gsa_a2,natural,non_isosteric,K,D,125,3,,,,,,,,0,,,,,,0,no_candidate_in_caliper,results/P5_1B/pair_distances.csv;data/interim/p5_1b/residue_table.csv
M0199_1gsa_a2,natural,non_isosteric,R,D,210,51,,,,,,,,0,,,,,,0,no_candidate_in_caliper,results/P5_1B/pair_distances.csv;data/interim/p5_1b/residue_table.csv
M0217_1sc9_a2,natural,ala,T,A,11,110,,,,,,,,0,,,,,,0,no_candidate_in_caliper,results/P5_1B/pair_distances.csv;data/interim/p5_1b/residue_table.csv
M0217_1sc9_a2,natural,gly,T,G,11,242,,,,,,,,0,,,,,,0,no_candidate_in_caliper,results/P5_1B/pair_distances.csv;data/interim/p5_1b/residue_table.csv
M0217_1sc9_a2,natural,isosteric,T,S,11,204,,,,,,,,0,,,,,,0,no_candidate_in_caliper,results/P5_1B/pair_distances.csv;data/interim/p5_1b/residue_table.csv
M0217_1sc9_a2,natural,isosteric,T,V,11,173,,,,,,,,0,,,,,,0,no_candidate_in_caliper,results/P5_1B/pair_distances.csv;data/interim/p5_1b/residue_table.csv
M0217_1sc9_a2,natural,non_isosteric,T,L,11,131,,,,,,,,0,,,,,,0,no_candidate_in_caliper,results/P5_1B/pair_distances.csv;data/interim/p5_1b/residue_table.csv
M0222_2qut_a1,natural,ala,D,A,33,143,,,,,,,,0,,,,,,0,no_candidate_in_caliper,results/P5_1B/pair_distances.csv;data/interim/p5_1b/residue_table.csv
M0222_2qut_a1,natural,gly,D,G,33,197,,,,,,,,0,,,,,,0,no_candidate_in_caliper,results/P5_1B/pair_distances.csv;data/interim/p5_1b/residue_table.csv
M0222_2qut_a1,natural,isosteric,D,N,33,128,,,,,,,,0,,,,,,0,no_candidate_in_caliper,results/P5_1B/pair_distances.csv;data/interim/p5_1b/residue_table.csv
M0222_2qut_a1,natural,isosteric,K,R,146,107,,,,,,,,0,,,,,,0,no_candidate_in_caliper,results/P5_1B/pair_distances.csv;data/interim/p5_1b/residue_table.csv
M0222_2qut_a1,natural,non_isosteric,D,L,33,109,,,,,,,,0,,,,,,0,no_candidate_in_caliper,results/P5_1B/pair_distances.csv;data/interim/p5_1b/residue_table.csv
M0227_1e6u_a1,natural,ala,S,A,107,221,,,,,,,,0,,,,,,0,no_candidate_in_caliper,results/P5_1B/pair_distances.csv;data/interim/p5_1b/residue_table.csv
M0227_1e6u_a1,natural,gly,S,G,107,204,,,,,,,,0,,,,,,0,no_candidate_in_caliper,results/P5_1B/pair_distances.csv;data/interim/p5_1b/residue_table.csv
M0227_1e6u_a1,natural,isosteric,S,C,107,241,,,,,,,,0,,,,,,0,no_candidate_in_caliper,results/P5_1B/pair_distances.csv;data/interim/p5_1b/residue_table.csv
M0227_1e6u_a1,natural,isosteric,S,T,107,17,,,,,,,,0,,,,,,0,no_candidate_in_caliper,results/P5_1B/pair_distances.csv;data/interim/p5_1b/residue_table.csv
M0227_1e6u_a1,natural,non_isosteric,S,L,107,160,,,,,,,,0,,,,,,0,no_candidate_in_caliper,results/P5_1B/pair_distances.csv;data/interim/p5_1b/residue_table.csv
M0229_2a84_a1,natural,ala,M,A,40,260,,,,,,,,0,,,,,,0,no_candidate_in_caliper,results/P5_1B/pair_distances.csv;data/interim/p5_1b/residue_table.csv
M0229_2a84_a1,natural,gly,M,G,40,109,,,,,,,,0,,,,,,0,no_candidate_in_caliper,results/P5_1B/pair_distances.csv;data/interim/p5_1b/residue_table.csv
M0229_2a84_a1,natural,isosteric,D,N,88,153,,,,,,,,0,,,,,,0,no_candidate_in_caliper,results/P5_1B/pair_distances.csv;data/interim/p5_1b/residue_table.csv
M0229_2a84_a1,natural,isosteric,H,N,44,135,,,,,,,,0,,,,,,0,no_candidate_in_caliper,results/P5_1B/pair_distances.csv;data/interim/p5_1b/residue_table.csv
M0229_2a84_a1,natural,non_isosteric,D,L,88,254,,,,,,,,0,,,,,,0,no_candidate_in_caliper,results/P5_1B/pair_distances.csv;data/interim/p5_1b/residue_table.csv
M0255_1mg5_a1,natural,isosteric,S,T,139,23,,,,,,,,0,,,,,,0,no_candidate_in_caliper,results/P5_1B/pair_distances.csv;data/interim/p5_1b/residue_table.csv
M0269_3dgb_a2,natural,ala,H,A,24,351,,,,,,,,0,,,,,,0,no_candidate_in_caliper,results/P5_1B/pair_distances.csv;data/interim/p5_1b/residue_table.csv
M0269_3dgb_a2,natural,gly,H,G,24,353,,,,,,,,0,,,,,,0,no_candidate_in_caliper,results/P5_1B/pair_distances.csv;data/interim/p5_1b/residue_table.csv
M0269_3dgb_a2,natural,isosteric,H,N,24,165,,,,,,,,0,,,,,,0,no_candidate_in_caliper,results/P5_1B/pair_distances.csv;data/interim/p5_1b/residue_table.csv
M0269_3dgb_a2,natural,isosteric,H,Q,24,316,,,,,,,,0,,,,,,0,no_candidate_in_caliper,results/P5_1B/pair_distances.csv;data/interim/p5_1b/residue_table.csv
M0269_3dgb_a2,natural,non_isosteric,H,L,24,183,,,,,,,,0,,,,,,0,no_candidate_in_caliper,results/P5_1B/pair_distances.csv;data/interim/p5_1b/residue_table.csv
M0316_1j21_a1,natural,isosteric,R,K,92,298,,,,,,,,0,,,,,,0,no_candidate_in_caliper,results/P5_1B/pair_distances.csv;data/interim/p5_1b/residue_table.csv
M0330_2zr8_a1,natural,ala,K,A,57,101,,,,,,,,,,,,,,0,no_reference_distance (cognate_het_not_in_reference),results/P5_1B/pair_distances.csv;data/interim/p5_1b/residue_table.csv
M0330_2zr8_a1,natural,gly,K,G,57,166,,,,,,,,,,,,,,0,no_reference_distance (cognate_het_not_in_reference),results/P5_1B/pair_distances.csv;data/interim/p5_1b/residue_table.csv
M0330_2zr8_a1,natural,isosteric,K,R,57,112,,,,,,,,,,,,,,0,no_reference_distance (cognate_het_not_in_reference),results/P5_1B/pair_distances.csv;data/interim/p5_1b/residue_table.csv
M0330_2zr8_a1,natural,isosteric,S,T,82,92,,,,,,,,,,,,,,0,no_reference_distance (cognate_het_not_in_reference),results/P5_1B/pair_distances.csv;data/interim/p5_1b/residue_table.csv
M0330_2zr8_a1,natural,non_isosteric,K,D,57,46,,,,,,,,,,,,,,0,no_reference_distance (cognate_het_not_in_reference),results/P5_1B/pair_distances.csv;data/interim/p5_1b/residue_table.csv
M0345_3bpt_a1,natural,ala,G,A,68,17,,,,,,,,0,,,,,,0,no_candidate_in_caliper,results/P5_1B/pair_distances.csv;data/interim/p5_1b/residue_table.csv
M0345_3bpt_a1,natural,ala,G,A,116,162,,,,,,,,0,,,,,,0,no_candidate_in_caliper,results/P5_1B/pair_distances.csv;data/interim/p5_1b/residue_table.csv
M0364_2tps_a1,natural,ala,R,A,51,167,,,,,,,,0,,,,,,0,no_candidate_in_caliper,results/P5_1B/pair_distances.csv;data/interim/p5_1b/residue_table.csv
M0364_2tps_a1,natural,isosteric,R,K,51,111,,,,,,,,0,,,,,,0,no_candidate_in_caliper,results/P5_1B/pair_distances.csv;data/interim/p5_1b/residue_table.csv
M0364_2tps_a1,natural,non_isosteric,R,D,51,63,,,,,,,,0,,,,,,0,no_candidate_in_caliper,results/P5_1B/pair_distances.csv;data/interim/p5_1b/residue_table.csv
M0375_4ts9_a1,natural,ala,G,A,20,187,,,,,,,,0,,,,,,0,no_candidate_in_caliper,results/P5_1B/pair_distances.csv;data/interim/p5_1b/residue_table.csv
M0375_4ts9_a1,natural,ala,R,A,24,119,,,,,,,,0,,,,,,0,no_candidate_in_caliper,results/P5_1B/pair_distances.csv;data/interim/p5_1b/residue_table.csv
M0375_4ts9_a1,natural,isosteric,R,K,24,43,,,,,,,,0,,,,,,0,no_candidate_in_caliper,results/P5_1B/pair_distances.csv;data/interim/p5_1b/residue_table.csv
M0375_4ts9_a1,natural,isosteric,S,T,90,58,,,,,,,,0,,,,,,0,no_candidate_in_caliper,results/P5_1B/pair_distances.csv;data/interim/p5_1b/residue_table.csv
M0375_4ts9_a1,natural,non_isosteric,R,D,24,55,,,,,,,,0,,,,,,0,no_candidate_in_caliper,results/P5_1B/pair_distances.csv;data/interim/p5_1b/residue_table.csv
M0388_5hrc_a1,natural,ala,S,A,14,174,,,,,,,,,,,,,,0,no_reference_distance (cognate_het_not_in_reference),results/P5_1B/pair_distances.csv;data/interim/p5_1b/residue_table.csv
M0388_5hrc_a1,natural,gly,S,G,14,209,,,,,,,,,,,,,,0,no_reference_distance (cognate_het_not_in_reference),results/P5_1B/pair_distances.csv;data/interim/p5_1b/residue_table.csv
M0388_5hrc_a1,natural,isosteric,S,C,14,42,,,,,,,,,,,,,,0,no_reference_distance (cognate_het_not_in_reference),results/P5_1B/pair_distances.csv;data/interim/p5_1b/residue_table.csv
M0388_5hrc_a1,natural,isosteric,S,T,14,35,,,,,,,,,,,,,,0,no_reference_distance (cognate_het_not_in_reference),results/P5_1B/pair_distances.csv;data/interim/p5_1b/residue_table.csv
M0388_5hrc_a1,natural,non_isosteric,S,L,14,11,,,,,,,,,,,,,,0,no_reference_distance (cognate_het_not_in_reference),results/P5_1B/pair_distances.csv;data/interim/p5_1b/residue_table.csv
M0407_2o7r_a1,natural,isosteric,S,C,169,121,,,,,,,,0,,,,,,0,no_candidate_in_caliper,results/P5_1B/pair_distances.csv;data/interim/p5_1b/residue_table.csv
M0407_2o7r_a1,natural,isosteric,S,T,169,234,,,,,,,,0,,,,,,0,no_candidate_in_caliper,results/P5_1B/pair_distances.csv;data/interim/p5_1b/residue_table.csv
M0407_2o7r_a1,natural,non_isosteric,S,L,169,212,,,,,,,,0,,,,,,0,no_candidate_in_caliper,results/P5_1B/pair_distances.csv;data/interim/p5_1b/residue_table.csv
M0432_1bvv_a1,natural,ala,N,A,35,52,,,,,,,,0,,,,,,0,no_candidate_in_caliper,results/P5_1B/pair_distances.csv;data/interim/p5_1b/residue_table.csv
M0432_1bvv_a1,natural,gly,N,G,35,25,,,,,,,,0,,,,,,0,no_candidate_in_caliper,results/P5_1B/pair_distances.csv;data/interim/p5_1b/residue_table.csv
M0432_1bvv_a1,natural,isosteric,N,D,35,63,,,,,,,,0,,,,,,0,no_candidate_in_caliper,results/P5_1B/pair_distances.csv;data/interim/p5_1b/residue_table.csv
M0432_1bvv_a1,natural,non_isosteric,N,L,35,54,,,,,,,,0,,,,,,0,no_candidate_in_caliper,results/P5_1B/pair_distances.csv;data/interim/p5_1b/residue_table.csv
M0472_1s95_a1,natural,ala,D,A,76,83,,,,,,,,0,,,,,,0,no_candidate_in_caliper,results/P5_1B/pair_distances.csv;data/interim/p5_1b/residue_table.csv
M0472_1s95_a1,natural,gly,D,G,76,141,,,,,,,,0,,,,,,0,no_candidate_in_caliper,results/P5_1B/pair_distances.csv;data/interim/p5_1b/residue_table.csv
M0472_1s95_a1,natural,isosteric,D,N,76,217,,,,,,,,0,,,,,,0,no_candidate_in_caliper,results/P5_1B/pair_distances.csv;data/interim/p5_1b/residue_table.csv
M0472_1s95_a1,natural,isosteric,H,N,78,132,,,,,,,,0,,,,,,0,no_candidate_in_caliper,results/P5_1B/pair_distances.csv;data/interim/p5_1b/residue_table.csv
M0472_1s95_a1,natural,non_isosteric,D,L,76,222,,,,,,,,0,,,,,,0,no_candidate_in_caliper,results/P5_1B/pair_distances.csv;data/interim/p5_1b/residue_table.csv
M0504_1qhf_a1,natural,ala,R,A,59,73,,,,,,,,0,,,,,,0,no_candidate_in_caliper,results/P5_1B/pair_distances.csv;data/interim/p5_1b/residue_table.csv
M0504_1qhf_a1,natural,gly,R,G,59,113,,,,,,,,0,,,,,,0,no_candidate_in_caliper,results/P5_1B/pair_distances.csv;data/interim/p5_1b/residue_table.csv
M0504_1qhf_a1,natural,isosteric,H,N,8,88,,,,,,,,0,,,,,,0,no_candidate_in_caliper,results/P5_1B/pair_distances.csv;data/interim/p5_1b/residue_table.csv
M0504_1qhf_a1,natural,isosteric,R,K,59,186,,,,,,,,0,,,,,,0,no_candidate_in_caliper,results/P5_1B/pair_distances.csv;data/interim/p5_1b/residue_table.csv
M0504_1qhf_a1,natural,non_isosteric,R,D,59,157,,,,,,,,0,,,,,,0,no_candidate_in_caliper,results/P5_1B/pair_distances.csv;data/interim/p5_1b/residue_table.csv
M0524_1z4r_a1,natural,ala,F,A,74,128,,,,,,,,0,,,,,,0,no_candidate_in_caliper,results/P5_1B/pair_distances.csv;data/interim/p5_1b/residue_table.csv
M0524_1z4r_a1,natural,gly,F,G,74,50,,,,,,,,0,,,,,,0,no_candidate_in_caliper,results/P5_1B/pair_distances.csv;data/interim/p5_1b/residue_table.csv
M0524_1z4r_a1,natural,isosteric,F,L,74,33,,,,,,,,0,,,,,,0,no_candidate_in_caliper,results/P5_1B/pair_distances.csv;data/interim/p5_1b/residue_table.csv
M0524_1z4r_a1,natural,isosteric,F,Y,74,133,,,,,,,,0,,,,,,0,no_candidate_in_caliper,results/P5_1B/pair_distances.csv;data/interim/p5_1b/residue_table.csv
M0524_1z4r_a1,natural,non_isosteric,F,D,74,71,,,,,,,,0,,,,,,0,no_candidate_in_caliper,results/P5_1B/pair_distances.csv;data/interim/p5_1b/residue_table.csv
M0541_1u3f_a1,natural,ala,R,A,140,157,,,,,,,,0,,,,,,0,no_candidate_in_caliper,results/P5_1B/pair_distances.csv;data/interim/p5_1b/residue_table.csv
M0541_1u3f_a1,natural,isosteric,D,N,149,113,,,,,,,,0,,,,,,0,no_candidate_in_caliper,results/P5_1B/pair_distances.csv;data/interim/p5_1b/residue_table.csv
M0541_1u3f_a1,natural,isosteric,R,K,140,39,,,,,,,,0,,,,,,0,no_candidate_in_caliper,results/P5_1B/pair_distances.csv;data/interim/p5_1b/residue_table.csv
M0541_1u3f_a1,natural,non_isosteric,D,L,149,51,,,,,,,,0,,,,,,0,no_candidate_in_caliper,results/P5_1B/pair_distances.csv;data/interim/p5_1b/residue_table.csv
M0541_1u3f_a1,natural,non_isosteric,R,D,140,32,,,,,,,,0,,,,,,0,no_candidate_in_caliper,results/P5_1B/pair_distances.csv;data/interim/p5_1b/residue_table.csv
M0572_1o9i_a1,natural,ala,E,A,35,27,,,,,,,,0,,,,,,0,no_candidate_in_caliper,results/P5_1B/pair_distances.csv;data/interim/p5_1b/residue_table.csv
M0572_1o9i_a1,natural,gly,E,G,35,107,,,,,,,,0,,,,,,0,no_candidate_in_caliper,results/P5_1B/pair_distances.csv;data/interim/p5_1b/residue_table.csv
M0572_1o9i_a1,natural,isosteric,E,Q,35,71,,,,,,,,0,,,,,,0,no_candidate_in_caliper,results/P5_1B/pair_distances.csv;data/interim/p5_1b/residue_table.csv
M0572_1o9i_a1,natural,isosteric,E,Q,66,208,,,,,,,,0,,,,,,0,no_candidate_in_caliper,results/P5_1B/pair_distances.csv;data/interim/p5_1b/residue_table.csv
M0572_1o9i_a1,natural,non_isosteric,E,L,35,150,,,,,,,,0,,,,,,0,no_candidate_in_caliper,results/P5_1B/pair_distances.csv;data/interim/p5_1b/residue_table.csv
M0642_1nsf_a1,natural,ala,K,A,76,82,,,,,,,,0,,,,,,0,no_candidate_in_caliper,results/P5_1B/pair_distances.csv;data/interim/p5_1b/residue_table.csv
M0642_1nsf_a1,natural,isosteric,K,R,76,108,,,,,,,,0,,,,,,0,no_candidate_in_caliper,results/P5_1B/pair_distances.csv;data/interim/p5_1b/residue_table.csv
M0642_1nsf_a1,natural,isosteric,T,S,77,173,,,,,,,,0,,,,,,0,no_candidate_in_caliper,results/P5_1B/pair_distances.csv;data/interim/p5_1b/residue_table.csv
M0642_1nsf_a1,natural,isosteric,T,V,77,172,,,,,,,,0,,,,,,0,no_candidate_in_caliper,results/P5_1B/pair_distances.csv;data/interim/p5_1b/residue_table.csv
M0642_1nsf_a1,natural,non_isosteric,K,D,76,166,,,,,,,,0,,,,,,0,no_candidate_in_caliper,results/P5_1B/pair_distances.csv;data/interim/p5_1b/residue_table.csv
M0648_1snn_a1,natural,ala,D,A,30,118,,,,,,,,0,,,,,,0,no_candidate_in_caliper,results/P5_1B/pair_distances.csv;data/interim/p5_1b/residue_table.csv
M0648_1snn_a1,natural,gly,D,G,30,137,,,,,,,,0,,,,,,0,no_candidate_in_caliper,results/P5_1B/pair_distances.csv;data/interim/p5_1b/residue_table.csv
M0648_1snn_a1,natural,isosteric,C,S,55,63,,,,,,,,0,,,,,,0,no_candidate_in_caliper,results/P5_1B/pair_distances.csv;data/interim/p5_1b/residue_table.csv
M0648_1snn_a1,natural,isosteric,D,N,30,116,,,,,,,,0,,,,,,0,no_candidate_in_caliper,results/P5_1B/pair_distances.csv;data/interim/p5_1b/residue_table.csv
M0648_1snn_a1,natural,non_isosteric,D,L,30,21,,,,,,,,0,,,,,,0,no_candidate_in_caliper,results/P5_1B/pair_distances.csv;data/interim/p5_1b/residue_table.csv
M0665_1ez1_a1,natural,ala,S,A,160,298,,,,,,,,0,,,,,,0,no_candidate_in_caliper,results/P5_1B/pair_distances.csv;data/interim/p5_1b/residue_table.csv
M0665_1ez1_a1,natural,gly,S,G,160,130,,,,,,,,0,,,,,,0,no_candidate_in_caliper,results/P5_1B/pair_distances.csv;data/interim/p5_1b/residue_table.csv
M0665_1ez1_a1,natural,isosteric,S,C,160,281,,,,,,,,0,,,,,,0,no_candidate_in_caliper,results/P5_1B/pair_distances.csv;data/interim/p5_1b/residue_table.csv
M0665_1ez1_a1,natural,isosteric,S,T,160,56,,,,,,,,0,,,,,,0,no_candidate_in_caliper,results/P5_1B/pair_distances.csv;data/interim/p5_1b/residue_table.csv
M0665_1ez1_a1,natural,non_isosteric,S,L,160,210,,,,,,,,0,,,,,,0,no_candidate_in_caliper,results/P5_1B/pair_distances.csv;data/interim/p5_1b/residue_table.csv
M0689_1r6w_a1,natural,ala,R,A,135,166,,,,,,,,0,,,,,,0,no_candidate_in_caliper,results/P5_1B/pair_distances.csv;data/interim/p5_1b/residue_table.csv
M0689_1r6w_a1,natural,gly,R,G,135,4,,,,,,,,0,,,,,,0,no_candidate_in_caliper,results/P5_1B/pair_distances.csv;data/interim/p5_1b/residue_table.csv
M0689_1r6w_a1,natural,isosteric,D,N,163,144,,,,,,,,0,,,,,,0,no_candidate_in_caliper,results/P5_1B/pair_distances.csv;data/interim/p5_1b/residue_table.csv
M0689_1r6w_a1,natural,isosteric,R,K,135,303,,,,,,,,0,,,,,,0,no_candidate_in_caliper,results/P5_1B/pair_distances.csv;data/interim/p5_1b/residue_table.csv
M0689_1r6w_a1,natural,non_isosteric,R,D,135,202,,,,,,,,0,,,,,,0,no_candidate_in_caliper,results/P5_1B/pair_distances.csv;data/interim/p5_1b/residue_table.csv
M0712_1xa8_a1,natural,ala,C,A,54,35,,,,,,,,0,,,,,,0,no_candidate_in_caliper,results/P5_1B/pair_distances.csv;data/interim/p5_1b/residue_table.csv
M0712_1xa8_a1,natural,isosteric,C,S,54,33,,,,,,,,0,,,,,,0,no_candidate_in_caliper,results/P5_1B/pair_distances.csv;data/interim/p5_1b/residue_table.csv
M0712_1xa8_a1,natural,non_isosteric,C,L,54,101,,,,,,,,0,,,,,,0,no_candidate_in_caliper,results/P5_1B/pair_distances.csv;data/interim/p5_1b/residue_table.csv
M0725_2acu_a1,natural,ala,D,A,43,105,,,,,,,,0,,,,,,0,no_candidate_in_caliper,results/P5_1B/pair_distances.csv;data/interim/p5_1b/residue_table.csv
M0725_2acu_a1,natural,gly,D,G,43,308,,,,,,,,0,,,,,,0,no_candidate_in_caliper,results/P5_1B/pair_distances.csv;data/interim/p5_1b/residue_table.csv
M0725_2acu_a1,natural,isosteric,D,N,43,230,,,,,,,,0,,,,,,0,no_candidate_in_caliper,results/P5_1B/pair_distances.csv;data/interim/p5_1b/residue_table.csv
M0725_2acu_a1,natural,isosteric,H,N,48,306,,,,,,,,0,,,,,,0,no_candidate_in_caliper,results/P5_1B/pair_distances.csv;data/interim/p5_1b/residue_table.csv
M0725_2acu_a1,natural,non_isosteric,D,L,43,284,,,,,,,,0,,,,,,0,no_candidate_in_caliper,results/P5_1B/pair_distances.csv;data/interim/p5_1b/residue_table.csv
M0795_1wnw_a2,natural,ala,H,A,25,128,,,,,,,,,,,,,,0,"baseline_prediction_has_no_ligand (A1.1, A4)",results/P5_1B/pair_distances.csv;data/interim/p5_1b/residue_table.csv
M0795_1wnw_a2,natural,isosteric,H,N,25,20,,,,,,,,,,,,,,0,"baseline_prediction_has_no_ligand (A1.1, A4)",results/P5_1B/pair_distances.csv;data/interim/p5_1b/residue_table.csv
M0795_1wnw_a2,natural,isosteric,H,Q,25,205,,,,,,,,,,,,,,0,"baseline_prediction_has_no_ligand (A1.1, A4)",results/P5_1B/pair_distances.csv;data/interim/p5_1b/residue_table.csv
M0795_1wnw_a2,natural,non_isosteric,H,L,25,129,,,,,,,,,,,,,,0,"baseline_prediction_has_no_ligand (A1.1, A4)",results/P5_1B/pair_distances.csv;data/interim/p5_1b/residue_table.csv
M0812_1q91_a1,natural,isosteric,D,N,10,133,,,,,,,,0,,,,,,0,no_candidate_in_caliper,results/P5_1B/pair_distances.csv;data/interim/p5_1b/residue_table.csv
M0812_1q91_a1,natural,non_isosteric,D,L,10,140,,,,,,,,0,,,,,,0,no_candidate_in_caliper,results/P5_1B/pair_distances.csv;data/interim/p5_1b/residue_table.csv
M0848_1elu_a1,natural,ala,H,A,111,342,,,,,,,,0,,,,,,0,no_candidate_in_caliper,results/P5_1B/pair_distances.csv;data/interim/p5_1b/residue_table.csv
M0848_1elu_a1,natural,gly,H,G,111,150,,,,,,,,0,,,,,,0,no_candidate_in_caliper,results/P5_1B/pair_distances.csv;data/interim/p5_1b/residue_table.csv
M0848_1elu_a1,natural,isosteric,H,N,111,370,,,,,,,,0,,,,,,0,no_candidate_in_caliper,results/P5_1B/pair_distances.csv;data/interim/p5_1b/residue_table.csv
M0848_1elu_a1,natural,isosteric,H,Q,111,289,,,,,,,,0,,,,,,0,no_candidate_in_caliper,results/P5_1B/pair_distances.csv;data/interim/p5_1b/residue_table.csv
M0848_1elu_a1,natural,non_isosteric,H,L,111,162,,,,,,,,0,,,,,,0,no_candidate_in_caliper,results/P5_1B/pair_distances.csv;data/interim/p5_1b/residue_table.csv
M0867_1oe8_a1,natural,ala,Y,A,10,182,,,,,,,,0,,,,,,0,no_candidate_in_caliper,results/P5_1B/pair_distances.csv;data/interim/p5_1b/residue_table.csv
M0867_1oe8_a1,natural,gly,Y,G,10,109,,,,,,,,0,,,,,,0,no_candidate_in_caliper,results/P5_1B/pair_distances.csv;data/interim/p5_1b/residue_table.csv
M0867_1oe8_a1,natural,isosteric,R,K,21,76,,,,,,,,0,,,,,,0,no_candidate_in_caliper,results/P5_1B/pair_distances.csv;data/interim/p5_1b/residue_table.csv
M0867_1oe8_a1,natural,isosteric,Y,F,10,93,,,,,,,,0,,,,,,0,no_candidate_in_caliper,results/P5_1B/pair_distances.csv;data/interim/p5_1b/residue_table.csv
M0867_1oe8_a1,natural,non_isosteric,Y,K,10,92,,,,,,,,0,,,,,,0,no_candidate_in_caliper,results/P5_1B/pair_distances.csv;data/interim/p5_1b/residue_table.csv
M0883_2dln_a1,natural,isosteric,S,T,150,19,,,,,,,,0,,,,,,0,no_candidate_in_caliper,results/P5_1B/pair_distances.csv;data/interim/p5_1b/residue_table.csv
M0904_1qgx_a1,natural,ala,D,A,49,263,,,,,,,,0,,,,,,0,no_candidate_in_caliper,results/P5_1B/pair_distances.csv;data/interim/p5_1b/residue_table.csv
M0904_1qgx_a1,natural,gly,D,G,49,67,,,,,,,,0,,,,,,0,no_candidate_in_caliper,results/P5_1B/pair_distances.csv;data/interim/p5_1b/residue_table.csv
M0904_1qgx_a1,natural,isosteric,D,N,49,277,,,,,,,,0,,,,,,0,no_candidate_in_caliper,results/P5_1B/pair_distances.csv;data/interim/p5_1b/residue_table.csv
M0904_1qgx_a1,natural,isosteric,E,Q,72,246,,,,,,,,0,,,,,,0,no_candidate_in_caliper,results/P5_1B/pair_distances.csv;data/interim/p5_1b/residue_table.csv
M0904_1qgx_a1,natural,non_isosteric,D,L,49,311,,,,,,,,0,,,,,,0,no_candidate_in_caliper,results/P5_1B/pair_distances.csv;data/interim/p5_1b/residue_table.csv
M0934_3cla_a1,natural,isosteric,H,N,189,138,,,,,,,,0,,,,,,0,no_candidate_in_caliper,results/P5_1B/pair_distances.csv;data/interim/p5_1b/residue_table.csv
M0934_3cla_a1,natural,isosteric,H,Q,189,196,,,,,,,,0,,,,,,0,no_candidate_in_caliper,results/P5_1B/pair_distances.csv;data/interim/p5_1b/residue_table.csv
M0934_3cla_a1,natural,non_isosteric,H,L,189,91,,,,,,,,0,,,,,,0,no_candidate_in_caliper,results/P5_1B/pair_distances.csv;data/interim/p5_1b/residue_table.csv
M0940_4h2h_a1,natural,ala,K,A,172,161,,,,,,,,0,,,,,,0,no_candidate_in_caliper,results/P5_1B/pair_distances.csv;data/interim/p5_1b/residue_table.csv
M0940_4h2h_a1,natural,isosteric,K,R,172,45,,,,,,,,0,,,,,,0,no_candidate_in_caliper,results/P5_1B/pair_distances.csv;data/interim/p5_1b/residue_table.csv
M0940_4h2h_a1,natural,non_isosteric,K,D,172,109,,,,,,,,0,,,,,,0,no_candidate_in_caliper,results/P5_1B/pair_distances.csv;data/interim/p5_1b/residue_table.csv
M0942_2oln_a1,natural,ala,R,A,53,299,,,,,,,,0,,,,,,0,no_candidate_in_caliper,results/P5_1B/pair_distances.csv;data/interim/p5_1b/residue_table.csv
M0942_2oln_a1,natural,gly,R,G,53,129,,,,,,,,0,,,,,,0,no_candidate_in_caliper,results/P5_1B/pair_distances.csv;data/interim/p5_1b/residue_table.csv
M0942_2oln_a1,natural,isosteric,E,Q,101,49,,,,,,,,0,,,,,,0,no_candidate_in_caliper,results/P5_1B/pair_distances.csv;data/interim/p5_1b/residue_table.csv
M0942_2oln_a1,natural,isosteric,R,K,53,50,,,,,,,,0,,,,,,0,no_candidate_in_caliper,results/P5_1B/pair_distances.csv;data/interim/p5_1b/residue_table.csv
M0942_2oln_a1,natural,non_isosteric,R,D,53,331,,,,,,,,0,,,,,,0,no_candidate_in_caliper,results/P5_1B/pair_distances.csv;data/interim/p5_1b/residue_table.csv
M0956_2zr8_a1,natural,ala,K,A,57,101,,,,,,,,,,,,,,0,no_reference_distance (cognate_het_not_in_reference),results/P5_1B/pair_distances.csv;data/interim/p5_1b/residue_table.csv
M0956_2zr8_a1,natural,gly,K,G,57,166,,,,,,,,,,,,,,0,no_reference_distance (cognate_het_not_in_reference),results/P5_1B/pair_distances.csv;data/interim/p5_1b/residue_table.csv
M0956_2zr8_a1,natural,isosteric,K,R,57,112,,,,,,,,,,,,,,0,no_reference_distance (cognate_het_not_in_reference),results/P5_1B/pair_distances.csv;data/interim/p5_1b/residue_table.csv
M0956_2zr8_a1,natural,isosteric,S,T,82,92,,,,,,,,,,,,,,0,no_reference_distance (cognate_het_not_in_reference),results/P5_1B/pair_distances.csv;data/interim/p5_1b/residue_table.csv
M0956_2zr8_a1,natural,non_isosteric,K,D,57,46,,,,,,,,,,,,,,0,no_reference_distance (cognate_het_not_in_reference),results/P5_1B/pair_distances.csv;data/interim/p5_1b/residue_table.csv
M0959_3dg6_a1,natural,ala,D,A,191,296,,,,,,,,0,,,,,,0,no_candidate_in_caliper,results/P5_1B/pair_distances.csv;data/interim/p5_1b/residue_table.csv
M0959_3dg6_a1,natural,isosteric,D,N,191,108,,,,,,,,0,,,,,,0,no_candidate_in_caliper,results/P5_1B/pair_distances.csv;data/interim/p5_1b/residue_table.csv
M0959_3dg6_a1,natural,non_isosteric,D,L,191,171,,,,,,,,0,,,,,,0,no_candidate_in_caliper,results/P5_1B/pair_distances.csv;data/interim/p5_1b/residue_table.csv
M0963_4eay_a1,natural,ala,H,A,253,88,,,,,,,,0,,,,,,0,no_candidate_in_caliper,results/P5_1B/pair_distances.csv;data/interim/p5_1b/residue_table.csv
M0963_4eay_a1,natural,gly,H,G,253,216,,,,,,,,0,,,,,,0,no_candidate_in_caliper,results/P5_1B/pair_distances.csv;data/interim/p5_1b/residue_table.csv
M0963_4eay_a1,natural,isosteric,H,N,253,336,,,,,,,,0,,,,,,0,no_candidate_in_caliper,results/P5_1B/pair_distances.csv;data/interim/p5_1b/residue_table.csv
M0963_4eay_a1,natural,isosteric,H,Q,253,374,,,,,,,,0,,,,,,0,no_candidate_in_caliper,results/P5_1B/pair_distances.csv;data/interim/p5_1b/residue_table.csv
M0963_4eay_a1,natural,non_isosteric,H,L,253,332,,,,,,,,0,,,,,,0,no_candidate_in_caliper,results/P5_1B/pair_distances.csv;data/interim/p5_1b/residue_table.csv
M0965_5vsm_a1,natural,ala,C,A,40,168,,,,,,,,0,,,,,,0,no_candidate_in_caliper,results/P5_1B/pair_distances.csv;data/interim/p5_1b/residue_table.csv
M0965_5vsm_a1,natural,gly,C,G,40,207,,,,,,,,0,,,,,,0,no_candidate_in_caliper,results/P5_1B/pair_distances.csv;data/interim/p5_1b/residue_table.csv
M0965_5vsm_a1,natural,isosteric,C,S,40,245,,,,,,,,0,,,,,,0,no_candidate_in_caliper,results/P5_1B/pair_distances.csv;data/interim/p5_1b/residue_table.csv
M0965_5vsm_a1,natural,non_isosteric,C,L,40,270,,,,,,,,0,,,,,,0,no_candidate_in_caliper,results/P5_1B/pair_distances.csv;data/interim/p5_1b/residue_table.csv
M0967_3uxj_a1,natural,ala,C,A,197,251,,,,,,,,0,,,,,,0,no_candidate_in_caliper,results/P5_1B/pair_distances.csv;data/interim/p5_1b/residue_table.csv
M0967_3uxj_a1,natural,gly,C,G,197,130,,,,,,,,0,,,,,,0,no_candidate_in_caliper,results/P5_1B/pair_distances.csv;data/interim/p5_1b/residue_table.csv
M0967_3uxj_a1,natural,isosteric,C,S,197,239,,,,,,,,0,,,,,,0,no_candidate_in_caliper,results/P5_1B/pair_distances.csv;data/interim/p5_1b/residue_table.csv
M0967_3uxj_a1,natural,isosteric,T,S,200,111,,,,,,,,0,,,,,,0,no_candidate_in_caliper,results/P5_1B/pair_distances.csv;data/interim/p5_1b/residue_table.csv
M0967_3uxj_a1,natural,non_isosteric,C,L,197,62,,,,,,,,0,,,,,,0,no_candidate_in_caliper,results/P5_1B/pair_distances.csv;data/interim/p5_1b/residue_table.csv
M0979_3mvf_a1,natural,ala,D,A,30,113,,,,,,,,0,,,,,,0,no_candidate_in_caliper,results/P5_1B/pair_distances.csv;data/interim/p5_1b/residue_table.csv
M0979_3mvf_a1,natural,gly,D,G,30,174,,,,,,,,0,,,,,,0,no_candidate_in_caliper,results/P5_1B/pair_distances.csv;data/interim/p5_1b/residue_table.csv
M0979_3mvf_a1,natural,isosteric,D,N,30,66,,,,,,,,0,,,,,,0,no_candidate_in_caliper,results/P5_1B/pair_distances.csv;data/interim/p5_1b/residue_table.csv
M0979_3mvf_a1,natural,isosteric,H,N,59,120,,,,,,,,0,,,,,,0,no_candidate_in_caliper,results/P5_1B/pair_distances.csv;data/interim/p5_1b/residue_table.csv
M0979_3mvf_a1,natural,non_isosteric,D,L,30,90,,,,,,,,0,,,,,,0,no_candidate_in_caliper,results/P5_1B/pair_distances.csv;data/interim/p5_1b/residue_table.csv
M0999_1t8u_a1,natural,ala,K,A,28,213,,,,,,,,0,,,,,,0,no_candidate_in_caliper,results/P5_1B/pair_distances.csv;data/interim/p5_1b/residue_table.csv
M0999_1t8u_a1,natural,gly,K,G,28,16,,,,,,,,0,,,,,,0,no_candidate_in_caliper,results/P5_1B/pair_distances.csv;data/interim/p5_1b/residue_table.csv
M0999_1t8u_a1,natural,isosteric,E,Q,50,133,,,,,,,,0,,,,,,0,no_candidate_in_caliper,results/P5_1B/pair_distances.csv;data/interim/p5_1b/residue_table.csv
M0999_1t8u_a1,natural,isosteric,K,R,28,220,,,,,,,,0,,,,,,0,no_candidate_in_caliper,results/P5_1B/pair_distances.csv;data/interim/p5_1b/residue_table.csv
M0999_1t8u_a1,natural,non_isosteric,K,D,28,219,,,,,,,,0,,,,,,0,no_candidate_in_caliper,results/P5_1B/pair_distances.csv;data/interim/p5_1b/residue_table.csv
