test_id,source,metric_name,role,a3_status,headline,N_pairs,N_systems,analysis,model,control,k_pairs,k_systems,n_rows,eps,frac_zero_abs_delta,source_artifact,adj_GMR_cat_over_ctl,adj_GMR_cat_over_ctl_lo95,adj_GMR_cat_over_ctl_hi95,unadj_GMR_cat_over_ctl,unadj_GMR_cat_over_ctl_lo95,unadj_GMR_cat_over_ctl_hi95,beta_d_lig_per_A,beta_d_lig_per_A_lo95,beta_d_lig_per_A_hi95,beta_relSASA,beta_relSASA_lo95,beta_relSASA_hi95,status
P5_CAXIS_DN,denovo,ame_self_clash_max,interface,X-UNDEF-COV,1,26,15,c_adjusted,log(|delta|+eps)~arm+d_lig+relSASA,original_controls,26,15,52,0.0161,0.0,results/P5/caxis_deltas.csv;results/P5_1B/pair_distances.csv,1.072,0.5168,2.1484,1.0019,0.6788,1.4915,0.0107,-0.0594,0.0628,-2.007,-5.3756,6.3412,ok
P5_CAXIS_DN,denovo,ame_self_clash_max,interface,X-UNDEF-COV,1,26,15,c_adjusted,log(|delta|+eps)~arm+d_lig+relSASA,plus_new_controls,26,15,55,0.0161,0.0,results/P5/caxis_deltas.csv;results/P5_1B/pair_distances.csv,0.791,0.4772,2.0666,0.9081,0.6465,1.4185,-0.0212,-0.0728,0.0589,-2.069,-5.5457,5.8256,ok
P5_CAXIS_DN,denovo,ame_self_pass,knockon,X-UNDEF-COV,1,26,15,c_adjusted,log(|delta|+eps)~arm+d_lig+relSASA,original_controls,26,15,52,0.1,0.8846,results/P5/caxis_deltas.csv;results/P5_1B/pair_distances.csv,,,,,,,,,,,,,not_estimable (>50% exactly-zero |delta|)
P5_CAXIS_DN,denovo,ame_self_pass,knockon,X-UNDEF-COV,1,26,15,c_adjusted,log(|delta|+eps)~arm+d_lig+relSASA,plus_new_controls,26,15,55,0.1,0.8727,results/P5/caxis_deltas.csv;results/P5_1B/pair_distances.csv,,,,,,,,,,,,,not_estimable (>50% exactly-zero |delta|)
P5_CAXIS_DN,denovo,ame_self_rmsd_max,knockon,X-UNDEF-COV,0,26,15,c_adjusted,log(|delta|+eps)~arm+d_lig+relSASA,original_controls,26,15,52,0.0245,0.0,results/P5/caxis_deltas.csv;results/P5_1B/pair_distances.csv,1.3308,0.4938,4.8889,1.5218,0.9503,2.4593,-0.0205,-0.1383,0.1598,2.8372,-8.5434,9.1556,ok
P5_CAXIS_DN,denovo,ame_self_rmsd_max,knockon,X-UNDEF-COV,0,26,15,c_adjusted,log(|delta|+eps)~arm+d_lig+relSASA,plus_new_controls,26,15,55,0.0245,0.0,results/P5/caxis_deltas.csv;results/P5_1B/pair_distances.csv,1.374,0.509,4.8815,1.5276,0.9768,2.4508,-0.0171,-0.1336,0.1598,2.8437,-8.5313,9.1132,ok
P5_CAXIS_DN,denovo,ame_self_rmsd_mean,knockon,X-UNDEF-COV,0,26,15,c_adjusted,log(|delta|+eps)~arm+d_lig+relSASA,original_controls,26,15,52,0.0202,0.0,results/P5/caxis_deltas.csv;results/P5_1B/pair_distances.csv,1.3664,0.5305,5.7992,1.807,1.2758,3.0096,-0.0399,-0.1359,0.1168,0.6652,-6.828,6.0632,ok
P5_CAXIS_DN,denovo,ame_self_rmsd_mean,knockon,X-UNDEF-COV,0,26,15,c_adjusted,log(|delta|+eps)~arm+d_lig+relSASA,plus_new_controls,26,15,55,0.0202,0.0,results/P5/caxis_deltas.csv;results/P5_1B/pair_distances.csv,1.3985,0.5726,5.7992,1.7753,1.2723,2.9828,-0.0375,-0.1314,0.1165,0.67,-6.8276,5.9836,ok
P5_CAXIS_DN,denovo,ame_self_rmsd_min,knockon,X-UNDEF-COV,1,26,15,c_adjusted,log(|delta|+eps)~arm+d_lig+relSASA,original_controls,26,15,52,0.0163,0.0,results/P5/caxis_deltas.csv;results/P5_1B/pair_distances.csv,0.781,0.3142,8.1675,1.3122,0.5195,3.4284,-0.0704,-0.1646,0.1517,-5.6443,-10.7335,4.4619,ok
P5_CAXIS_DN,denovo,ame_self_rmsd_min,knockon,X-UNDEF-COV,1,26,15,c_adjusted,log(|delta|+eps)~arm+d_lig+relSASA,plus_new_controls,26,15,55,0.0163,0.0,results/P5/caxis_deltas.csv;results/P5_1B/pair_distances.csv,1.0759,0.4454,8.1675,1.3711,0.5445,3.4284,-0.0369,-0.1188,0.1517,-5.5791,-10.7499,4.7673,ok
P5_CAXIS_DN,denovo,ame_self_rmsd_naive_min,knockon,X-UNDEF-COV,0,26,15,c_adjusted,log(|delta|+eps)~arm+d_lig+relSASA,original_controls,26,15,52,0.0163,0.0,results/P5/caxis_deltas.csv;results/P5_1B/pair_distances.csv,0.781,0.3142,8.1675,1.3122,0.5195,3.4284,-0.0704,-0.1646,0.1517,-5.6443,-10.7335,4.4619,ok
P5_CAXIS_DN,denovo,ame_self_rmsd_naive_min,knockon,X-UNDEF-COV,0,26,15,c_adjusted,log(|delta|+eps)~arm+d_lig+relSASA,plus_new_controls,26,15,55,0.0163,0.0,results/P5/caxis_deltas.csv;results/P5_1B/pair_distances.csv,1.0759,0.4454,8.1675,1.3711,0.5445,3.4284,-0.0369,-0.1188,0.1517,-5.5791,-10.7499,4.7673,ok
P5_CAXIS_DN,denovo,ame_self_rmsd_std,knockon,X-UNDEF-COV,0,26,15,c_adjusted,log(|delta|+eps)~arm+d_lig+relSASA,original_controls,26,15,52,0.0077,0.0,results/P5/caxis_deltas.csv;results/P5_1B/pair_distances.csv,1.7867,0.6379,5.6495,1.6976,0.8751,3.0341,0.0045,-0.104,0.1794,5.0367,-7.1249,11.4431,ok
P5_CAXIS_DN,denovo,ame_self_rmsd_std,knockon,X-UNDEF-COV,0,26,15,c_adjusted,log(|delta|+eps)~arm+d_lig+relSASA,plus_new_controls,26,15,55,0.0077,0.0,results/P5/caxis_deltas.csv;results/P5_1B/pair_distances.csv,1.4703,0.6369,5.503,1.6171,0.8596,3.0042,-0.0159,-0.1052,0.1791,4.997,-7.3834,11.4295,ok
P5_CAXIS_DN,denovo,chai_aggregate_score_max,interface,X-UNDEF-COV,0,26,15,c_adjusted,log(|delta|+eps)~arm+d_lig+relSASA,original_controls,26,15,52,0.0032,0.0,results/P5/caxis_deltas.csv;results/P5_1B/pair_distances.csv,1.0984,0.6476,2.4321,1.5548,1.0153,2.5044,-0.0515,-0.1109,0.0205,4.2794,-3.5192,8.3589,ok
P5_CAXIS_DN,denovo,chai_aggregate_score_max,interface,X-UNDEF-COV,0,26,15,c_adjusted,log(|delta|+eps)~arm+d_lig+relSASA,plus_new_controls,26,15,55,0.0032,0.0,results/P5/caxis_deltas.csv;results/P5_1B/pair_distances.csv,1.0476,0.6805,2.4279,1.4943,0.9676,2.5044,-0.0564,-0.1094,0.0205,4.2698,-3.5192,8.3651,ok
P5_CAXIS_DN,denovo,chai_aggregate_score_mean,interface,X-UNDEF-COV,1,26,15,c_adjusted,log(|delta|+eps)~arm+d_lig+relSASA,original_controls,26,15,52,0.0034,0.0,results/P5/caxis_deltas.csv;results/P5_1B/pair_distances.csv,1.1715,0.601,3.6853,1.4713,0.8723,2.6935,-0.0344,-0.1021,0.0746,3.9771,-4.0922,8.7583,ok
P5_CAXIS_DN,denovo,chai_aggregate_score_mean,interface,X-UNDEF-COV,1,26,15,c_adjusted,log(|delta|+eps)~arm+d_lig+relSASA,plus_new_controls,26,15,55,0.0034,0.0,results/P5/caxis_deltas.csv;results/P5_1B/pair_distances.csv,1.2248,0.718,3.6853,1.4735,0.9227,2.6935,-0.0297,-0.0974,0.0743,3.9862,-4.089,8.777,ok
P5_CAXIS_DN,denovo,chai_aggregate_score_std,interface,X-UNDEF-COV,0,26,15,c_adjusted,log(|delta|+eps)~arm+d_lig+relSASA,original_controls,26,15,52,0.0002,0.0,results/P5/caxis_deltas.csv;results/P5_1B/pair_distances.csv,2.0859,0.5865,10.0107,1.4888,0.9825,2.1715,0.0535,-0.063,0.2342,-10.8332,-26.2618,-2.0383,ok
P5_CAXIS_DN,denovo,chai_aggregate_score_std,interface,X-UNDEF-COV,0,26,15,c_adjusted,log(|delta|+eps)~arm+d_lig+relSASA,plus_new_controls,26,15,55,0.0002,0.0,results/P5/caxis_deltas.csv;results/P5_1B/pair_distances.csv,1.289,0.4678,10.0107,1.2811,0.8844,2.0901,0.0031,-0.1004,0.2342,-10.9312,-26.3532,-1.9022,ok
P5_CAXIS_DN,denovo,chai_has_inter_chain_clashes_max,global,X-UNDEF-COV,0,26,15,c_adjusted,log(|delta|+eps)~arm+d_lig+relSASA,original_controls,26,15,52,0.0,1.0,results/P5/caxis_deltas.csv;results/P5_1B/pair_distances.csv,,,,,,,,,,,,,not_estimable (>50% exactly-zero |delta|)
P5_CAXIS_DN,denovo,chai_has_inter_chain_clashes_max,global,X-UNDEF-COV,0,26,15,c_adjusted,log(|delta|+eps)~arm+d_lig+relSASA,plus_new_controls,26,15,55,0.0,1.0,results/P5/caxis_deltas.csv;results/P5_1B/pair_distances.csv,,,,,,,,,,,,,not_estimable (>50% exactly-zero |delta|)
P5_CAXIS_DN,denovo,chai_has_inter_chain_clashes_mean,global,X-UNDEF-COV,0,26,15,c_adjusted,log(|delta|+eps)~arm+d_lig+relSASA,original_controls,26,15,52,0.0,1.0,results/P5/caxis_deltas.csv;results/P5_1B/pair_distances.csv,,,,,,,,,,,,,not_estimable (>50% exactly-zero |delta|)
P5_CAXIS_DN,denovo,chai_has_inter_chain_clashes_mean,global,X-UNDEF-COV,0,26,15,c_adjusted,log(|delta|+eps)~arm+d_lig+relSASA,plus_new_controls,26,15,55,0.0,1.0,results/P5/caxis_deltas.csv;results/P5_1B/pair_distances.csv,,,,,,,,,,,,,not_estimable (>50% exactly-zero |delta|)
P5_CAXIS_DN,denovo,chai_has_inter_chain_clashes_std,global,X-UNDEF-COV,0,26,15,c_adjusted,log(|delta|+eps)~arm+d_lig+relSASA,original_controls,26,15,52,0.0,1.0,results/P5/caxis_deltas.csv;results/P5_1B/pair_distances.csv,,,,,,,,,,,,,not_estimable (>50% exactly-zero |delta|)
P5_CAXIS_DN,denovo,chai_has_inter_chain_clashes_std,global,X-UNDEF-COV,0,26,15,c_adjusted,log(|delta|+eps)~arm+d_lig+relSASA,plus_new_controls,26,15,55,0.0,1.0,results/P5/caxis_deltas.csv;results/P5_1B/pair_distances.csv,,,,,,,,,,,,,not_estimable (>50% exactly-zero |delta|)
P5_CAXIS_DN,denovo,chai_iptm_max,interface,X-UNDEF-COV,0,26,15,c_adjusted,log(|delta|+eps)~arm+d_lig+relSASA,original_controls,26,15,52,0.0039,0.0,results/P5/caxis_deltas.csv;results/P5_1B/pair_distances.csv,1.0987,0.6622,2.3256,1.6172,1.0926,2.5409,-0.0567,-0.1121,0.0114,3.7358,-3.6501,7.8134,ok
P5_CAXIS_DN,denovo,chai_iptm_max,interface,X-UNDEF-COV,0,26,15,c_adjusted,log(|delta|+eps)~arm+d_lig+relSASA,plus_new_controls,26,15,55,0.0039,0.0,results/P5/caxis_deltas.csv;results/P5_1B/pair_distances.csv,1.063,0.6996,2.3194,1.5539,1.0369,2.5409,-0.0602,-0.1108,0.0111,3.729,-3.6501,7.8327,ok
P5_CAXIS_DN,denovo,chai_iptm_mean,interface,X-UNDEF-COV,1,26,15,c_adjusted,log(|delta|+eps)~arm+d_lig+relSASA,original_controls,26,15,52,0.0043,0.0,results/P5/caxis_deltas.csv;results/P5_1B/pair_distances.csv,1.2616,0.6188,4.4558,1.5557,0.9173,2.9026,-0.0318,-0.1027,0.0882,3.9009,-3.832,8.5459,ok
P5_CAXIS_DN,denovo,chai_iptm_mean,interface,X-UNDEF-COV,1,26,15,c_adjusted,log(|delta|+eps)~arm+d_lig+relSASA,plus_new_controls,26,15,55,0.0043,0.0,results/P5/caxis_deltas.csv;results/P5_1B/pair_distances.csv,1.3242,0.7588,4.4558,1.5626,0.9758,2.9026,-0.0267,-0.0954,0.0882,3.9108,-3.821,8.5684,ok
P5_CAXIS_DN,denovo,chai_iptm_std,interface,X-UNDEF-COV,0,26,15,c_adjusted,log(|delta|+eps)~arm+d_lig+relSASA,original_controls,26,15,52,0.0003,0.0,results/P5/caxis_deltas.csv;results/P5_1B/pair_distances.csv,2.0018,0.574,9.4201,1.5079,0.9838,2.21,0.0458,-0.0721,0.2261,-10.5842,-26.378,-1.5879,ok
P5_CAXIS_DN,denovo,chai_iptm_std,interface,X-UNDEF-COV,0,26,15,c_adjusted,log(|delta|+eps)~arm+d_lig+relSASA,plus_new_controls,26,15,55,0.0003,0.0,results/P5/caxis_deltas.csv;results/P5_1B/pair_distances.csv,1.2538,0.4566,9.4201,1.2973,0.8851,2.1173,-0.0032,-0.1094,0.2261,-10.6795,-26.3893,-1.4774,ok
P5_CAXIS_DN,denovo,chai_per_chain_ptm_min_max,interface,X-UNDEF-COV,0,26,15,c_adjusted,log(|delta|+eps)~arm+d_lig+relSASA,original_controls,26,15,52,0.0012,0.0,results/P5/caxis_deltas.csv;results/P5_1B/pair_distances.csv,0.5135,0.1917,1.6574,1.1805,0.6811,2.4973,-0.1217,-0.2329,-0.0348,7.2928,1.0617,11.0323,ok
P5_CAXIS_DN,denovo,chai_per_chain_ptm_min_max,interface,X-UNDEF-COV,0,26,15,c_adjusted,log(|delta|+eps)~arm+d_lig+relSASA,plus_new_controls,26,15,55,0.0012,0.0,results/P5/caxis_deltas.csv;results/P5_1B/pair_distances.csv,0.6713,0.1992,1.6546,1.2099,0.7394,2.4973,-0.0936,-0.2329,-0.0295,7.3474,1.0621,11.1624,ok
P5_CAXIS_DN,denovo,chai_per_chain_ptm_min_mean,interface,X-UNDEF-COV,1,26,15,c_adjusted,log(|delta|+eps)~arm+d_lig+relSASA,original_controls,26,15,52,0.0011,0.0,results/P5/caxis_deltas.csv;results/P5_1B/pair_distances.csv,0.5077,0.1725,1.6936,1.0917,0.6096,2.3938,-0.1123,-0.232,-0.0168,7.4149,-0.371,11.4192,ok
P5_CAXIS_DN,denovo,chai_per_chain_ptm_min_mean,interface,X-UNDEF-COV,1,26,15,c_adjusted,log(|delta|+eps)~arm+d_lig+relSASA,plus_new_controls,26,15,55,0.0011,0.0,results/P5/caxis_deltas.csv;results/P5_1B/pair_distances.csv,0.6718,0.1762,1.6984,1.1309,0.6768,2.3938,-0.083,-0.232,-0.0052,7.4719,-0.2547,11.5447,ok
P5_CAXIS_DN,denovo,chai_per_chain_ptm_min_std,interface,X-UNDEF-COV,0,26,15,c_adjusted,log(|delta|+eps)~arm+d_lig+relSASA,original_controls,26,15,52,0.0001,0.0,results/P5/caxis_deltas.csv;results/P5_1B/pair_distances.csv,1.1642,0.4499,3.2384,1.3776,0.8982,2.0669,-0.0241,-0.1331,0.0913,0.4972,-10.2481,7.3786,ok
P5_CAXIS_DN,denovo,chai_per_chain_ptm_min_std,interface,X-UNDEF-COV,0,26,15,c_adjusted,log(|delta|+eps)~arm+d_lig+relSASA,plus_new_controls,26,15,55,0.0001,0.0,results/P5/caxis_deltas.csv;results/P5_1B/pair_distances.csv,1.1663,0.4603,3.2312,1.3578,0.8974,2.0372,-0.0239,-0.13,0.0913,0.4976,-10.0469,7.3787,ok
P5_CAXIS_DN,denovo,chai_per_chain_ptm_protein_max,global,X-UNDEF-COV,0,26,15,c_adjusted,log(|delta|+eps)~arm+d_lig+relSASA,original_controls,26,15,52,0.0006,0.0,results/P5/caxis_deltas.csv;results/P5_1B/pair_distances.csv,0.5161,0.143,1.8607,0.8665,0.4909,1.9175,-0.0774,-0.2021,0.0269,7.5544,-1.8708,12.8685,ok
P5_CAXIS_DN,denovo,chai_per_chain_ptm_protein_max,global,X-UNDEF-COV,0,26,15,c_adjusted,log(|delta|+eps)~arm+d_lig+relSASA,plus_new_controls,26,15,55,0.0006,0.0,results/P5/caxis_deltas.csv;results/P5_1B/pair_distances.csv,0.5481,0.1457,1.6829,0.8549,0.5083,1.9134,-0.0711,-0.2021,0.0179,7.5667,-1.9024,12.7603,ok
P5_CAXIS_DN,denovo,chai_per_chain_ptm_protein_mean,global,X-UNDEF-COV,0,26,15,c_adjusted,log(|delta|+eps)~arm+d_lig+relSASA,original_controls,26,15,52,0.0006,0.0,results/P5/caxis_deltas.csv;results/P5_1B/pair_distances.csv,0.5013,0.1299,1.8348,0.8134,0.4491,1.7531,-0.0727,-0.1948,0.0275,7.9063,-1.2398,13.6055,ok
P5_CAXIS_DN,denovo,chai_per_chain_ptm_protein_mean,global,X-UNDEF-COV,0,26,15,c_adjusted,log(|delta|+eps)~arm+d_lig+relSASA,plus_new_controls,26,15,55,0.0006,0.0,results/P5/caxis_deltas.csv;results/P5_1B/pair_distances.csv,0.5294,0.1345,1.6454,0.8043,0.4639,1.7531,-0.067,-0.1948,0.0176,7.9174,-1.2841,13.4858,ok
P5_CAXIS_DN,denovo,chai_per_chain_ptm_protein_std,global,X-UNDEF-COV,0,26,15,c_adjusted,log(|delta|+eps)~arm+d_lig+relSASA,original_controls,26,15,52,0.0,0.0,results/P5/caxis_deltas.csv;results/P5_1B/pair_distances.csv,0.9819,0.3218,2.931,1.471,1.0184,2.4764,-0.0583,-0.1892,0.0783,2.0265,-6.1323,8.0327,ok
P5_CAXIS_DN,denovo,chai_per_chain_ptm_protein_std,global,X-UNDEF-COV,0,26,15,c_adjusted,log(|delta|+eps)~arm+d_lig+relSASA,plus_new_controls,26,15,55,0.0,0.0,results/P5/caxis_deltas.csv;results/P5_1B/pair_distances.csv,0.8137,0.324,2.8816,1.3358,0.9361,2.4137,-0.078,-0.1892,0.0767,1.9882,-6.3528,7.8956,ok
P5_CAXIS_DN,denovo,chai_plddt_best_model,global,X-UNDEF-COV,0,26,15,c_adjusted,log(|delta|+eps)~arm+d_lig+relSASA,original_controls,26,15,52,0.0375,0.0,results/P5/caxis_deltas.csv;results/P5_1B/pair_distances.csv,0.8736,0.2397,2.4286,0.9107,0.4613,2.2375,-0.0099,-0.16,0.0831,7.5522,-4.5032,13.514,ok
P5_CAXIS_DN,denovo,chai_plddt_best_model,global,X-UNDEF-COV,0,26,15,c_adjusted,log(|delta|+eps)~arm+d_lig+relSASA,plus_new_controls,26,15,55,0.0375,0.0,results/P5/caxis_deltas.csv;results/P5_1B/pair_distances.csv,0.8855,0.2433,2.1689,0.9262,0.4925,2.2227,-0.0085,-0.16,0.0664,7.555,-4.5044,13.4041,ok
P5_CAXIS_DN,denovo,chai_plddt_mean,global,X-UNDEF-COV,1,26,15,c_adjusted,log(|delta|+eps)~arm+d_lig+relSASA,original_controls,26,15,52,0.0411,0.0,results/P5/caxis_deltas.csv;results/P5_1B/pair_distances.csv,0.9231,0.2563,2.5762,0.8825,0.4704,1.9719,0.0023,-0.1341,0.0862,7.6204,-3.4409,13.5122,ok
P5_CAXIS_DN,denovo,chai_plddt_mean,global,X-UNDEF-COV,1,26,15,c_adjusted,log(|delta|+eps)~arm+d_lig+relSASA,plus_new_controls,26,15,55,0.0411,0.0,results/P5/caxis_deltas.csv;results/P5_1B/pair_distances.csv,0.9238,0.2609,2.3119,0.9013,0.4982,1.9641,0.0024,-0.1341,0.0683,7.6205,-3.4409,13.3774,ok
P5_CAXIS_DN,denovo,chai_plddt_min,global,X-UNDEF-COV,0,26,15,c_adjusted,log(|delta|+eps)~arm+d_lig+relSASA,original_controls,26,15,52,0.0955,0.0,results/P5/caxis_deltas.csv;results/P5_1B/pair_distances.csv,0.4747,0.1546,1.3032,0.6259,0.3544,1.2278,-0.0394,-0.1568,0.039,0.5184,-4.8974,4.8418,ok
P5_CAXIS_DN,denovo,chai_plddt_min,global,X-UNDEF-COV,0,26,15,c_adjusted,log(|delta|+eps)~arm+d_lig+relSASA,plus_new_controls,26,15,55,0.0955,0.0,results/P5/caxis_deltas.csv;results/P5_1B/pair_distances.csv,0.6949,0.1546,1.529,0.6921,0.3749,1.2652,0.0005,-0.1568,0.0681,0.5959,-4.7489,5.257,ok
P5_CAXIS_DN,denovo,chai_plddt_std_across_models,global,X-UNDEF-COV,0,26,15,c_adjusted,log(|delta|+eps)~arm+d_lig+relSASA,original_controls,26,15,52,0.0025,0.0,results/P5/caxis_deltas.csv;results/P5_1B/pair_distances.csv,0.958,0.1587,2.3246,1.3555,1.0488,1.9513,-0.0517,-0.2502,0.0601,4.8903,-6.2071,11.2646,ok
P5_CAXIS_DN,denovo,chai_plddt_std_across_models,global,X-UNDEF-COV,0,26,15,c_adjusted,log(|delta|+eps)~arm+d_lig+relSASA,plus_new_controls,26,15,55,0.0025,0.0,results/P5/caxis_deltas.csv;results/P5_1B/pair_distances.csv,1.16,0.1587,2.2393,1.4116,1.0706,1.9721,-0.0317,-0.2502,0.0541,4.9293,-6.1861,11.2286,ok
P5_CAXIS_DN,denovo,chai_ptm_max,global,X-UNDEF-COV,0,26,15,c_adjusted,log(|delta|+eps)~arm+d_lig+relSASA,original_controls,26,15,52,0.0005,0.0,results/P5/caxis_deltas.csv;results/P5_1B/pair_distances.csv,0.5518,0.2164,2.0517,0.8872,0.4099,2.1501,-0.0713,-0.1744,0.0202,7.6418,-3.1907,13.6098,ok
P5_CAXIS_DN,denovo,chai_ptm_max,global,X-UNDEF-COV,0,26,15,c_adjusted,log(|delta|+eps)~arm+d_lig+relSASA,plus_new_controls,26,15,55,0.0005,0.0,results/P5/caxis_deltas.csv;results/P5_1B/pair_distances.csv,0.5487,0.2312,1.9559,0.8602,0.4104,2.1501,-0.0719,-0.1744,0.0116,7.6406,-3.1933,13.3978,ok
P5_CAXIS_DN,denovo,chai_ptm_mean,global,X-UNDEF-COV,1,26,15,c_adjusted,log(|delta|+eps)~arm+d_lig+relSASA,original_controls,26,15,52,0.0006,0.0,results/P5/caxis_deltas.csv;results/P5_1B/pair_distances.csv,0.6503,0.2629,2.4583,0.8417,0.3958,1.8976,-0.0399,-0.1337,0.056,6.3336,-5.451,12.9573,ok
P5_CAXIS_DN,denovo,chai_ptm_mean,global,X-UNDEF-COV,1,26,15,c_adjusted,log(|delta|+eps)~arm+d_lig+relSASA,plus_new_controls,26,15,55,0.0006,0.0,results/P5/caxis_deltas.csv;results/P5_1B/pair_distances.csv,0.6265,0.2796,2.4444,0.8223,0.3924,1.8976,-0.0438,-0.1334,0.0493,6.326,-5.451,12.8877,ok
P5_CAXIS_DN,denovo,chai_ptm_std,global,X-UNDEF-COV,0,26,15,c_adjusted,log(|delta|+eps)~arm+d_lig+relSASA,original_controls,26,15,52,0.0,0.0,results/P5/caxis_deltas.csv;results/P5_1B/pair_distances.csv,1.5598,0.6347,4.4783,1.2564,0.6622,2.3732,0.0322,-0.0911,0.1449,-3.0007,-18.8956,5.1659,ok
P5_CAXIS_DN,denovo,chai_ptm_std,global,X-UNDEF-COV,0,26,15,c_adjusted,log(|delta|+eps)~arm+d_lig+relSASA,plus_new_controls,26,15,55,0.0,0.0,results/P5/caxis_deltas.csv;results/P5_1B/pair_distances.csv,1.9714,0.741,4.4783,1.3769,0.8293,2.3783,0.0568,-0.089,0.1502,-2.953,-18.8511,5.2777,ok
P5_CAXIS_NAT,natural,ame_crystal_clash_max,interface,OK-PROVISIONAL,1,286,59,c_adjusted,log(|delta|+eps)~arm+d_lig+relSASA,original_controls,261,54,522,0.006,0.0,results/P5/caxis_deltas.csv;results/P5_1B/pair_distances.csv,1.1765,0.9507,1.4612,1.3541,1.1507,1.6017,-0.0129,-0.0278,-0.0006,-0.4044,-2.0858,1.7966,ok
P5_CAXIS_NAT,natural,ame_crystal_clash_max,interface,OK-PROVISIONAL,1,286,59,c_adjusted,log(|delta|+eps)~arm+d_lig+relSASA,plus_new_controls,261,54,573,0.006,0.0,results/P5/caxis_deltas.csv;results/P5_1B/pair_distances.csv,1.2204,0.9865,1.4987,1.3441,1.1401,1.5945,-0.0105,-0.0248,0.0011,-0.3867,-2.0803,1.7583,ok
P5_CAXIS_NAT,natural,ame_crystal_pass,knockon,OK-KNOCKON,1,286,59,c_adjusted,log(|delta|+eps)~arm+d_lig+relSASA,original_controls,261,54,522,0.1,0.9674,results/P5/caxis_deltas.csv;results/P5_1B/pair_distances.csv,,,,,,,,,,,,,not_estimable (>50% exactly-zero |delta|)
P5_CAXIS_NAT,natural,ame_crystal_pass,knockon,OK-KNOCKON,1,286,59,c_adjusted,log(|delta|+eps)~arm+d_lig+relSASA,plus_new_controls,261,54,573,0.1,0.9668,results/P5/caxis_deltas.csv;results/P5_1B/pair_distances.csv,,,,,,,,,,,,,not_estimable (>50% exactly-zero |delta|)
P5_CAXIS_NAT,natural,ame_crystal_rmsd_max,knockon,OK-KNOCKON,0,286,59,c_adjusted,log(|delta|+eps)~arm+d_lig+relSASA,original_controls,266,55,532,0.0047,0.0,results/P5/caxis_deltas.csv;results/P5_1B/pair_distances.csv,1.6637,1.1427,2.3633,1.9477,1.5899,2.3811,-0.0179,-0.0481,0.0054,1.1444,-0.5242,3.5034,ok
P5_CAXIS_NAT,natural,ame_crystal_rmsd_max,knockon,OK-KNOCKON,0,286,59,c_adjusted,log(|delta|+eps)~arm+d_lig+relSASA,plus_new_controls,266,55,583,0.0047,0.0,results/P5/caxis_deltas.csv;results/P5_1B/pair_distances.csv,1.5625,1.1438,2.1235,1.8529,1.5142,2.2702,-0.0217,-0.0465,-0.0008,1.2051,-0.4198,3.5863,ok
P5_CAXIS_NAT,natural,ame_crystal_rmsd_mean,knockon,OK-KNOCKON,0,286,59,c_adjusted,log(|delta|+eps)~arm+d_lig+relSASA,original_controls,266,55,532,0.003,0.0,results/P5/caxis_deltas.csv;results/P5_1B/pair_distances.csv,1.6009,1.1355,2.128,1.9372,1.5952,2.3705,-0.0211,-0.054,0.0008,1.0443,-0.9314,3.8015,ok
P5_CAXIS_NAT,natural,ame_crystal_rmsd_mean,knockon,OK-KNOCKON,0,286,59,c_adjusted,log(|delta|+eps)~arm+d_lig+relSASA,plus_new_controls,266,55,583,0.003,0.0,results/P5/caxis_deltas.csv;results/P5_1B/pair_distances.csv,1.4875,1.0851,1.988,1.8271,1.4578,2.2875,-0.0258,-0.0533,-0.0063,1.1397,-0.7901,3.826,ok
P5_CAXIS_NAT,natural,ame_crystal_rmsd_min,knockon,OK-KNOCKON,1,286,59,c_adjusted,log(|delta|+eps)~arm+d_lig+relSASA,original_controls,266,55,532,0.0036,0.0,results/P5/caxis_deltas.csv;results/P5_1B/pair_distances.csv,1.9046,1.4004,2.5269,1.6962,1.3859,2.0792,0.0106,-0.0125,0.028,0.6199,-1.3007,3.1515,ok
P5_CAXIS_NAT,natural,ame_crystal_rmsd_min,knockon,OK-KNOCKON,1,286,59,c_adjusted,log(|delta|+eps)~arm+d_lig+relSASA,plus_new_controls,266,55,583,0.0036,0.0,results/P5/caxis_deltas.csv;results/P5_1B/pair_distances.csv,1.6812,1.2532,2.2329,1.6285,1.3237,2.0102,0.0029,-0.0203,0.0204,0.7392,-1.1443,3.2615,ok
P5_CAXIS_NAT,natural,ame_crystal_rmsd_naive_min,knockon,OK-KNOCKON,0,286,59,c_adjusted,log(|delta|+eps)~arm+d_lig+relSASA,original_controls,266,55,532,0.0036,0.0,results/P5/caxis_deltas.csv;results/P5_1B/pair_distances.csv,1.9192,1.378,2.6061,1.6599,1.3442,2.0533,0.0134,-0.0121,0.0321,0.699,-1.2854,3.2608,ok
P5_CAXIS_NAT,natural,ame_crystal_rmsd_naive_min,knockon,OK-KNOCKON,0,286,59,c_adjusted,log(|delta|+eps)~arm+d_lig+relSASA,plus_new_controls,266,55,583,0.0036,0.0,results/P5/caxis_deltas.csv;results/P5_1B/pair_distances.csv,1.7216,1.2694,2.3402,1.6124,1.3093,2.0017,0.0068,-0.0173,0.0263,0.8243,-1.1027,3.3693,ok
P5_CAXIS_NAT,natural,ame_crystal_rmsd_std,knockon,OK-KNOCKON,0,286,59,c_adjusted,log(|delta|+eps)~arm+d_lig+relSASA,original_controls,266,55,532,0.002,0.0,results/P5/caxis_deltas.csv;results/P5_1B/pair_distances.csv,1.4479,1.0755,1.9733,1.6356,1.3797,1.961,-0.0122,-0.0373,0.0096,-0.0342,-1.8001,2.139,ok
P5_CAXIS_NAT,natural,ame_crystal_rmsd_std,knockon,OK-KNOCKON,0,286,59,c_adjusted,log(|delta|+eps)~arm+d_lig+relSASA,plus_new_controls,266,55,583,0.002,0.0,results/P5/caxis_deltas.csv;results/P5_1B/pair_distances.csv,1.5405,1.1488,2.0557,1.658,1.3909,1.9992,-0.0088,-0.0317,0.0125,0.0858,-1.6695,2.2707,ok
P5_CAXIS_NAT,natural,chai_aggregate_score_max,interface,OK-PROVISIONAL,0,286,59,c_adjusted,log(|delta|+eps)~arm+d_lig+relSASA,original_controls,261,54,522,0.0004,0.0,results/P5/caxis_deltas.csv;results/P5_1B/pair_distances.csv,1.1785,0.8824,1.5561,1.9625,1.5845,2.4389,-0.0482,-0.0746,-0.0282,-0.9045,-3.0762,1.5031,ok
P5_CAXIS_NAT,natural,chai_aggregate_score_max,interface,OK-PROVISIONAL,0,286,59,c_adjusted,log(|delta|+eps)~arm+d_lig+relSASA,plus_new_controls,261,54,573,0.0004,0.0,results/P5/caxis_deltas.csv;results/P5_1B/pair_distances.csv,1.0663,0.7673,1.4517,1.7337,1.3746,2.1872,-0.055,-0.0849,-0.0327,-0.875,-3.0437,1.597,ok
P5_CAXIS_NAT,natural,chai_aggregate_score_mean,interface,OK-PROVISIONAL,1,286,59,c_adjusted,log(|delta|+eps)~arm+d_lig+relSASA,original_controls,261,54,522,0.0003,0.0,results/P5/caxis_deltas.csv;results/P5_1B/pair_distances.csv,1.2153,0.901,1.6118,1.9912,1.6049,2.4702,-0.0449,-0.0702,-0.0253,-1.5646,-3.6973,0.9113,ok
P5_CAXIS_NAT,natural,chai_aggregate_score_mean,interface,OK-PROVISIONAL,1,286,59,c_adjusted,log(|delta|+eps)~arm+d_lig+relSASA,plus_new_controls,261,54,573,0.0003,0.0,results/P5/caxis_deltas.csv;results/P5_1B/pair_distances.csv,1.1068,0.7833,1.5284,1.7664,1.3908,2.2445,-0.0515,-0.0813,-0.0294,-1.4892,-3.6452,1.068,ok
P5_CAXIS_NAT,natural,chai_aggregate_score_std,interface,OK-PROVISIONAL,0,286,59,c_adjusted,log(|delta|+eps)~arm+d_lig+relSASA,original_controls,261,54,522,0.0001,0.0,results/P5/caxis_deltas.csv;results/P5_1B/pair_distances.csv,1.2035,0.9227,1.5912,1.3275,1.0563,1.6733,-0.0103,-0.0297,0.0098,0.2487,-2.8635,3.5939,ok
P5_CAXIS_NAT,natural,chai_aggregate_score_std,interface,OK-PROVISIONAL,0,286,59,c_adjusted,log(|delta|+eps)~arm+d_lig+relSASA,plus_new_controls,261,54,573,0.0001,0.0,results/P5/caxis_deltas.csv;results/P5_1B/pair_distances.csv,1.2308,0.9088,1.677,1.3309,1.0555,1.6803,-0.0098,-0.0329,0.0125,0.3137,-2.7797,3.6204,ok
P5_CAXIS_NAT,natural,chai_has_inter_chain_clashes_max,global,GLOBAL,0,286,59,c_adjusted,log(|delta|+eps)~arm+d_lig+relSASA,original_controls,266,55,532,0.0,1.0,results/P5/caxis_deltas.csv;results/P5_1B/pair_distances.csv,,,,,,,,,,,,,not_estimable (>50% exactly-zero |delta|)
P5_CAXIS_NAT,natural,chai_has_inter_chain_clashes_max,global,GLOBAL,0,286,59,c_adjusted,log(|delta|+eps)~arm+d_lig+relSASA,plus_new_controls,266,55,583,0.0,1.0,results/P5/caxis_deltas.csv;results/P5_1B/pair_distances.csv,,,,,,,,,,,,,not_estimable (>50% exactly-zero |delta|)
P5_CAXIS_NAT,natural,chai_has_inter_chain_clashes_mean,global,GLOBAL,0,286,59,c_adjusted,log(|delta|+eps)~arm+d_lig+relSASA,original_controls,266,55,532,0.0,1.0,results/P5/caxis_deltas.csv;results/P5_1B/pair_distances.csv,,,,,,,,,,,,,not_estimable (>50% exactly-zero |delta|)
P5_CAXIS_NAT,natural,chai_has_inter_chain_clashes_mean,global,GLOBAL,0,286,59,c_adjusted,log(|delta|+eps)~arm+d_lig+relSASA,plus_new_controls,266,55,583,0.0,1.0,results/P5/caxis_deltas.csv;results/P5_1B/pair_distances.csv,,,,,,,,,,,,,not_estimable (>50% exactly-zero |delta|)
P5_CAXIS_NAT,natural,chai_has_inter_chain_clashes_std,global,GLOBAL,0,286,59,c_adjusted,log(|delta|+eps)~arm+d_lig+relSASA,original_controls,266,55,532,0.0,1.0,results/P5/caxis_deltas.csv;results/P5_1B/pair_distances.csv,,,,,,,,,,,,,not_estimable (>50% exactly-zero |delta|)
P5_CAXIS_NAT,natural,chai_has_inter_chain_clashes_std,global,GLOBAL,0,286,59,c_adjusted,log(|delta|+eps)~arm+d_lig+relSASA,plus_new_controls,266,55,583,0.0,1.0,results/P5/caxis_deltas.csv;results/P5_1B/pair_distances.csv,,,,,,,,,,,,,not_estimable (>50% exactly-zero |delta|)
P5_CAXIS_NAT,natural,chai_iptm_max,interface,OK-PROVISIONAL,0,286,59,c_adjusted,log(|delta|+eps)~arm+d_lig+relSASA,original_controls,261,54,522,0.0004,0.0,results/P5/caxis_deltas.csv;results/P5_1B/pair_distances.csv,1.1712,0.8556,1.5758,2.0189,1.6236,2.5143,-0.0515,-0.0796,-0.0306,-0.9416,-3.123,1.5121,ok
P5_CAXIS_NAT,natural,chai_iptm_max,interface,OK-PROVISIONAL,0,286,59,c_adjusted,log(|delta|+eps)~arm+d_lig+relSASA,plus_new_controls,261,54,573,0.0004,0.0,results/P5/caxis_deltas.csv;results/P5_1B/pair_distances.csv,1.0577,0.7502,1.4565,1.7736,1.4016,2.2426,-0.0585,-0.0893,-0.0354,-0.8927,-3.0667,1.6541,ok
P5_CAXIS_NAT,natural,chai_iptm_mean,interface,OK-PROVISIONAL,1,286,59,c_adjusted,log(|delta|+eps)~arm+d_lig+relSASA,original_controls,261,54,522,0.0004,0.0,results/P5/caxis_deltas.csv;results/P5_1B/pair_distances.csv,1.1785,0.8534,1.5972,2.0198,1.6055,2.53,-0.0493,-0.0776,-0.0289,-1.5734,-3.6986,0.9874,ok
P5_CAXIS_NAT,natural,chai_iptm_mean,interface,OK-PROVISIONAL,1,286,59,c_adjusted,log(|delta|+eps)~arm+d_lig+relSASA,plus_new_controls,261,54,573,0.0004,0.0,results/P5/caxis_deltas.csv;results/P5_1B/pair_distances.csv,1.0882,0.7578,1.5282,1.7922,1.3919,2.3018,-0.0552,-0.0868,-0.0319,-1.4932,-3.6723,1.1919,ok
P5_CAXIS_NAT,natural,chai_iptm_std,interface,OK-PROVISIONAL,0,286,59,c_adjusted,log(|delta|+eps)~arm+d_lig+relSASA,original_controls,261,54,522,0.0001,0.0,results/P5/caxis_deltas.csv;results/P5_1B/pair_distances.csv,1.2484,0.9492,1.6524,1.3107,1.0488,1.6444,-0.006,-0.0263,0.0153,0.4554,-2.682,3.8174,ok
P5_CAXIS_NAT,natural,chai_iptm_std,interface,OK-PROVISIONAL,0,286,59,c_adjusted,log(|delta|+eps)~arm+d_lig+relSASA,plus_new_controls,261,54,573,0.0001,0.0,results/P5/caxis_deltas.csv;results/P5_1B/pair_distances.csv,1.2754,0.9304,1.7605,1.3231,1.0518,1.6628,-0.0054,-0.0297,0.0185,0.522,-2.6417,3.8431,ok
P5_CAXIS_NAT,natural,chai_per_chain_ptm_min_max,interface,OK-PROVISIONAL,0,286,59,c_adjusted,log(|delta|+eps)~arm+d_lig+relSASA,original_controls,261,54,522,0.0001,0.0,results/P5/caxis_deltas.csv;results/P5_1B/pair_distances.csv,1.4629,1.0157,2.0273,2.2568,1.7706,2.8493,-0.0413,-0.0703,-0.0203,-0.6096,-2.1804,1.0766,ok
P5_CAXIS_NAT,natural,chai_per_chain_ptm_min_max,interface,OK-PROVISIONAL,0,286,59,c_adjusted,log(|delta|+eps)~arm+d_lig+relSASA,plus_new_controls,261,54,573,0.0001,0.0,results/P5/caxis_deltas.csv;results/P5_1B/pair_distances.csv,1.1925,0.7647,1.7585,1.9194,1.4485,2.5195,-0.0544,-0.0891,-0.0294,-0.5785,-2.1376,1.1308,ok
P5_CAXIS_NAT,natural,chai_per_chain_ptm_min_mean,interface,OK-PROVISIONAL,1,286,59,c_adjusted,log(|delta|+eps)~arm+d_lig+relSASA,original_controls,261,54,522,0.0001,0.0,results/P5/caxis_deltas.csv;results/P5_1B/pair_distances.csv,1.4336,0.9915,1.9589,2.2093,1.7591,2.7573,-0.0433,-0.0727,-0.0218,0.2063,-1.8628,2.3407,ok
P5_CAXIS_NAT,natural,chai_per_chain_ptm_min_mean,interface,OK-PROVISIONAL,1,286,59,c_adjusted,log(|delta|+eps)~arm+d_lig+relSASA,plus_new_controls,261,54,573,0.0001,0.0,results/P5/caxis_deltas.csv;results/P5_1B/pair_distances.csv,1.2277,0.8086,1.7886,1.9346,1.4899,2.501,-0.0538,-0.0864,-0.0289,0.3411,-1.6618,2.4621,ok
P5_CAXIS_NAT,natural,chai_per_chain_ptm_min_std,interface,OK-PROVISIONAL,0,286,59,c_adjusted,log(|delta|+eps)~arm+d_lig+relSASA,original_controls,261,54,522,0.0,0.0,results/P5/caxis_deltas.csv;results/P5_1B/pair_distances.csv,1.4933,1.1465,1.8873,1.2816,1.085,1.5358,0.0123,-0.0098,0.0298,1.1228,-0.9853,3.4938,ok
P5_CAXIS_NAT,natural,chai_per_chain_ptm_min_std,interface,OK-PROVISIONAL,0,286,59,c_adjusted,log(|delta|+eps)~arm+d_lig+relSASA,plus_new_controls,261,54,573,0.0,0.0,results/P5/caxis_deltas.csv;results/P5_1B/pair_distances.csv,1.3151,1.0404,1.6676,1.243,1.0484,1.4891,0.0043,-0.0143,0.023,1.1182,-0.9624,3.4714,ok
P5_CAXIS_NAT,natural,chai_per_chain_ptm_protein_max,global,GLOBAL,0,286,59,c_adjusted,log(|delta|+eps)~arm+d_lig+relSASA,original_controls,266,55,532,0.0001,0.0,results/P5/caxis_deltas.csv;results/P5_1B/pair_distances.csv,1.0794,0.8318,1.4207,1.1478,0.9424,1.4015,-0.0053,-0.0301,0.0193,-0.5091,-1.8931,1.4728,ok
P5_CAXIS_NAT,natural,chai_per_chain_ptm_protein_max,global,GLOBAL,0,286,59,c_adjusted,log(|delta|+eps)~arm+d_lig+relSASA,plus_new_controls,266,55,583,0.0001,0.0,results/P5/caxis_deltas.csv;results/P5_1B/pair_distances.csv,0.9947,0.7783,1.3031,1.0879,0.8972,1.3386,-0.0101,-0.0329,0.0123,-0.4349,-1.8298,1.5834,ok
P5_CAXIS_NAT,natural,chai_per_chain_ptm_protein_mean,global,GLOBAL,0,286,59,c_adjusted,log(|delta|+eps)~arm+d_lig+relSASA,original_controls,266,55,532,0.0001,0.0,results/P5/caxis_deltas.csv;results/P5_1B/pair_distances.csv,1.0436,0.7916,1.3964,1.1044,0.8958,1.369,-0.0042,-0.0283,0.0182,-0.835,-2.3205,1.4957,ok
P5_CAXIS_NAT,natural,chai_per_chain_ptm_protein_mean,global,GLOBAL,0,286,59,c_adjusted,log(|delta|+eps)~arm+d_lig+relSASA,plus_new_controls,266,55,583,0.0001,0.0,results/P5/caxis_deltas.csv;results/P5_1B/pair_distances.csv,1.017,0.7759,1.3596,1.0751,0.8718,1.3364,-0.0058,-0.0281,0.0163,-0.7078,-2.2361,1.6819,ok
P5_CAXIS_NAT,natural,chai_per_chain_ptm_protein_std,global,GLOBAL,0,286,59,c_adjusted,log(|delta|+eps)~arm+d_lig+relSASA,original_controls,266,55,532,0.0,0.0,results/P5/caxis_deltas.csv;results/P5_1B/pair_distances.csv,1.0962,0.8807,1.4105,1.1152,0.9439,1.3375,-0.0003,-0.0153,0.0189,-0.8017,-2.0729,0.5224,ok
P5_CAXIS_NAT,natural,chai_per_chain_ptm_protein_std,global,GLOBAL,0,286,59,c_adjusted,log(|delta|+eps)~arm+d_lig+relSASA,plus_new_controls,266,55,583,0.0,0.0,results/P5/caxis_deltas.csv;results/P5_1B/pair_distances.csv,1.0724,0.8374,1.399,1.0934,0.9068,1.3271,-0.0013,-0.0162,0.0168,-0.8692,-2.1645,0.4667,ok
P5_CAXIS_NAT,natural,chai_plddt_best_model,global,GLOBAL,0,286,59,c_adjusted,log(|delta|+eps)~arm+d_lig+relSASA,original_controls,266,55,532,0.015,0.0,results/P5/caxis_deltas.csv;results/P5_1B/pair_distances.csv,1.3239,0.9567,1.8513,1.1435,0.9247,1.4345,0.0164,-0.0042,0.04,-0.9306,-2.3432,0.9283,ok
P5_CAXIS_NAT,natural,chai_plddt_best_model,global,GLOBAL,0,286,59,c_adjusted,log(|delta|+eps)~arm+d_lig+relSASA,plus_new_controls,266,55,583,0.015,0.0,results/P5/caxis_deltas.csv;results/P5_1B/pair_distances.csv,1.1798,0.8908,1.584,1.1026,0.9002,1.3668,0.0091,-0.0097,0.0305,-0.842,-2.2813,1.0517,ok
P5_CAXIS_NAT,natural,chai_plddt_mean,global,GLOBAL,1,286,59,c_adjusted,log(|delta|+eps)~arm+d_lig+relSASA,original_controls,266,55,532,0.0161,0.0,results/P5/caxis_deltas.csv;results/P5_1B/pair_distances.csv,1.3618,1.0033,1.8964,1.2019,0.9783,1.487,0.0139,-0.0062,0.0377,-0.7013,-1.9784,0.946,ok
P5_CAXIS_NAT,natural,chai_plddt_mean,global,GLOBAL,1,286,59,c_adjusted,log(|delta|+eps)~arm+d_lig+relSASA,plus_new_controls,266,55,583,0.0161,0.0,results/P5/caxis_deltas.csv;results/P5_1B/pair_distances.csv,1.262,0.9502,1.7139,1.1776,0.967,1.4476,0.0089,-0.0101,0.0313,-0.5843,-1.8573,1.1328,ok
P5_CAXIS_NAT,natural,chai_plddt_min,global,GLOBAL,0,286,59,c_adjusted,log(|delta|+eps)~arm+d_lig+relSASA,original_controls,266,55,532,0.056,0.0,results/P5/caxis_deltas.csv;results/P5_1B/pair_distances.csv,0.9603,0.7594,1.2114,1.0632,0.8868,1.2827,-0.0112,-0.0339,0.0083,0.5275,-0.6162,1.8784,ok
P5_CAXIS_NAT,natural,chai_plddt_min,global,GLOBAL,0,286,59,c_adjusted,log(|delta|+eps)~arm+d_lig+relSASA,plus_new_controls,266,55,583,0.056,0.0,results/P5/caxis_deltas.csv;results/P5_1B/pair_distances.csv,1.0136,0.8359,1.2463,1.0874,0.9228,1.2878,-0.0091,-0.0279,0.0098,0.5989,-0.5289,1.934,ok
P5_CAXIS_NAT,natural,chai_plddt_std_across_models,global,GLOBAL,0,286,59,c_adjusted,log(|delta|+eps)~arm+d_lig+relSASA,original_controls,266,55,532,0.0015,0.0,results/P5/caxis_deltas.csv;results/P5_1B/pair_distances.csv,1.0136,0.8177,1.2551,1.0764,0.9206,1.2636,-0.0039,-0.0194,0.0119,-1.1955,-2.8366,0.6516,ok
P5_CAXIS_NAT,natural,chai_plddt_std_across_models,global,GLOBAL,0,286,59,c_adjusted,log(|delta|+eps)~arm+d_lig+relSASA,plus_new_controls,266,55,583,0.0015,0.0,results/P5/caxis_deltas.csv;results/P5_1B/pair_distances.csv,0.9264,0.7415,1.1492,1.0166,0.8565,1.2066,-0.0097,-0.0232,0.0044,-1.1475,-2.8157,0.7356,ok
P5_CAXIS_NAT,natural,chai_ptm_max,global,GLOBAL,0,286,59,c_adjusted,log(|delta|+eps)~arm+d_lig+relSASA,original_controls,266,55,532,0.0001,0.0,results/P5/caxis_deltas.csv;results/P5_1B/pair_distances.csv,1.128,0.8969,1.4371,1.2291,1.0089,1.5048,-0.0073,-0.0302,0.0158,-0.7539,-2.1136,1.2502,ok
P5_CAXIS_NAT,natural,chai_ptm_max,global,GLOBAL,0,286,59,c_adjusted,log(|delta|+eps)~arm+d_lig+relSASA,plus_new_controls,266,55,583,0.0001,0.0,results/P5/caxis_deltas.csv;results/P5_1B/pair_distances.csv,1.0789,0.841,1.4027,1.1832,0.9704,1.4577,-0.0103,-0.0327,0.0122,-0.5939,-1.9796,1.4805,ok
P5_CAXIS_NAT,natural,chai_ptm_mean,global,GLOBAL,1,286,59,c_adjusted,log(|delta|+eps)~arm+d_lig+relSASA,original_controls,266,55,532,0.0001,0.0,results/P5/caxis_deltas.csv;results/P5_1B/pair_distances.csv,1.163,0.8993,1.5271,1.2203,0.988,1.5211,-0.0029,-0.0249,0.0191,-1.1058,-2.7056,1.2974,ok
P5_CAXIS_NAT,natural,chai_ptm_mean,global,GLOBAL,1,286,59,c_adjusted,log(|delta|+eps)~arm+d_lig+relSASA,plus_new_controls,266,55,583,0.0001,0.0,results/P5/caxis_deltas.csv;results/P5_1B/pair_distances.csv,1.1413,0.8643,1.5293,1.1993,0.9657,1.5067,-0.0048,-0.0269,0.0178,-0.9008,-2.4997,1.6231,ok
P5_CAXIS_NAT,natural,chai_ptm_std,global,GLOBAL,0,286,59,c_adjusted,log(|delta|+eps)~arm+d_lig+relSASA,original_controls,266,55,532,0.0,0.0,results/P5/caxis_deltas.csv;results/P5_1B/pair_distances.csv,1.194,0.9527,1.5393,1.0712,0.8906,1.286,0.0113,-0.0037,0.0305,-0.1814,-1.4553,1.5433,ok
P5_CAXIS_NAT,natural,chai_ptm_std,global,GLOBAL,0,286,59,c_adjusted,log(|delta|+eps)~arm+d_lig+relSASA,plus_new_controls,266,55,583,0.0,0.0,results/P5/caxis_deltas.csv;results/P5_1B/pair_distances.csv,1.1208,0.9055,1.4188,1.0531,0.8768,1.2643,0.0076,-0.007,0.0253,-0.1843,-1.4691,1.4771,ok
