claim_type,unit,n_units,n_clusters,cluster_def,k,N,k_of_N,denominator_def,headline_ok,status,licence_flag,detection_group,rank_in_group,rank,rank_in_table_9,metric_name,canonical_key,source,input_class,role,applicability_status,in_ranked_set,n_steps,n_steps_interpretable,r_mean,r_lo,r_hi,r_mean_all_steps,r_all_lo,r_all_hi,r_second_shell_1,r_second_shell_1_lo,r_second_shell_1_hi,n_second_shell_1,responds_second_shell_1,control_above_noise_second_shell_1,specific_second_shell_1,r_second_shell_2,r_second_shell_2_lo,r_second_shell_2_hi,n_second_shell_2,responds_second_shell_2,control_above_noise_second_shell_2,specific_second_shell_2,r_second_shell_4,r_second_shell_4_lo,r_second_shell_4_hi,n_second_shell_4,responds_second_shell_4,control_above_noise_second_shell_4,specific_second_shell_4,first_step_detected,first_step_specific,r_mean_primary_only,r_primary_lo,r_primary_hi,r_mean_all_steps_primary_only,above_best_of_all_quantities_threshold
specificity,enzyme,193,84,EC sub-subclass (stated proxy),,,,"one metric for the second-shell lesion; rank statistic R, natural sets pooled; no cell qualifies, so no reference level",0,complete,public,second_shell_4,1,1,1,propka_catalytic_shift_mean,propka_catalytic_shift_mean,structure-space,struct_site,main,OK,1,3,0,,,,0.7005,0.6443,0.7548,0.7387,0.6628,0.8095,155,0,0,0,0.7199,0.648,0.7835,166,0,0,0,0.6429,0.5593,0.7222,147,1,0,0,second_shell_4,never,,,,0.7229,
specificity,enzyme,193,84,EC sub-subclass (stated proxy),,,,"one metric for the second-shell lesion; rank statistic R, natural sets pooled; no cell qualifies, so no reference level",0,complete,public,second_shell_4,2,2,2,propka_catalytic_pka_mean,propka_catalytic_pka_mean,structure-space,struct_site,main,OK,1,3,0,,,,0.6915,0.6326,0.7486,0.7255,0.6449,0.7993,153,0,0,0,0.7086,0.6331,0.776,163,0,0,0,0.6404,0.5574,0.7207,146,1,0,0,second_shell_4,never,,,,0.7207,
specificity,enzyme,193,84,EC sub-subclass (stated proxy),,,,"one metric for the second-shell lesion; rank statistic R, natural sets pooled; no cell qualifies, so no reference level",0,complete,public,never,1,3,3,catalytic_frac_buried,catalytic_frac_buried,structure-space,struct_site,main,OK,1,3,0,,,,0.781,0.6762,0.8746,0.9091,0.6667,1.0,11,0,0,0,0.7857,0.6,0.9375,21,0,0,0,0.6481,0.4792,0.8148,27,0,0,0,never,never,,,,0.7977,
specificity,enzyme,193,84,EC sub-subclass (stated proxy),,,,"one metric for the second-shell lesion; rank statistic R, natural sets pooled; no cell qualifies, so no reference level",0,complete,public,never,2,4,4,rosetta_cat_fa_dun,rosetta_cat_fa_dun,structure-space,struct_site,main,OK,1,3,0,,,,0.7458,0.6918,0.7919,0.787,0.7128,0.85,108,0,0,0,0.7569,0.6809,0.8218,144,0,0,0,0.6934,0.6216,0.763,137,0,0,0,never,never,,,,0.7299,
specificity,enzyme,193,84,EC sub-subclass (stated proxy),,,,"one metric for the second-shell lesion; rank statistic R, natural sets pooled; no cell qualifies, so no reference level",0,complete,public,never,3,5,5,propka_catalytic_pka_max,propka_catalytic_pka_max,structure-space,struct_site,main,OK,1,3,0,,,,0.715,0.6622,0.7657,0.75,0.668,0.8302,120,0,0,0,0.7188,0.6494,0.7868,144,0,0,0,0.6763,0.5976,0.75,139,0,0,0,never,never,,,,0.7287,
specificity,enzyme,193,84,EC sub-subclass (stated proxy),,,,"one metric for the second-shell lesion; rank statistic R, natural sets pooled; no cell qualifies, so no reference level",0,complete,public,never,4,6,6,catalytic_pairwise_dist_mean,catalytic_pairwise_dist_mean,structure-space,struct_site,main,OK,1,3,0,,,,0.7129,0.6507,0.7652,0.7604,0.6667,0.8365,96,0,0,0,0.7462,0.6594,0.8125,130,0,0,0,0.632,0.5433,0.7174,125,0,0,0,never,never,,,,0.6904,
specificity,enzyme,193,84,EC sub-subclass (stated proxy),,,,"one metric for the second-shell lesion; rank statistic R, natural sets pooled; no cell qualifies, so no reference level",0,complete,public,never,5,7,7,catalytic_radius_of_gyration,catalytic_radius_of_gyration,structure-space,struct_site,main,OK,1,3,0,,,,0.7062,0.6386,0.7624,0.7708,0.6795,0.8454,96,0,0,0,0.7077,0.6214,0.7795,130,0,0,0,0.64,0.5543,0.7266,125,0,0,0,never,never,,,,0.6809,
specificity,enzyme,193,84,EC sub-subclass (stated proxy),,,,"one metric for the second-shell lesion; rank statistic R, natural sets pooled; no cell qualifies, so no reference level",0,complete,public,never,6,8,8,propka_catalytic_pka_range,propka_catalytic_pka_range,structure-space,struct_site,main,OK,1,3,0,,,,0.7054,0.6541,0.7598,0.7403,0.6651,0.8099,129,0,0,0,0.7215,0.6553,0.788,158,0,0,0,0.6544,0.5733,0.7414,136,0,0,0,never,never,,,,0.7315,
specificity,enzyme,193,84,EC sub-subclass (stated proxy),,,,"one metric for the second-shell lesion; rank statistic R, natural sets pooled; no cell qualifies, so no reference level",0,complete,public,never,7,9,9,rosetta_cat_lk_ball_wtd,rosetta_cat_lk_ball_wtd,structure-space,struct_site,main,OK,1,3,0,,,,0.7021,0.6568,0.747,0.72,0.663,0.7727,175,0,0,0,0.7263,0.6687,0.7784,179,0,0,0,0.66,0.5839,0.7419,150,0,1,0,never,never,,,,0.6945,
specificity,enzyme,193,84,EC sub-subclass (stated proxy),,,,"one metric for the second-shell lesion; rank statistic R, natural sets pooled; no cell qualifies, so no reference level",0,complete,public,never,8,10,,catalytic_sasa_mean,catalytic_sasa_mean,structure-space,struct_site,supp_aggregate,OK,0,3,0,,,,0.7018,0.6515,0.7493,0.731,0.6667,0.7881,145,0,0,0,0.7143,0.645,0.7829,168,0,0,0,0.66,0.5792,0.7385,150,0,0,0,never,never,,,,0.6928,
specificity,enzyme,193,84,EC sub-subclass (stated proxy),,,,"one metric for the second-shell lesion; rank statistic R, natural sets pooled; no cell qualifies, so no reference level",0,complete,public,never,9,11,10,catalytic_sasa_total,catalytic_sasa_total,structure-space,struct_site,main,OK,1,3,0,,,,0.7018,0.6515,0.7493,0.731,0.6667,0.7881,145,0,0,0,0.7143,0.645,0.7829,168,0,0,0,0.66,0.5792,0.7385,150,0,0,0,never,never,,,,0.6928,
specificity,enzyme,193,84,EC sub-subclass (stated proxy),,,,"one metric for the second-shell lesion; rank statistic R, natural sets pooled; no cell qualifies, so no reference level",0,complete,public,never,10,12,11,rosetta_cat_fa_intra_rep,rosetta_cat_fa_intra_rep,structure-space,struct_site,main,OK,1,3,0,,,,0.696,0.6358,0.7461,0.7241,0.64,0.7944,116,0,0,0,0.7282,0.6532,0.7964,149,0,0,0,0.6357,0.5556,0.7105,140,0,0,0,never,never,,,,0.6714,
specificity,enzyme,193,84,EC sub-subclass (stated proxy),,,,"one metric for the second-shell lesion; rank statistic R, natural sets pooled; no cell qualifies, so no reference level",0,complete,public,never,11,13,12,propka_catalytic_shift_absmax,propka_catalytic_shift_absmax,structure-space,struct_site,main,OK,1,3,0,,,,0.6954,0.6426,0.748,0.7522,0.6679,0.8396,115,0,0,0,0.6779,0.6087,0.7478,149,0,0,0,0.6562,0.5833,0.725,144,0,1,0,never,never,,,,0.7032,
specificity,enzyme,193,84,EC sub-subclass (stated proxy),,,,"one metric for the second-shell lesion; rank statistic R, natural sets pooled; no cell qualifies, so no reference level",0,complete,public,never,12,14,13,catalytic_rel_sasa_mean,catalytic_rel_sasa_mean,structure-space,struct_site,main,OK,1,3,0,,,,0.6951,0.6445,0.742,0.731,0.6667,0.7881,145,0,0,0,0.7143,0.6429,0.7826,168,0,0,0,0.64,0.5625,0.7185,150,0,0,0,never,never,,,,0.6845,
specificity,enzyme,193,84,EC sub-subclass (stated proxy),,,,"one metric for the second-shell lesion; rank statistic R, natural sets pooled; no cell qualifies, so no reference level",0,complete,public,never,13,15,,catalytic_polar_dist_min,catalytic_polar_dist_min,structure-space,struct_site,supp_partial,OK,0,3,0,,,,0.688,0.5938,0.766,0.6667,0.5122,0.7907,48,0,0,0,0.716,0.5972,0.814,81,0,0,0,0.6813,0.5843,0.7703,91,0,0,0,never,never,,,,0.6803,
specificity,enzyme,193,84,EC sub-subclass (stated proxy),,,,"one metric for the second-shell lesion; rank statistic R, natural sets pooled; no cell qualifies, so no reference level",0,complete,public,never,14,16,,catalytic_polar_dist_mean,catalytic_polar_dist_mean,structure-space,struct_site,supp_partial,OK,0,3,0,,,,0.6792,0.6026,0.7455,0.6825,0.5593,0.7833,63,0,0,0,0.7158,0.6061,0.8082,95,0,0,0,0.6392,0.5417,0.7347,97,0,0,0,never,never,,,,0.6648,
specificity,enzyme,193,84,EC sub-subclass (stated proxy),,,,"one metric for the second-shell lesion; rank statistic R, natural sets pooled; no cell qualifies, so no reference level",0,complete,public,never,15,17,14,rosetta_cat_fa_atr,rosetta_cat_fa_atr,structure-space,struct_site,main,OK,1,3,0,,,,0.6742,0.63,0.7162,0.7308,0.6692,0.7865,182,0,0,0,0.6851,0.625,0.747,181,0,0,0,0.6067,0.529,0.6822,150,0,0,0,never,never,,,,0.6579,
specificity,enzyme,193,84,EC sub-subclass (stated proxy),,,,"one metric for the second-shell lesion; rank statistic R, natural sets pooled; no cell qualifies, so no reference level",0,complete,public,never,16,18,,rosetta_catalytic_vdw_atr,rosetta_cat_fa_atr,structure-space,struct_site,main,OK,0,3,0,,,,0.6742,0.63,0.7162,0.7308,0.6692,0.7865,182,0,0,0,0.6851,0.625,0.747,181,0,0,0,0.6067,0.529,0.6822,150,0,0,0,never,never,,,,0.6579,
specificity,enzyme,193,84,EC sub-subclass (stated proxy),,,,"one metric for the second-shell lesion; rank statistic R, natural sets pooled; no cell qualifies, so no reference level",0,complete,public,never,17,19,15,catalytic_rel_sasa_max,catalytic_rel_sasa_max,structure-space,struct_site,main,OK,1,3,0,,,,0.6722,0.6112,0.7253,0.6897,0.5806,0.7742,87,0,0,0,0.692,0.6068,0.7689,125,0,0,0,0.635,0.5704,0.6992,137,0,0,0,never,never,,,,0.6588,
specificity,enzyme,193,84,EC sub-subclass (stated proxy),,,,"one metric for the second-shell lesion; rank statistic R, natural sets pooled; no cell qualifies, so no reference level",0,complete,public,never,18,20,16,rosetta_cat_fa_elec,rosetta_cat_fa_elec,structure-space,struct_site,main,OK,1,3,0,,,,0.672,0.6241,0.7179,0.736,0.676,0.7903,178,0,0,0,0.7,0.6389,0.7632,180,0,0,0,0.58,0.5062,0.6528,150,0,1,0,never,never,,,,0.6694,
specificity,enzyme,193,84,EC sub-subclass (stated proxy),,,,"one metric for the second-shell lesion; rank statistic R, natural sets pooled; no cell qualifies, so no reference level",0,complete,public,never,19,21,17,rosetta_cat_worst_residue,rosetta_cat_worst_residue,structure-space,struct_site,main,OK,1,3,0,,,,0.6685,0.6081,0.7216,0.739,0.6653,0.8024,136,0,0,0,0.6786,0.594,0.75,168,0,0,0,0.5878,0.5109,0.6622,148,0,0,0,never,never,,,,0.6526,
specificity,enzyme,193,84,EC sub-subclass (stated proxy),,,,"one metric for the second-shell lesion; rank statistic R, natural sets pooled; no cell qualifies, so no reference level",0,complete,public,never,20,22,18,propka_catalytic_pka_min,propka_catalytic_pka_min,structure-space,struct_site,main,OK,1,3,0,,,,0.6684,0.6059,0.735,0.7411,0.6652,0.8207,112,0,0,0,0.6678,0.5912,0.75,143,0,0,0,0.5964,0.5106,0.6826,140,0,0,0,never,never,,,,0.6892,
specificity,enzyme,193,84,EC sub-subclass (stated proxy),,,,"one metric for the second-shell lesion; rank statistic R, natural sets pooled; no cell qualifies, so no reference level",0,complete,public,never,21,23,19,rosetta_catalytic_vdw_net,rosetta_catalytic_vdw_net,structure-space,struct_site,main,OK,1,3,0,,,,0.6634,0.6089,0.7135,0.7363,0.6728,0.79,182,0,0,0,0.674,0.6023,0.7383,181,0,0,0,0.58,0.5,0.6642,150,0,1,0,never,never,,,,0.655,
specificity,enzyme,193,84,EC sub-subclass (stated proxy),,,,"one metric for the second-shell lesion; rank statistic R, natural sets pooled; no cell qualifies, so no reference level",0,complete,public,never,22,24,20,rosetta_cat_hbond_sc,rosetta_cat_hbond_sc,structure-space,struct_site,main,OK,1,3,0,,,,0.663,0.591,0.7223,0.7159,0.6282,0.7889,88,0,0,0,0.678,0.5784,0.7636,118,0,0,0,0.595,0.5045,0.6744,121,0,1,0,never,never,,,,0.6508,
specificity,enzyme,193,84,EC sub-subclass (stated proxy),,,,"one metric for the second-shell lesion; rank statistic R, natural sets pooled; no cell qualifies, so no reference level",0,complete,public,never,23,25,21,rosetta_cat_total,rosetta_cat_total,structure-space,struct_site,main,OK,1,3,0,,,,0.6591,0.6009,0.7136,0.7143,0.646,0.775,182,0,0,0,0.663,0.5912,0.7259,181,0,0,0,0.6,0.5172,0.6803,150,0,1,0,never,never,,,,0.6322,
specificity,enzyme,193,84,EC sub-subclass (stated proxy),,,,"one metric for the second-shell lesion; rank statistic R, natural sets pooled; no cell qualifies, so no reference level",0,complete,public,never,24,26,,rosetta_cat_total_mean,rosetta_cat_total_mean,structure-space,struct_site,supp_aggregate,OK,0,3,0,,,,0.6591,0.6009,0.7136,0.7143,0.646,0.775,182,0,0,0,0.663,0.5912,0.7259,181,0,0,0,0.6,0.5172,0.6803,150,0,1,0,never,never,,,,0.6322,
specificity,enzyme,193,84,EC sub-subclass (stated proxy),,,,"one metric for the second-shell lesion; rank statistic R, natural sets pooled; no cell qualifies, so no reference level",0,complete,public,never,25,27,22,catalytic_pairwise_dist_max,catalytic_pairwise_dist_max,structure-space,struct_site,main,OK,1,3,0,,,,0.6577,0.5237,0.7598,0.7222,0.5217,0.88,27,0,0,0,0.6538,0.4884,0.7717,52,0,0,0,0.597,0.47,0.7121,67,0,0,0,never,never,,,,0.5868,
specificity,enzyme,193,84,EC sub-subclass (stated proxy),,,,"one metric for the second-shell lesion; rank statistic R, natural sets pooled; no cell qualifies, so no reference level",0,complete,public,never,26,28,,rosetta_catalytic_vdw_rep_per_res,rosetta_catalytic_vdw_rep_per_res,structure-space,struct_site,supp_aggregate,OK,0,3,0,,,,0.6558,0.5997,0.7078,0.7138,0.6467,0.7778,152,0,0,0,0.6337,0.5625,0.7025,172,0,0,0,0.62,0.5455,0.6901,150,0,1,0,never,never,,,,0.649,
specificity,enzyme,193,84,EC sub-subclass (stated proxy),,,,"one metric for the second-shell lesion; rank statistic R, natural sets pooled; no cell qualifies, so no reference level",0,complete,public,never,27,29,23,rosetta_cat_fa_rep,rosetta_cat_fa_rep,structure-space,struct_site,main,OK,1,3,0,,,,0.6547,0.5985,0.7076,0.7105,0.6447,0.7734,152,0,0,0,0.6337,0.5625,0.7025,172,0,0,0,0.62,0.5455,0.6901,150,0,1,0,never,never,,,,0.6475,
specificity,enzyme,193,84,EC sub-subclass (stated proxy),,,,"one metric for the second-shell lesion; rank statistic R, natural sets pooled; no cell qualifies, so no reference level",0,complete,public,never,28,30,,rosetta_catalytic_vdw_rep,rosetta_cat_fa_rep,structure-space,struct_site,main,OK,0,3,0,,,,0.6547,0.5985,0.7076,0.7105,0.6447,0.7734,152,0,0,0,0.6337,0.5625,0.7025,172,0,0,0,0.62,0.5455,0.6901,150,0,1,0,never,never,,,,0.6475,
specificity,enzyme,193,84,EC sub-subclass (stated proxy),,,,"one metric for the second-shell lesion; rank statistic R, natural sets pooled; no cell qualifies, so no reference level",0,complete,public,never,29,31,24,rosetta_cat_fa_sol,rosetta_cat_fa_sol,structure-space,struct_site,main,OK,1,3,0,,,,0.65,0.599,0.6969,0.7155,0.6553,0.7707,174,0,0,0,0.6611,0.5952,0.725,180,0,0,0,0.5733,0.4927,0.6471,150,0,1,0,never,never,,,,0.6371,
specificity,enzyme,193,84,EC sub-subclass (stated proxy),,,,"one metric for the second-shell lesion; rank statistic R, natural sets pooled; no cell qualifies, so no reference level",0,complete,public,never,30,32,25,rosetta_cat_hbond_bb_sc,rosetta_cat_hbond_bb_sc,structure-space,struct_site,main,OK,1,3,0,,,,0.6282,0.5595,0.6982,0.5625,0.4583,0.6667,64,0,0,0,0.6759,0.5952,0.7523,108,0,0,0,0.6462,0.5694,0.7248,130,0,0,0,never,never,,,,0.6109,
specificity,enzyme,193,84,EC sub-subclass (stated proxy),,,,"one metric for the second-shell lesion; rank statistic R, natural sets pooled; no cell qualifies, so no reference level",0,complete,public,never,31,33,,catalytic_polar_contacts_per_residue,catalytic_polar_contacts_per_residue,structure-space,struct_site,supp_aggregate,OK,0,3,0,,,,0.612,0.4906,0.7314,0.5909,0.4,0.7812,22,0,0,0,0.6061,0.4444,0.7553,33,0,0,0,0.6389,0.4756,0.7812,36,0,0,0,never,never,,,,0.5792,
specificity,enzyme,193,84,EC sub-subclass (stated proxy),,,,"one metric for the second-shell lesion; rank statistic R, natural sets pooled; no cell qualifies, so no reference level",0,complete,public,never,32,34,26,catalytic_polar_contacts,catalytic_polar_contacts,structure-space,struct_site,main,OK,1,3,0,,,,0.6115,0.4935,0.7274,0.5909,0.4,0.7812,22,0,0,0,0.5909,0.4286,0.7369,33,0,0,0,0.6528,0.5,0.7931,36,0,0,0,never,never,,,,0.5789,
specificity,enzyme,193,84,EC sub-subclass (stated proxy),,,,"one metric for the second-shell lesion; rank statistic R, natural sets pooled; no cell qualifies, so no reference level",0,complete,public,never,33,35,27,rosetta_cat_rama_prepro,rosetta_cat_rama_prepro,structure-space,struct_site,main,OK,1,3,0,,,,0.0333,0.0,0.1111,0.1,0.0,0.3333,5,0,1,0,0.0,0.0,0.0,9,0,1,0,0.0,0.0,0.0,17,0,1,0,never,never,,,,0.0,
specificity,enzyme,193,84,EC sub-subclass (stated proxy),,,,"one metric for the second-shell lesion; rank statistic R, natural sets pooled; no cell qualifies, so no reference level",0,complete,public,never,,36,28,rosetta_cat_omega,rosetta_cat_omega,structure-space,struct_site,main,OK,1,0,0,,,,,,,,,,1,0,1,0,,,,0,0,1,0,,,,0,0,1,0,never,never,,,,,
specificity,enzyme,193,84,EC sub-subclass (stated proxy),,,,"one metric for the second-shell lesion; rank statistic R, natural sets pooled; no cell qualifies, so no reference level",0,complete,public,never,,37,29,rosetta_cat_p_aa_pp,rosetta_cat_p_aa_pp,structure-space,struct_site,main,OK,1,0,0,,,,,,,,,,1,0,1,0,,,,0,0,1,0,,,,0,0,1,0,never,never,,,,,
