analysis,level,statistic,original_k,original_N,eligible_k,eligible_N,eligible_distinct_k,eligible_distinct_N,global_k,global_N,excluded_breakdown,recompute_kind,note
"main set, packing-matched controls; catalytic lesion",ala,responds,55,102,25,37,23,35,12,15,X-BOOKKEEP:21;X-NOINPUT:29,reaggregation,original = every metric with a testable cell; eligible = status OK in S3
"main set, packing-matched controls; catalytic lesion",ala,specific,11,102,10,37,8,35,1,15,X-BOOKKEEP:21;X-NOINPUT:29,reaggregation,original = every metric with a testable cell; eligible = status OK in S3
"main set, packing-matched controls; catalytic lesion",gly,responds,58,98,25,34,23,32,15,15,X-BOOKKEEP:20;X-NOINPUT:29,reaggregation,original = every metric with a testable cell; eligible = status OK in S3
"main set, packing-matched controls; catalytic lesion",gly,specific,11,98,10,34,8,32,1,15,X-BOOKKEEP:20;X-NOINPUT:29,reaggregation,original = every metric with a testable cell; eligible = status OK in S3
"main set, packing-matched controls; catalytic lesion",isosteric,responds,53,102,28,37,26,35,13,15,X-BOOKKEEP:21;X-NOINPUT:29,reaggregation,original = every metric with a testable cell; eligible = status OK in S3
"main set, packing-matched controls; catalytic lesion",isosteric,specific,0,102,0,37,0,35,0,15,X-BOOKKEEP:21;X-NOINPUT:29,reaggregation,original = every metric with a testable cell; eligible = status OK in S3
"main set, packing-matched controls; catalytic lesion",non_isosteric,responds,57,102,29,37,27,35,13,15,X-BOOKKEEP:21;X-NOINPUT:29,reaggregation,original = every metric with a testable cell; eligible = status OK in S3
"main set, packing-matched controls; catalytic lesion",non_isosteric,specific,6,102,6,37,6,35,0,15,X-BOOKKEEP:21;X-NOINPUT:29,reaggregation,original = every metric with a testable cell; eligible = status OK in S3
pilot set; catalytic lesion,ala,responds,43,97,18,29,16,27,13,15,X-BOOKKEEP:21;X-NOINPUT:29;X-UNDEF-COV:3,reaggregation,original = every metric with a testable cell; eligible = status OK in S3
pilot set; catalytic lesion,ala,specific,0,97,0,29,0,27,0,15,X-BOOKKEEP:21;X-NOINPUT:29;X-UNDEF-COV:3,reaggregation,original = every metric with a testable cell; eligible = status OK in S3
pilot set; catalytic lesion,gly,responds,43,92,19,26,17,24,13,15,X-BOOKKEEP:20;X-NOINPUT:29;X-UNDEF-COV:2,reaggregation,original = every metric with a testable cell; eligible = status OK in S3
pilot set; catalytic lesion,gly,specific,1,92,0,26,0,24,0,15,X-BOOKKEEP:20;X-NOINPUT:29;X-UNDEF-COV:2,reaggregation,original = every metric with a testable cell; eligible = status OK in S3
pilot set; catalytic lesion,isosteric,responds,32,105,14,29,13,27,8,15,X-BOOKKEEP:21;X-NOINPUT:29;X-UNDEF-COV:11,reaggregation,original = every metric with a testable cell; eligible = status OK in S3
pilot set; catalytic lesion,isosteric,specific,0,105,0,29,0,27,0,15,X-BOOKKEEP:21;X-NOINPUT:29;X-UNDEF-COV:11,reaggregation,original = every metric with a testable cell; eligible = status OK in S3
pilot set; catalytic lesion,non_isosteric,responds,40,103,16,29,14,27,11,15,X-BOOKKEEP:21;X-NOINPUT:29;X-UNDEF-COV:9,reaggregation,original = every metric with a testable cell; eligible = status OK in S3
pilot set; catalytic lesion,non_isosteric,specific,0,103,0,29,0,27,0,15,X-BOOKKEEP:21;X-NOINPUT:29;X-UNDEF-COV:9,reaggregation,original = every metric with a testable cell; eligible = status OK in S3
main set; catalytic lesion,ala,responds,55,102,25,37,23,35,12,15,X-BOOKKEEP:21;X-NOINPUT:29,reaggregation,original = every metric with a testable cell; eligible = status OK in S3
main set; catalytic lesion,ala,specific,11,102,10,37,8,35,1,15,X-BOOKKEEP:21;X-NOINPUT:29,reaggregation,original = every metric with a testable cell; eligible = status OK in S3
main set; catalytic lesion,gly,responds,58,98,25,34,23,32,15,15,X-BOOKKEEP:20;X-NOINPUT:29,reaggregation,original = every metric with a testable cell; eligible = status OK in S3
main set; catalytic lesion,gly,specific,9,98,7,34,6,32,2,15,X-BOOKKEEP:20;X-NOINPUT:29,reaggregation,original = every metric with a testable cell; eligible = status OK in S3
main set; catalytic lesion,isosteric,responds,53,102,28,37,26,35,13,15,X-BOOKKEEP:21;X-NOINPUT:29,reaggregation,original = every metric with a testable cell; eligible = status OK in S3
main set; catalytic lesion,isosteric,specific,0,102,0,37,0,35,0,15,X-BOOKKEEP:21;X-NOINPUT:29,reaggregation,original = every metric with a testable cell; eligible = status OK in S3
main set; catalytic lesion,non_isosteric,responds,57,102,29,37,27,35,13,15,X-BOOKKEEP:21;X-NOINPUT:29,reaggregation,original = every metric with a testable cell; eligible = status OK in S3
main set; catalytic lesion,non_isosteric,specific,3,102,3,37,3,35,0,15,X-BOOKKEEP:21;X-NOINPUT:29,reaggregation,original = every metric with a testable cell; eligible = status OK in S3
shortened motif (<=3 residues); catalytic lesion,ala,responds,51,100,25,29,23,27,14,15,X-BOOKKEEP:21;X-NOINPUT:29;X-UNDEF-COV:6,reaggregation,original = every metric with a testable cell; eligible = status OK in S3
shortened motif (<=3 residues); catalytic lesion,ala,specific,3,100,2,29,2,27,1,15,X-BOOKKEEP:21;X-NOINPUT:29;X-UNDEF-COV:6,reaggregation,original = every metric with a testable cell; eligible = status OK in S3
shortened motif (<=3 residues); catalytic lesion,gly,responds,49,96,22,26,20,24,15,15,X-BOOKKEEP:20;X-NOINPUT:29;X-UNDEF-COV:6,reaggregation,original = every metric with a testable cell; eligible = status OK in S3
shortened motif (<=3 residues); catalytic lesion,gly,specific,0,96,0,26,0,24,0,15,X-BOOKKEEP:20;X-NOINPUT:29;X-UNDEF-COV:6,reaggregation,original = every metric with a testable cell; eligible = status OK in S3
shortened motif (<=3 residues); catalytic lesion,isosteric,responds,43,102,20,29,18,27,12,15,X-BOOKKEEP:21;X-NOINPUT:29;X-UNDEF-COV:8,reaggregation,original = every metric with a testable cell; eligible = status OK in S3
shortened motif (<=3 residues); catalytic lesion,isosteric,specific,0,102,0,29,0,27,0,15,X-BOOKKEEP:21;X-NOINPUT:29;X-UNDEF-COV:8,reaggregation,original = every metric with a testable cell; eligible = status OK in S3
shortened motif (<=3 residues); catalytic lesion,non_isosteric,responds,50,102,22,29,20,27,13,15,X-BOOKKEEP:21;X-NOINPUT:29;X-UNDEF-COV:8,reaggregation,original = every metric with a testable cell; eligible = status OK in S3
shortened motif (<=3 residues); catalytic lesion,non_isosteric,specific,0,102,0,29,0,27,0,15,X-BOOKKEEP:21;X-NOINPUT:29;X-UNDEF-COV:8,reaggregation,original = every metric with a testable cell; eligible = status OK in S3
"de novo set, created-site control; catalytic lesion",ala,responds,41,94,21,29,19,27,9,15,X-BOOKKEEP:21;X-NOINPUT:29,reaggregation,original = every metric with a testable cell; eligible = status OK in S3
"de novo set, created-site control; catalytic lesion",ala,specific,6,94,4,29,4,27,2,15,X-BOOKKEEP:21;X-NOINPUT:29,reaggregation,original = every metric with a testable cell; eligible = status OK in S3
"de novo set, created-site control; catalytic lesion",gly,responds,45,90,22,26,20,24,12,15,X-BOOKKEEP:20;X-NOINPUT:29,reaggregation,original = every metric with a testable cell; eligible = status OK in S3
"de novo set, created-site control; catalytic lesion",gly,specific,6,90,4,26,4,24,2,15,X-BOOKKEEP:20;X-NOINPUT:29,reaggregation,original = every metric with a testable cell; eligible = status OK in S3
"de novo set, created-site control; catalytic lesion",isosteric,responds,43,94,21,29,20,27,11,15,X-BOOKKEEP:21;X-NOINPUT:29,reaggregation,original = every metric with a testable cell; eligible = status OK in S3
"de novo set, created-site control; catalytic lesion",isosteric,specific,10,94,9,29,9,27,1,15,X-BOOKKEEP:21;X-NOINPUT:29,reaggregation,original = every metric with a testable cell; eligible = status OK in S3
"de novo set, created-site control; catalytic lesion",non_isosteric,responds,47,94,24,29,22,27,11,15,X-BOOKKEEP:21;X-NOINPUT:29,reaggregation,original = every metric with a testable cell; eligible = status OK in S3
"de novo set, created-site control; catalytic lesion",non_isosteric,specific,3,94,3,29,3,27,0,15,X-BOOKKEEP:21;X-NOINPUT:29,reaggregation,original = every metric with a testable cell; eligible = status OK in S3
"main set, second-shell lesion; second-shell lesion",second_shell_1,responds,14,106,0,37,0,35,11,15,X-BOOKKEEP:21;X-NOINPUT:29;X-UNDEF-COV:4,reaggregation,original = every metric with a testable cell; eligible = status OK in S3
"main set, second-shell lesion; second-shell lesion",second_shell_1,specific,1,106,0,37,0,35,1,15,X-BOOKKEEP:21;X-NOINPUT:29;X-UNDEF-COV:4,reaggregation,original = every metric with a testable cell; eligible = status OK in S3
"main set, second-shell lesion; second-shell lesion",second_shell_2,responds,16,106,0,37,0,35,11,15,X-BOOKKEEP:21;X-NOINPUT:29;X-UNDEF-COV:4,reaggregation,original = every metric with a testable cell; eligible = status OK in S3
"main set, second-shell lesion; second-shell lesion",second_shell_2,specific,3,106,0,37,0,35,3,15,X-BOOKKEEP:21;X-NOINPUT:29;X-UNDEF-COV:4,reaggregation,original = every metric with a testable cell; eligible = status OK in S3
"main set, second-shell lesion; second-shell lesion",second_shell_4,responds,18,106,2,37,2,35,11,15,X-BOOKKEEP:21;X-NOINPUT:29;X-UNDEF-COV:4,reaggregation,original = every metric with a testable cell; eligible = status OK in S3
"main set, second-shell lesion; second-shell lesion",second_shell_4,specific,2,106,0,37,0,35,2,15,X-BOOKKEEP:21;X-NOINPUT:29;X-UNDEF-COV:4,reaggregation,original = every metric with a testable cell; eligible = status OK in S3
shortened motif (<=3 residues); second-shell lesion,second_shell_1,responds,12,106,0,35,0,33,10,15,X-BOOKKEEP:21;X-NOINPUT:29;X-UNDEF-COV:6,reaggregation,original = every metric with a testable cell; eligible = status OK in S3
shortened motif (<=3 residues); second-shell lesion,second_shell_1,specific,0,106,0,35,0,33,0,15,X-BOOKKEEP:21;X-NOINPUT:29;X-UNDEF-COV:6,reaggregation,original = every metric with a testable cell; eligible = status OK in S3
shortened motif (<=3 residues); second-shell lesion,second_shell_2,responds,16,106,1,35,1,33,10,15,X-BOOKKEEP:21;X-NOINPUT:29;X-UNDEF-COV:6,reaggregation,original = every metric with a testable cell; eligible = status OK in S3
shortened motif (<=3 residues); second-shell lesion,second_shell_2,specific,0,106,0,35,0,33,0,15,X-BOOKKEEP:21;X-NOINPUT:29;X-UNDEF-COV:6,reaggregation,original = every metric with a testable cell; eligible = status OK in S3
shortened motif (<=3 residues); second-shell lesion,second_shell_4,responds,15,106,0,35,0,33,10,15,X-BOOKKEEP:21;X-NOINPUT:29;X-UNDEF-COV:6,reaggregation,original = every metric with a testable cell; eligible = status OK in S3
shortened motif (<=3 residues); second-shell lesion,second_shell_4,specific,0,106,0,35,0,33,0,15,X-BOOKKEEP:21;X-NOINPUT:29;X-UNDEF-COV:6,reaggregation,original = every metric with a testable cell; eligible = status OK in S3
"de novo set, created-site control; second-shell lesion",second_shell_1,responds,9,102,0,0,0,0,0,0,X-BOOKKEEP:21;X-NOCTRL:52;X-NOINPUT:29,reaggregation,original = every metric with a testable cell; eligible = status OK in S3
"de novo set, created-site control; second-shell lesion",second_shell_1,specific,0,102,0,0,0,0,0,0,X-BOOKKEEP:21;X-NOCTRL:52;X-NOINPUT:29,reaggregation,original = every metric with a testable cell; eligible = status OK in S3
"de novo set, created-site control; second-shell lesion",second_shell_2,responds,12,102,0,0,0,0,0,0,X-BOOKKEEP:21;X-NOCTRL:52;X-NOINPUT:29,reaggregation,original = every metric with a testable cell; eligible = status OK in S3
"de novo set, created-site control; second-shell lesion",second_shell_2,specific,0,102,0,0,0,0,0,0,X-BOOKKEEP:21;X-NOCTRL:52;X-NOINPUT:29,reaggregation,original = every metric with a testable cell; eligible = status OK in S3
"de novo set, created-site control; second-shell lesion",second_shell_4,responds,12,102,0,0,0,0,0,0,X-BOOKKEEP:21;X-NOCTRL:52;X-NOINPUT:29,reaggregation,original = every metric with a testable cell; eligible = status OK in S3
"de novo set, created-site control; second-shell lesion",second_shell_4,specific,0,102,0,0,0,0,0,0,X-BOOKKEEP:21;X-NOCTRL:52;X-NOINPUT:29,reaggregation,original = every metric with a testable cell; eligible = status OK in S3
