metric_name,n_designs,spearman_rho,rho_lo90,rho_hi90,excludes_zero,rho_given_length,survives_length_control
frac_I,16,-0.7821,-0.9494,-0.5042,True,-0.6767,True
frac_A,16,0.776,0.4627,0.9348,True,0.7251,True
rosetta_omega,16,-0.7756,-0.8904,-0.5,True,-0.6761,True
frac_S,16,-0.7312,-0.9274,-0.3647,True,-0.5415,True
catalytic_polar_contacts,16,0.6711,0.4115,0.8501,True,0.5183,True
catalytic_polar_contacts_per_residue,16,0.6711,0.4178,0.8472,True,0.5183,True
rosetta_fa_rep,16,-0.6328,-0.8949,-0.2378,True,-0.4614,False
rosetta_catalytic_vdw_net,16,-0.6299,-0.8777,-0.2414,True,-0.4743,False
rosetta_fa_intra_rep,16,-0.624,-0.8446,-0.2638,True,-0.4495,False
frac_V,16,-0.6201,-0.934,-0.1619,True,-0.5038,True
rosetta_p_aa_pp,16,0.5872,0.1514,0.8659,True,0.3426,False
rosetta_n_residues,16,-0.5825,-0.8152,-0.2268,True,,False
seq_length,16,-0.5825,-0.8169,-0.2348,True,,False
catalytic_polar_dist_min,16,-0.573,-0.8143,-0.1887,True,-0.3299,False
rosetta_lk_ball_wtd,16,0.571,0.188,0.8214,True,0.3095,False
rosetta_cat_fa_sol,16,0.5651,0.1543,0.8487,True,0.538,True
rosetta_cat_p_aa_pp,16,0.5404,0.0849,0.8112,True,0.6365,True
rosetta_fa_atr,16,0.5313,0.1487,0.8024,True,0.2184,False
frac_Q,16,0.5182,0.0893,0.828,True,0.2574,False
mean_hydropathy,16,-0.4989,-0.8516,0.0153,False,-0.5836,True
rosetta_total_score,16,0.496,0.0709,0.7861,True,0.1669,False
frac_W,16,0.4885,0.0842,0.763,True,0.3477,False
net_charge,16,0.4611,-0.0152,0.7963,False,0.223,False
rosetta_score_per_residue,16,0.4606,0.0237,0.7774,True,0.2118,False
rosetta_fa_dun,16,-0.4356,-0.7581,0.0312,False,-0.0423,False
catalytic_pairwise_dist_mean,16,-0.4263,-0.7096,0.0188,False,-0.294,False
rosetta_cat_total,16,-0.4224,-0.6893,0.006,False,-0.3726,False
rosetta_cat_total_mean,16,-0.4224,-0.6912,-0.0088,True,-0.3726,False
catalytic_radius_of_gyration,16,-0.4114,-0.6896,0.0319,False,-0.2861,False
net_charge_per_residue,16,0.4065,-0.076,0.8021,False,0.3194,False
rosetta_fa_sol,16,-0.4032,-0.7088,0.0197,False,0.0291,False
rosetta_cat_hbond_sc,16,-0.4003,-0.7366,0.0497,False,-0.1384,False
rosetta_fa_elec,16,0.3988,-0.0031,0.6732,False,-0.0894,False
total_sasa,16,-0.3856,-0.766,0.1096,False,0.0833,False
rosetta_cat_rama_prepro,16,-0.3838,-0.8231,0.1496,False,-0.0932,False
rosetta_hbond_bb_sc,16,0.3829,0.003,0.6622,True,0.0926,False
frac_F,16,0.3746,-0.1744,0.7007,False,0.5759,True
frac_G,16,-0.366,-0.6637,0.165,False,-0.5075,True
frac_L,16,-0.3511,-0.7928,0.1532,False,-0.1273,False
rosetta_cat_fa_rep,16,-0.3252,-0.7345,0.1749,False,0.2051,False
rosetta_catalytic_vdw_rep,16,-0.3252,-0.7369,0.1459,False,0.2051,False
rosetta_catalytic_vdw_rep_per_res,16,-0.3252,-0.7471,0.1562,False,0.2051,False
propka_catalytic_pka_mean,16,-0.2973,-0.5717,0.0923,False,0.0857,False
propka_catalytic_shift_mean,16,-0.2973,-0.5647,0.0942,False,0.0857,False
frac_R,16,0.2905,-0.2029,0.6846,False,0.3113,False
catalytic_rel_sasa_mean,16,-0.2504,-0.7574,0.3067,False,-0.3492,False
catalytic_sasa_mean,16,-0.2504,-0.7502,0.3213,False,-0.3492,False
catalytic_sasa_total,16,-0.2504,-0.7633,0.3026,False,-0.3492,False
catalytic_rel_sasa_max,16,-0.2498,-0.7563,0.2808,False,-0.3363,False
rosetta_cat_fa_atr,16,-0.2472,-0.656,0.2462,False,-0.1992,False
rosetta_catalytic_vdw_atr,16,-0.2472,-0.6726,0.2478,False,-0.1992,False
catalytic_pairwise_dist_max,16,0.2335,-0.2644,0.6418,False,0.258,False
rosetta_cat_fa_intra_rep,16,-0.2305,-0.649,0.2955,False,-0.4619,False
frac_H,16,0.2274,-0.2901,0.6443,False,0.073,False
frac_D,16,-0.224,-0.5214,0.1427,False,0.1074,False
frac_charged,16,0.2224,-0.3743,0.628,False,0.5427,True
rosetta_cat_lk_ball_wtd,16,-0.2104,-0.5261,0.1948,False,0.0787,False
rosetta_cat_fa_elec,16,-0.1898,-0.5799,0.2535,False,-0.6135,True
rosetta_cat_fa_dun,16,0.1757,-0.3076,0.5723,False,0.1068,False
frac_E,16,0.1732,-0.4061,0.6677,False,0.3766,False
glu_fraction,16,0.1732,-0.4164,0.6528,False,0.3766,False
rosetta_cat_hbond_bb_sc,16,0.17,-0.2123,0.5152,False,0.3243,False
rosetta_rama_prepro,16,0.1663,-0.3336,0.6574,False,-0.1549,False
propka_catalytic_pka_max,16,-0.1571,-0.4891,0.2588,False,0.1623,False
frac_Y,16,-0.1438,-0.6792,0.4005,False,0.0016,False
rosetta_ref,16,-0.1398,-0.5895,0.4143,False,-0.4747,False
propka_catalytic_pka_range,16,-0.1252,-0.5285,0.311,False,-0.0703,False
frac_aromatic,16,0.1199,-0.4255,0.6655,False,0.0565,False
rosetta_cat_worst_residue,16,-0.1192,-0.5252,0.3687,False,-0.1156,False
frac_ivywrel,16,-0.1179,-0.5721,0.3306,False,0.0227,False
frac_T,16,0.1046,-0.3624,0.5946,False,-0.0528,False
frac_P,16,-0.1044,-0.5341,0.4593,False,-0.4746,False
catalytic_frac_buried,16,0.0973,-0.4545,0.3118,False,0.2184,False
rosetta_hbond_sc,16,0.0662,-0.4529,0.5519,False,-0.19,False
propka_catalytic_pka_min,16,0.0538,-0.4138,0.469,False,0.4302,False
propka_catalytic_shift_absmax,16,-0.0538,-0.4527,0.4069,False,-0.4302,False
catalytic_polar_dist_mean,16,-0.0526,-0.5442,0.4217,False,-0.1705,False
frac_K,16,-0.0435,-0.491,0.4674,False,0.0315,False
lys_fraction,16,-0.0435,-0.4807,0.4669,False,0.0315,False
rosetta_cat_omega,16,0.0304,-0.3646,0.4565,False,-0.2091,False
frac_N,16,-0.0121,-0.4876,0.5096,False,-0.0663,False
