test_id,claim_type,source_artifacts,source_sha256,unit,n_units,n_clusters,cluster_def,k,N,k_of_N,denominator_def,headline_ok,status,licence_flag,rank,item,metric,role,mode,family,n_designs,rho,rho_ci_lo90,rho_ci_hi90,interval_excludes_zero,higher_value_means,rho_given_length,note
P6_PLATES_M1;P6_PLATES_M3 (16 designs with a reported kcat/KM),ranking,tables/spec/derived/p6_activity_ranking_native.csv;results/P6_m3/activity_ranking.csv;results/P6_m3/enrichment_summary.json,9b20a48548630921;aefe5ee084cd459d;0389a3d1fcc2f3fe,design,16,8,"design; the 8 backbone clusters that hold an active design are reported, intervals resample designs",,,,"one metric on the 16 designs with a reported kcat/KM; ranked among the 36 items (main-set metrics that the plates define, reference rows)",0,complete,public,1,Polar contacts,catalytic_polar_contacts,main,M1,Catalytic geometry (site-scoped),16,0.6711,0.4115,0.8501,1,higher activity,0.5183,"descriptive only (human ruling 2026-08-09; relaxed on 2026-10-09 only for the AUROC of Table 4): Spearman rank correlation with log10 kcat/KM over the 16 designs that have a reported value (the other 176 have no measurement); no direction is fixed in advance, so ranked by the size of rho; 90% interval resamples designs; a 90% interval excludes 0 for about 10% of unrelated items, that is about 3.6 of the 36; rho_given_length partials the sequence length out of both sides; ranks 31 to 36 are in S22c (column rank_in_table_6)"
P6_PLATES_M1;P6_PLATES_M3 (16 designs with a reported kcat/KM),ranking,tables/spec/derived/p6_activity_ranking_native.csv;results/P6_m3/activity_ranking.csv;results/P6_m3/enrichment_summary.json,9b20a48548630921;aefe5ee084cd459d;0389a3d1fcc2f3fe,design,16,8,"design; the 8 backbone clusters that hold an active design are reported, intervals resample designs",,,,"one metric on the 16 designs with a reported kcat/KM; ranked among the 36 items (main-set metrics that the plates define, reference rows)",0,complete,public,2,"Net van der Waals (Rosetta, site)",rosetta_catalytic_vdw_net,main,M1,Rosetta energy (site-scoped),16,-0.6299,-0.8777,-0.2414,1,lower activity,-0.4743,"descriptive only (human ruling 2026-08-09; relaxed on 2026-10-09 only for the AUROC of Table 4): Spearman rank correlation with log10 kcat/KM over the 16 designs that have a reported value (the other 176 have no measurement); no direction is fixed in advance, so ranked by the size of rho; 90% interval resamples designs; a 90% interval excludes 0 for about 10% of unrelated items, that is about 3.6 of the 36; rho_given_length partials the sequence length out of both sides; ranks 31 to 36 are in S22c (column rank_in_table_6)"
P6_PLATES_M1;P6_PLATES_M3 (16 designs with a reported kcat/KM),baseline,tables/spec/derived/p6_activity_ranking_native.csv;results/P6_m3/activity_ranking.csv;results/P6_m3/enrichment_summary.json,9b20a48548630921;aefe5ee084cd459d;0389a3d1fcc2f3fe,design,16,8,"design; the 8 backbone clusters that hold an active design are reported, intervals resample designs",,,,"one metric on the 16 designs with a reported kcat/KM; ranked among the 36 items (main-set metrics that the plates define, reference rows)",0,complete,public,3,pLDDT,chai_plddt_mean,reference,M3,Reference row,16,0.5975,0.2394,0.8259,1,higher activity,0.3632,"descriptive only (human ruling 2026-08-09; relaxed on 2026-10-09 only for the AUROC of Table 4): Spearman rank correlation with log10 kcat/KM over the 16 designs that have a reported value (the other 176 have no measurement); no direction is fixed in advance, so ranked by the size of rho; 90% interval resamples designs; a 90% interval excludes 0 for about 10% of unrelated items, that is about 3.6 of the 36; rho_given_length partials the sequence length out of both sides; ranks 31 to 36 are in S22c (column rank_in_table_6)"
P6_PLATES_M1;P6_PLATES_M3 (16 designs with a reported kcat/KM),baseline,tables/spec/derived/p6_activity_ranking_native.csv;results/P6_m3/activity_ranking.csv;results/P6_m3/enrichment_summary.json,9b20a48548630921;aefe5ee084cd459d;0389a3d1fcc2f3fe,design,16,8,"design; the 8 backbone clusters that hold an active design are reported, intervals resample designs",,,,"one metric on the 16 designs with a reported kcat/KM; ranked among the 36 items (main-set metrics that the plates define, reference rows)",0,complete,public,4,Sequence length,seq_length,reference,M1,Reference row,16,-0.5825,-0.8169,-0.2348,1,lower activity,,"descriptive only (human ruling 2026-08-09; relaxed on 2026-10-09 only for the AUROC of Table 4): Spearman rank correlation with log10 kcat/KM over the 16 designs that have a reported value (the other 176 have no measurement); no direction is fixed in advance, so ranked by the size of rho; 90% interval resamples designs; a 90% interval excludes 0 for about 10% of unrelated items, that is about 3.6 of the 36; rho_given_length partials the sequence length out of both sides; ranks 31 to 36 are in S22c (column rank_in_table_6)"
P6_PLATES_M1;P6_PLATES_M3 (16 designs with a reported kcat/KM),ranking,tables/spec/derived/p6_activity_ranking_native.csv;results/P6_m3/activity_ranking.csv;results/P6_m3/enrichment_summary.json,9b20a48548630921;aefe5ee084cd459d;0389a3d1fcc2f3fe,design,16,8,"design; the 8 backbone clusters that hold an active design are reported, intervals resample designs",,,,"one metric on the 16 designs with a reported kcat/KM; ranked among the 36 items (main-set metrics that the plates define, reference rows)",0,complete,public,5,"Solvation (Rosetta, site)",rosetta_cat_fa_sol,main,M1,Rosetta energy (site-scoped),16,0.5651,0.1543,0.8487,1,higher activity,0.538,"descriptive only (human ruling 2026-08-09; relaxed on 2026-10-09 only for the AUROC of Table 4): Spearman rank correlation with log10 kcat/KM over the 16 designs that have a reported value (the other 176 have no measurement); no direction is fixed in advance, so ranked by the size of rho; 90% interval resamples designs; a 90% interval excludes 0 for about 10% of unrelated items, that is about 3.6 of the 36; rho_given_length partials the sequence length out of both sides; ranks 31 to 36 are in S22c (column rank_in_table_6)"
P6_PLATES_M1;P6_PLATES_M3 (16 designs with a reported kcat/KM),ranking,tables/spec/derived/p6_activity_ranking_native.csv;results/P6_m3/activity_ranking.csv;results/P6_m3/enrichment_summary.json,9b20a48548630921;aefe5ee084cd459d;0389a3d1fcc2f3fe,design,16,8,"design; the 8 backbone clusters that hold an active design are reported, intervals resample designs",,,,"one metric on the 16 designs with a reported kcat/KM; ranked among the 36 items (main-set metrics that the plates define, reference rows)",0,complete,public,6,"Amino-acid propensity (Rosetta, site)",rosetta_cat_p_aa_pp,main,M1,Rosetta energy (site-scoped),16,0.5404,0.0849,0.8112,1,higher activity,0.6365,"descriptive only (human ruling 2026-08-09; relaxed on 2026-10-09 only for the AUROC of Table 4): Spearman rank correlation with log10 kcat/KM over the 16 designs that have a reported value (the other 176 have no measurement); no direction is fixed in advance, so ranked by the size of rho; 90% interval resamples designs; a 90% interval excludes 0 for about 10% of unrelated items, that is about 3.6 of the 36; rho_given_length partials the sequence length out of both sides; ranks 31 to 36 are in S22c (column rank_in_table_6)"
P6_PLATES_M1;P6_PLATES_M3 (16 designs with a reported kcat/KM),baseline,tables/spec/derived/p6_activity_ranking_native.csv;results/P6_m3/activity_ranking.csv;results/P6_m3/enrichment_summary.json,9b20a48548630921;aefe5ee084cd459d;0389a3d1fcc2f3fe,design,16,8,"design; the 8 backbone clusters that hold an active design are reported, intervals resample designs",,,,"one metric on the 16 designs with a reported kcat/KM; ranked among the 36 items (main-set metrics that the plates define, reference rows)",0,complete,public,7,Net charge,net_charge,reference,M1,Reference row,16,0.4611,-0.0152,0.7963,0,higher activity,0.223,"descriptive only (human ruling 2026-08-09; relaxed on 2026-10-09 only for the AUROC of Table 4): Spearman rank correlation with log10 kcat/KM over the 16 designs that have a reported value (the other 176 have no measurement); no direction is fixed in advance, so ranked by the size of rho; 90% interval resamples designs; a 90% interval excludes 0 for about 10% of unrelated items, that is about 3.6 of the 36; rho_given_length partials the sequence length out of both sides; ranks 31 to 36 are in S22c (column rank_in_table_6)"
P6_PLATES_M1;P6_PLATES_M3 (16 designs with a reported kcat/KM),ranking,tables/spec/derived/p6_activity_ranking_native.csv;results/P6_m3/activity_ranking.csv;results/P6_m3/enrichment_summary.json,9b20a48548630921;aefe5ee084cd459d;0389a3d1fcc2f3fe,design,16,8,"design; the 8 backbone clusters that hold an active design are reported, intervals resample designs",,,,"one metric on the 16 designs with a reported kcat/KM; ranked among the 36 items (main-set metrics that the plates define, reference rows)",0,complete,public,8,"Pairwise distance, mean",catalytic_pairwise_dist_mean,main,M1,Catalytic geometry (site-scoped),16,-0.4263,-0.7096,0.0188,0,lower activity,-0.294,"descriptive only (human ruling 2026-08-09; relaxed on 2026-10-09 only for the AUROC of Table 4): Spearman rank correlation with log10 kcat/KM over the 16 designs that have a reported value (the other 176 have no measurement); no direction is fixed in advance, so ranked by the size of rho; 90% interval resamples designs; a 90% interval excludes 0 for about 10% of unrelated items, that is about 3.6 of the 36; rho_given_length partials the sequence length out of both sides; ranks 31 to 36 are in S22c (column rank_in_table_6)"
P6_PLATES_M1;P6_PLATES_M3 (16 designs with a reported kcat/KM),ranking,tables/spec/derived/p6_activity_ranking_native.csv;results/P6_m3/activity_ranking.csv;results/P6_m3/enrichment_summary.json,9b20a48548630921;aefe5ee084cd459d;0389a3d1fcc2f3fe,design,16,8,"design; the 8 backbone clusters that hold an active design are reported, intervals resample designs",,,,"one metric on the 16 designs with a reported kcat/KM; ranked among the 36 items (main-set metrics that the plates define, reference rows)",0,complete,public,9,Site total (Rosetta),rosetta_cat_total,main,M1,Rosetta energy (site-scoped),16,-0.4224,-0.6893,0.006,0,lower activity,-0.3726,"descriptive only (human ruling 2026-08-09; relaxed on 2026-10-09 only for the AUROC of Table 4): Spearman rank correlation with log10 kcat/KM over the 16 designs that have a reported value (the other 176 have no measurement); no direction is fixed in advance, so ranked by the size of rho; 90% interval resamples designs; a 90% interval excludes 0 for about 10% of unrelated items, that is about 3.6 of the 36; rho_given_length partials the sequence length out of both sides; ranks 31 to 36 are in S22c (column rank_in_table_6)"
P6_PLATES_M1;P6_PLATES_M3 (16 designs with a reported kcat/KM),ranking,tables/spec/derived/p6_activity_ranking_native.csv;results/P6_m3/activity_ranking.csv;results/P6_m3/enrichment_summary.json,9b20a48548630921;aefe5ee084cd459d;0389a3d1fcc2f3fe,design,16,8,"design; the 8 backbone clusters that hold an active design are reported, intervals resample designs",,,,"one metric on the 16 designs with a reported kcat/KM; ranked among the 36 items (main-set metrics that the plates define, reference rows)",0,complete,public,10,Radius of gyration,catalytic_radius_of_gyration,main,M1,Catalytic geometry (site-scoped),16,-0.4114,-0.6896,0.0319,0,lower activity,-0.2861,"descriptive only (human ruling 2026-08-09; relaxed on 2026-10-09 only for the AUROC of Table 4): Spearman rank correlation with log10 kcat/KM over the 16 designs that have a reported value (the other 176 have no measurement); no direction is fixed in advance, so ranked by the size of rho; 90% interval resamples designs; a 90% interval excludes 0 for about 10% of unrelated items, that is about 3.6 of the 36; rho_given_length partials the sequence length out of both sides; ranks 31 to 36 are in S22c (column rank_in_table_6)"
P6_PLATES_M1;P6_PLATES_M3 (16 designs with a reported kcat/KM),ranking,tables/spec/derived/p6_activity_ranking_native.csv;results/P6_m3/activity_ranking.csv;results/P6_m3/enrichment_summary.json,9b20a48548630921;aefe5ee084cd459d;0389a3d1fcc2f3fe,design,16,8,"design; the 8 backbone clusters that hold an active design are reported, intervals resample designs",,,,"one metric on the 16 designs with a reported kcat/KM; ranked among the 36 items (main-set metrics that the plates define, reference rows)",0,complete,public,11,"H-bond, side chain (Rosetta, site)",rosetta_cat_hbond_sc,main,M1,Rosetta energy (site-scoped),16,-0.4003,-0.7366,0.0497,0,lower activity,-0.1384,"descriptive only (human ruling 2026-08-09; relaxed on 2026-10-09 only for the AUROC of Table 4): Spearman rank correlation with log10 kcat/KM over the 16 designs that have a reported value (the other 176 have no measurement); no direction is fixed in advance, so ranked by the size of rho; 90% interval resamples designs; a 90% interval excludes 0 for about 10% of unrelated items, that is about 3.6 of the 36; rho_given_length partials the sequence length out of both sides; ranks 31 to 36 are in S22c (column rank_in_table_6)"
P6_PLATES_M1;P6_PLATES_M3 (16 designs with a reported kcat/KM),ranking,tables/spec/derived/p6_activity_ranking_native.csv;results/P6_m3/activity_ranking.csv;results/P6_m3/enrichment_summary.json,9b20a48548630921;aefe5ee084cd459d;0389a3d1fcc2f3fe,design,16,8,"design; the 8 backbone clusters that hold an active design are reported, intervals resample designs",,,,"one metric on the 16 designs with a reported kcat/KM; ranked among the 36 items (main-set metrics that the plates define, reference rows)",0,complete,public,12,"Ramachandran (Rosetta, site)",rosetta_cat_rama_prepro,main,M1,Rosetta energy (site-scoped),16,-0.3838,-0.8231,0.1496,0,lower activity,-0.0932,"descriptive only (human ruling 2026-08-09; relaxed on 2026-10-09 only for the AUROC of Table 4): Spearman rank correlation with log10 kcat/KM over the 16 designs that have a reported value (the other 176 have no measurement); no direction is fixed in advance, so ranked by the size of rho; 90% interval resamples designs; a 90% interval excludes 0 for about 10% of unrelated items, that is about 3.6 of the 36; rho_given_length partials the sequence length out of both sides; ranks 31 to 36 are in S22c (column rank_in_table_6)"
P6_PLATES_M1;P6_PLATES_M3 (16 designs with a reported kcat/KM),ranking,tables/spec/derived/p6_activity_ranking_native.csv;results/P6_m3/activity_ranking.csv;results/P6_m3/enrichment_summary.json,9b20a48548630921;aefe5ee084cd459d;0389a3d1fcc2f3fe,design,16,8,"design; the 8 backbone clusters that hold an active design are reported, intervals resample designs",,,,"one metric on the 16 designs with a reported kcat/KM; ranked among the 36 items (main-set metrics that the plates define, reference rows)",0,complete,public,13,"Repulsion (Rosetta, site)",rosetta_cat_fa_rep,main,M1,Rosetta energy (site-scoped),16,-0.3252,-0.7345,0.1749,0,lower activity,0.2051,"descriptive only (human ruling 2026-08-09; relaxed on 2026-10-09 only for the AUROC of Table 4): Spearman rank correlation with log10 kcat/KM over the 16 designs that have a reported value (the other 176 have no measurement); no direction is fixed in advance, so ranked by the size of rho; 90% interval resamples designs; a 90% interval excludes 0 for about 10% of unrelated items, that is about 3.6 of the 36; rho_given_length partials the sequence length out of both sides; ranks 31 to 36 are in S22c (column rank_in_table_6)"
P6_PLATES_M1;P6_PLATES_M3 (16 designs with a reported kcat/KM),ranking,tables/spec/derived/p6_activity_ranking_native.csv;results/P6_m3/activity_ranking.csv;results/P6_m3/enrichment_summary.json,9b20a48548630921;aefe5ee084cd459d;0389a3d1fcc2f3fe,design,16,8,"design; the 8 backbone clusters that hold an active design are reported, intervals resample designs",,,,"one metric on the 16 designs with a reported kcat/KM; ranked among the 36 items (main-set metrics that the plates define, reference rows)",0,complete,public,14,"pKa, mean (PROPKA)",propka_catalytic_pka_mean,main,M1,Catalytic pKa,16,-0.2973,-0.5717,0.0923,0,lower activity,0.0857,"descriptive only (human ruling 2026-08-09; relaxed on 2026-10-09 only for the AUROC of Table 4): Spearman rank correlation with log10 kcat/KM over the 16 designs that have a reported value (the other 176 have no measurement); no direction is fixed in advance, so ranked by the size of rho; 90% interval resamples designs; a 90% interval excludes 0 for about 10% of unrelated items, that is about 3.6 of the 36; rho_given_length partials the sequence length out of both sides; ranks 31 to 36 are in S22c (column rank_in_table_6)"
P6_PLATES_M1;P6_PLATES_M3 (16 designs with a reported kcat/KM),ranking,tables/spec/derived/p6_activity_ranking_native.csv;results/P6_m3/activity_ranking.csv;results/P6_m3/enrichment_summary.json,9b20a48548630921;aefe5ee084cd459d;0389a3d1fcc2f3fe,design,16,8,"design; the 8 backbone clusters that hold an active design are reported, intervals resample designs",,,,"one metric on the 16 designs with a reported kcat/KM; ranked among the 36 items (main-set metrics that the plates define, reference rows)",0,complete,public,15,"pKa shift, mean (PROPKA)",propka_catalytic_shift_mean,main,M1,Catalytic pKa,16,-0.2973,-0.5647,0.0942,0,lower activity,0.0857,"descriptive only (human ruling 2026-08-09; relaxed on 2026-10-09 only for the AUROC of Table 4): Spearman rank correlation with log10 kcat/KM over the 16 designs that have a reported value (the other 176 have no measurement); no direction is fixed in advance, so ranked by the size of rho; 90% interval resamples designs; a 90% interval excludes 0 for about 10% of unrelated items, that is about 3.6 of the 36; rho_given_length partials the sequence length out of both sides; ranks 31 to 36 are in S22c (column rank_in_table_6)"
P6_PLATES_M1;P6_PLATES_M3 (16 designs with a reported kcat/KM),ranking,tables/spec/derived/p6_activity_ranking_native.csv;results/P6_m3/activity_ranking.csv;results/P6_m3/enrichment_summary.json,9b20a48548630921;aefe5ee084cd459d;0389a3d1fcc2f3fe,design,16,8,"design; the 8 backbone clusters that hold an active design are reported, intervals resample designs",,,,"one metric on the 16 designs with a reported kcat/KM; ranked among the 36 items (main-set metrics that the plates define, reference rows)",0,complete,public,16,"Relative SASA, mean",catalytic_rel_sasa_mean,main,M1,Catalytic geometry (site-scoped),16,-0.2504,-0.7574,0.3067,0,lower activity,-0.3492,"descriptive only (human ruling 2026-08-09; relaxed on 2026-10-09 only for the AUROC of Table 4): Spearman rank correlation with log10 kcat/KM over the 16 designs that have a reported value (the other 176 have no measurement); no direction is fixed in advance, so ranked by the size of rho; 90% interval resamples designs; a 90% interval excludes 0 for about 10% of unrelated items, that is about 3.6 of the 36; rho_given_length partials the sequence length out of both sides; ranks 31 to 36 are in S22c (column rank_in_table_6)"
P6_PLATES_M1;P6_PLATES_M3 (16 designs with a reported kcat/KM),ranking,tables/spec/derived/p6_activity_ranking_native.csv;results/P6_m3/activity_ranking.csv;results/P6_m3/enrichment_summary.json,9b20a48548630921;aefe5ee084cd459d;0389a3d1fcc2f3fe,design,16,8,"design; the 8 backbone clusters that hold an active design are reported, intervals resample designs",,,,"one metric on the 16 designs with a reported kcat/KM; ranked among the 36 items (main-set metrics that the plates define, reference rows)",0,complete,public,17,Total SASA,catalytic_sasa_total,main,M1,Catalytic geometry (site-scoped),16,-0.2504,-0.7633,0.3026,0,lower activity,-0.3492,"descriptive only (human ruling 2026-08-09; relaxed on 2026-10-09 only for the AUROC of Table 4): Spearman rank correlation with log10 kcat/KM over the 16 designs that have a reported value (the other 176 have no measurement); no direction is fixed in advance, so ranked by the size of rho; 90% interval resamples designs; a 90% interval excludes 0 for about 10% of unrelated items, that is about 3.6 of the 36; rho_given_length partials the sequence length out of both sides; ranks 31 to 36 are in S22c (column rank_in_table_6)"
P6_PLATES_M1;P6_PLATES_M3 (16 designs with a reported kcat/KM),ranking,tables/spec/derived/p6_activity_ranking_native.csv;results/P6_m3/activity_ranking.csv;results/P6_m3/enrichment_summary.json,9b20a48548630921;aefe5ee084cd459d;0389a3d1fcc2f3fe,design,16,8,"design; the 8 backbone clusters that hold an active design are reported, intervals resample designs",,,,"one metric on the 16 designs with a reported kcat/KM; ranked among the 36 items (main-set metrics that the plates define, reference rows)",0,complete,public,18,"Relative SASA, max",catalytic_rel_sasa_max,main,M1,Catalytic geometry (site-scoped),16,-0.2498,-0.7563,0.2808,0,lower activity,-0.3363,"descriptive only (human ruling 2026-08-09; relaxed on 2026-10-09 only for the AUROC of Table 4): Spearman rank correlation with log10 kcat/KM over the 16 designs that have a reported value (the other 176 have no measurement); no direction is fixed in advance, so ranked by the size of rho; 90% interval resamples designs; a 90% interval excludes 0 for about 10% of unrelated items, that is about 3.6 of the 36; rho_given_length partials the sequence length out of both sides; ranks 31 to 36 are in S22c (column rank_in_table_6)"
P6_PLATES_M1;P6_PLATES_M3 (16 designs with a reported kcat/KM),ranking,tables/spec/derived/p6_activity_ranking_native.csv;results/P6_m3/activity_ranking.csv;results/P6_m3/enrichment_summary.json,9b20a48548630921;aefe5ee084cd459d;0389a3d1fcc2f3fe,design,16,8,"design; the 8 backbone clusters that hold an active design are reported, intervals resample designs",,,,"one metric on the 16 designs with a reported kcat/KM; ranked among the 36 items (main-set metrics that the plates define, reference rows)",0,complete,public,19,"Attraction (Rosetta, site)",rosetta_cat_fa_atr,main,M1,Rosetta energy (site-scoped),16,-0.2472,-0.656,0.2462,0,lower activity,-0.1992,"descriptive only (human ruling 2026-08-09; relaxed on 2026-10-09 only for the AUROC of Table 4): Spearman rank correlation with log10 kcat/KM over the 16 designs that have a reported value (the other 176 have no measurement); no direction is fixed in advance, so ranked by the size of rho; 90% interval resamples designs; a 90% interval excludes 0 for about 10% of unrelated items, that is about 3.6 of the 36; rho_given_length partials the sequence length out of both sides; ranks 31 to 36 are in S22c (column rank_in_table_6)"
P6_PLATES_M1;P6_PLATES_M3 (16 designs with a reported kcat/KM),ranking,tables/spec/derived/p6_activity_ranking_native.csv;results/P6_m3/activity_ranking.csv;results/P6_m3/enrichment_summary.json,9b20a48548630921;aefe5ee084cd459d;0389a3d1fcc2f3fe,design,16,8,"design; the 8 backbone clusters that hold an active design are reported, intervals resample designs",,,,"one metric on the 16 designs with a reported kcat/KM; ranked among the 36 items (main-set metrics that the plates define, reference rows)",0,complete,public,20,"Pairwise distance, max",catalytic_pairwise_dist_max,main,M1,Catalytic geometry (site-scoped),16,0.2335,-0.2644,0.6418,0,higher activity,0.258,"descriptive only (human ruling 2026-08-09; relaxed on 2026-10-09 only for the AUROC of Table 4): Spearman rank correlation with log10 kcat/KM over the 16 designs that have a reported value (the other 176 have no measurement); no direction is fixed in advance, so ranked by the size of rho; 90% interval resamples designs; a 90% interval excludes 0 for about 10% of unrelated items, that is about 3.6 of the 36; rho_given_length partials the sequence length out of both sides; ranks 31 to 36 are in S22c (column rank_in_table_6)"
P6_PLATES_M1;P6_PLATES_M3 (16 designs with a reported kcat/KM),ranking,tables/spec/derived/p6_activity_ranking_native.csv;results/P6_m3/activity_ranking.csv;results/P6_m3/enrichment_summary.json,9b20a48548630921;aefe5ee084cd459d;0389a3d1fcc2f3fe,design,16,8,"design; the 8 backbone clusters that hold an active design are reported, intervals resample designs",,,,"one metric on the 16 designs with a reported kcat/KM; ranked among the 36 items (main-set metrics that the plates define, reference rows)",0,complete,public,21,"Intra-residue repulsion (Rosetta, site)",rosetta_cat_fa_intra_rep,main,M1,Rosetta energy (site-scoped),16,-0.2305,-0.649,0.2955,0,lower activity,-0.4619,"descriptive only (human ruling 2026-08-09; relaxed on 2026-10-09 only for the AUROC of Table 4): Spearman rank correlation with log10 kcat/KM over the 16 designs that have a reported value (the other 176 have no measurement); no direction is fixed in advance, so ranked by the size of rho; 90% interval resamples designs; a 90% interval excludes 0 for about 10% of unrelated items, that is about 3.6 of the 36; rho_given_length partials the sequence length out of both sides; ranks 31 to 36 are in S22c (column rank_in_table_6)"
P6_PLATES_M1;P6_PLATES_M3 (16 designs with a reported kcat/KM),ranking,tables/spec/derived/p6_activity_ranking_native.csv;results/P6_m3/activity_ranking.csv;results/P6_m3/enrichment_summary.json,9b20a48548630921;aefe5ee084cd459d;0389a3d1fcc2f3fe,design,16,8,"design; the 8 backbone clusters that hold an active design are reported, intervals resample designs",,,,"one metric on the 16 designs with a reported kcat/KM; ranked among the 36 items (main-set metrics that the plates define, reference rows)",0,complete,public,22,"lk-ball solvation (Rosetta, site)",rosetta_cat_lk_ball_wtd,main,M1,Rosetta energy (site-scoped),16,-0.2104,-0.5261,0.1948,0,lower activity,0.0787,"descriptive only (human ruling 2026-08-09; relaxed on 2026-10-09 only for the AUROC of Table 4): Spearman rank correlation with log10 kcat/KM over the 16 designs that have a reported value (the other 176 have no measurement); no direction is fixed in advance, so ranked by the size of rho; 90% interval resamples designs; a 90% interval excludes 0 for about 10% of unrelated items, that is about 3.6 of the 36; rho_given_length partials the sequence length out of both sides; ranks 31 to 36 are in S22c (column rank_in_table_6)"
P6_PLATES_M1;P6_PLATES_M3 (16 designs with a reported kcat/KM),ranking,tables/spec/derived/p6_activity_ranking_native.csv;results/P6_m3/activity_ranking.csv;results/P6_m3/enrichment_summary.json,9b20a48548630921;aefe5ee084cd459d;0389a3d1fcc2f3fe,design,16,8,"design; the 8 backbone clusters that hold an active design are reported, intervals resample designs",,,,"one metric on the 16 designs with a reported kcat/KM; ranked among the 36 items (main-set metrics that the plates define, reference rows)",0,complete,public,23,"Electrostatics (Rosetta, site)",rosetta_cat_fa_elec,main,M1,Rosetta energy (site-scoped),16,-0.1898,-0.5799,0.2535,0,lower activity,-0.6135,"descriptive only (human ruling 2026-08-09; relaxed on 2026-10-09 only for the AUROC of Table 4): Spearman rank correlation with log10 kcat/KM over the 16 designs that have a reported value (the other 176 have no measurement); no direction is fixed in advance, so ranked by the size of rho; 90% interval resamples designs; a 90% interval excludes 0 for about 10% of unrelated items, that is about 3.6 of the 36; rho_given_length partials the sequence length out of both sides; ranks 31 to 36 are in S22c (column rank_in_table_6)"
P6_PLATES_M1;P6_PLATES_M3 (16 designs with a reported kcat/KM),ranking,tables/spec/derived/p6_activity_ranking_native.csv;results/P6_m3/activity_ranking.csv;results/P6_m3/enrichment_summary.json,9b20a48548630921;aefe5ee084cd459d;0389a3d1fcc2f3fe,design,16,8,"design; the 8 backbone clusters that hold an active design are reported, intervals resample designs",,,,"one metric on the 16 designs with a reported kcat/KM; ranked among the 36 items (main-set metrics that the plates define, reference rows)",0,complete,public,24,Per-chain pTM minimum (Chai-1),chai_per_chain_ptm_min_mean,main,M3,Interface confidence,16,0.1825,-0.3465,0.6577,0,higher activity,-0.0038,"descriptive only (human ruling 2026-08-09; relaxed on 2026-10-09 only for the AUROC of Table 4): Spearman rank correlation with log10 kcat/KM over the 16 designs that have a reported value (the other 176 have no measurement); no direction is fixed in advance, so ranked by the size of rho; 90% interval resamples designs; a 90% interval excludes 0 for about 10% of unrelated items, that is about 3.6 of the 36; rho_given_length partials the sequence length out of both sides; ranks 31 to 36 are in S22c (column rank_in_table_6)"
P6_PLATES_M1;P6_PLATES_M3 (16 designs with a reported kcat/KM),ranking,tables/spec/derived/p6_activity_ranking_native.csv;results/P6_m3/activity_ranking.csv;results/P6_m3/enrichment_summary.json,9b20a48548630921;aefe5ee084cd459d;0389a3d1fcc2f3fe,design,16,8,"design; the 8 backbone clusters that hold an active design are reported, intervals resample designs",,,,"one metric on the 16 designs with a reported kcat/KM; ranked among the 36 items (main-set metrics that the plates define, reference rows)",0,complete,public,25,"Rotamer, Dunbrack (Rosetta, site)",rosetta_cat_fa_dun,main,M1,Rosetta energy (site-scoped),16,0.1757,-0.3076,0.5723,0,higher activity,0.1068,"descriptive only (human ruling 2026-08-09; relaxed on 2026-10-09 only for the AUROC of Table 4): Spearman rank correlation with log10 kcat/KM over the 16 designs that have a reported value (the other 176 have no measurement); no direction is fixed in advance, so ranked by the size of rho; 90% interval resamples designs; a 90% interval excludes 0 for about 10% of unrelated items, that is about 3.6 of the 36; rho_given_length partials the sequence length out of both sides; ranks 31 to 36 are in S22c (column rank_in_table_6)"
P6_PLATES_M1;P6_PLATES_M3 (16 designs with a reported kcat/KM),ranking,tables/spec/derived/p6_activity_ranking_native.csv;results/P6_m3/activity_ranking.csv;results/P6_m3/enrichment_summary.json,9b20a48548630921;aefe5ee084cd459d;0389a3d1fcc2f3fe,design,16,8,"design; the 8 backbone clusters that hold an active design are reported, intervals resample designs",,,,"one metric on the 16 designs with a reported kcat/KM; ranked among the 36 items (main-set metrics that the plates define, reference rows)",0,complete,public,26,"H-bond, backbone to side chain (Rosetta, site)",rosetta_cat_hbond_bb_sc,main,M1,Rosetta energy (site-scoped),16,0.17,-0.2123,0.5152,0,higher activity,0.3243,"descriptive only (human ruling 2026-08-09; relaxed on 2026-10-09 only for the AUROC of Table 4): Spearman rank correlation with log10 kcat/KM over the 16 designs that have a reported value (the other 176 have no measurement); no direction is fixed in advance, so ranked by the size of rho; 90% interval resamples designs; a 90% interval excludes 0 for about 10% of unrelated items, that is about 3.6 of the 36; rho_given_length partials the sequence length out of both sides; ranks 31 to 36 are in S22c (column rank_in_table_6)"
P6_PLATES_M1;P6_PLATES_M3 (16 designs with a reported kcat/KM),ranking,tables/spec/derived/p6_activity_ranking_native.csv;results/P6_m3/activity_ranking.csv;results/P6_m3/enrichment_summary.json,9b20a48548630921;aefe5ee084cd459d;0389a3d1fcc2f3fe,design,16,8,"design; the 8 backbone clusters that hold an active design are reported, intervals resample designs",,,,"one metric on the 16 designs with a reported kcat/KM; ranked among the 36 items (main-set metrics that the plates define, reference rows)",0,complete,public,27,"pKa, max (PROPKA)",propka_catalytic_pka_max,main,M1,Catalytic pKa,16,-0.1571,-0.4891,0.2588,0,lower activity,0.1623,"descriptive only (human ruling 2026-08-09; relaxed on 2026-10-09 only for the AUROC of Table 4): Spearman rank correlation with log10 kcat/KM over the 16 designs that have a reported value (the other 176 have no measurement); no direction is fixed in advance, so ranked by the size of rho; 90% interval resamples designs; a 90% interval excludes 0 for about 10% of unrelated items, that is about 3.6 of the 36; rho_given_length partials the sequence length out of both sides; ranks 31 to 36 are in S22c (column rank_in_table_6)"
P6_PLATES_M1;P6_PLATES_M3 (16 designs with a reported kcat/KM),baseline,tables/spec/derived/p6_activity_ranking_native.csv;results/P6_m3/activity_ranking.csv;results/P6_m3/enrichment_summary.json,9b20a48548630921;aefe5ee084cd459d;0389a3d1fcc2f3fe,design,16,8,"design; the 8 backbone clusters that hold an active design are reported, intervals resample designs",,,,"one metric on the 16 designs with a reported kcat/KM; ranked among the 36 items (main-set metrics that the plates define, reference rows)",0,complete,public,28,pTM,chai_ptm_mean,reference,M3,Reference row,16,-0.1486,-0.635,0.4086,0,lower activity,-0.2649,"descriptive only (human ruling 2026-08-09; relaxed on 2026-10-09 only for the AUROC of Table 4): Spearman rank correlation with log10 kcat/KM over the 16 designs that have a reported value (the other 176 have no measurement); no direction is fixed in advance, so ranked by the size of rho; 90% interval resamples designs; a 90% interval excludes 0 for about 10% of unrelated items, that is about 3.6 of the 36; rho_given_length partials the sequence length out of both sides; ranks 31 to 36 are in S22c (column rank_in_table_6)"
P6_PLATES_M1;P6_PLATES_M3 (16 designs with a reported kcat/KM),baseline,tables/spec/derived/p6_activity_ranking_native.csv;results/P6_m3/activity_ranking.csv;results/P6_m3/enrichment_summary.json,9b20a48548630921;aefe5ee084cd459d;0389a3d1fcc2f3fe,design,16,8,"design; the 8 backbone clusters that hold an active design are reported, intervals resample designs",,,,"one metric on the 16 designs with a reported kcat/KM; ranked among the 36 items (main-set metrics that the plates define, reference rows)",0,complete,public,29,Tyrosine fraction,frac_Y,reference,M1,Reference row,16,-0.1438,-0.6792,0.4005,0,lower activity,0.0016,"descriptive only (human ruling 2026-08-09; relaxed on 2026-10-09 only for the AUROC of Table 4): Spearman rank correlation with log10 kcat/KM over the 16 designs that have a reported value (the other 176 have no measurement); no direction is fixed in advance, so ranked by the size of rho; 90% interval resamples designs; a 90% interval excludes 0 for about 10% of unrelated items, that is about 3.6 of the 36; rho_given_length partials the sequence length out of both sides; ranks 31 to 36 are in S22c (column rank_in_table_6)"
P6_PLATES_M1;P6_PLATES_M3 (16 designs with a reported kcat/KM),ranking,tables/spec/derived/p6_activity_ranking_native.csv;results/P6_m3/activity_ranking.csv;results/P6_m3/enrichment_summary.json,9b20a48548630921;aefe5ee084cd459d;0389a3d1fcc2f3fe,design,16,8,"design; the 8 backbone clusters that hold an active design are reported, intervals resample designs",,,,"one metric on the 16 designs with a reported kcat/KM; ranked among the 36 items (main-set metrics that the plates define, reference rows)",0,complete,public,30,"pKa, range (PROPKA)",propka_catalytic_pka_range,main,M1,Catalytic pKa,16,-0.1252,-0.5285,0.311,0,lower activity,-0.0703,"descriptive only (human ruling 2026-08-09; relaxed on 2026-10-09 only for the AUROC of Table 4): Spearman rank correlation with log10 kcat/KM over the 16 designs that have a reported value (the other 176 have no measurement); no direction is fixed in advance, so ranked by the size of rho; 90% interval resamples designs; a 90% interval excludes 0 for about 10% of unrelated items, that is about 3.6 of the 36; rho_given_length partials the sequence length out of both sides; ranks 31 to 36 are in S22c (column rank_in_table_6)"
