old_id,new_id,first_cited
S14,S1,methods.md:45
A5,S2,methods.md:68
S01,S3,methods.md:68
A3,S4,methods.md:68
S02,S5,methods.md:68
A4,S6,methods.md:68
S03,S7,methods.md:68
S17,S8,methods.md:96
S18,S9,methods.md:97
S17b,S10,methods.md:100
S19,S11,methods.md:102
S17c,S12,methods.md:104
S24,S13,methods.md:104
S17d,S14,methods.md:141
S14b,S15,methods.md:197
S16g,S16,methods.md:206
S20c,S17,methods.md:212
S20a,S18,methods.md:251
S20b,S19,methods.md:251
S21,S20,methods.md:251
S22d,S21,methods.md:260
S22c,S22,methods.md:264
S22b,S23,methods.md:266
S22a,S24,methods.md:278
S23,S25,methods.md:278
S05,S26,methods.md:292
S06a,S27,methods.md:296
S06b,S28,methods.md:296
S26,S29,methods.md:314
S28,S30,methods.md:316
S29,S31,methods.md:316
S10,S32,methods.md:317
S16f,S33,methods.md:323
S04a,S34,methods.md:349
S04b,S35,methods.md:349
S07,S36,methods.md:349
S12,S37,methods.md:349
S16a,S38,methods.md:355
S16e,S39,methods.md:355
S16b,S40,methods.md:355
S16c,S41,methods.md:357
S16d,S42,methods.md:357
S11,S43,methods.md:361
S15,S44,methods.md:361
S12b,S45,methods.md:365
S09,S46,methods.md:366
S08,S47,methods.md:368
S13,S48,methods.md:368
S27,S49,methods.md:377
